COUNTY_ID,FYEAR,YIELD,model,prediction
IA_ADAIR,2010,139.1,global_mean,145.8535487593768
IA_ADAMS,2010,139.3,global_mean,145.8535487593768
IA_ALLAMAKEE,2010,175.8,global_mean,145.8535487593768
IA_APPANOOSE,2010,75.2,global_mean,145.8535487593768
IA_AUDUBON,2010,160.3,global_mean,145.8535487593768
IA_BENTON,2010,179.0,global_mean,145.8535487593768
IA_BLACK_HAWK,2010,170.4,global_mean,145.8535487593768
IA_BOONE,2010,162.5,global_mean,145.8535487593768
IA_BREMER,2010,174.6,global_mean,145.8535487593768
IA_BUCHANAN,2010,167.5,global_mean,145.8535487593768
IA_BUENA_VISTA,2010,178.3,global_mean,145.8535487593768
IA_BUTLER,2010,180.5,global_mean,145.8535487593768
IA_CALHOUN,2010,173.3,global_mean,145.8535487593768
IA_CARROLL,2010,182.0,global_mean,145.8535487593768
IA_CASS,2010,155.1,global_mean,145.8535487593768
IA_CEDAR,2010,174.4,global_mean,145.8535487593768
IA_CERRO_GORDO,2010,173.0,global_mean,145.8535487593768
IA_CHEROKEE,2010,186.9,global_mean,145.8535487593768
IA_CHICKASAW,2010,182.0,global_mean,145.8535487593768
IA_CLARKE,2010,84.5,global_mean,145.8535487593768
IA_CLAY,2010,177.6,global_mean,145.8535487593768
IA_CLAYTON,2010,176.9,global_mean,145.8535487593768
IA_CLINTON,2010,171.2,global_mean,145.8535487593768
IA_CRAWFORD,2010,185.8,global_mean,145.8535487593768
IA_DALLAS,2010,141.9,global_mean,145.8535487593768
IA_DAVIS,2010,84.0,global_mean,145.8535487593768
IA_DECATUR,2010,94.3,global_mean,145.8535487593768
IA_DELAWARE,2010,175.8,global_mean,145.8535487593768
IA_DES_MOINES,2010,112.1,global_mean,145.8535487593768
IA_DICKINSON,2010,181.0,global_mean,145.8535487593768
IA_DUBUQUE,2010,170.4,global_mean,145.8535487593768
IA_EMMET,2010,183.1,global_mean,145.8535487593768
IA_FAYETTE,2010,166.5,global_mean,145.8535487593768
IA_FLOYD,2010,177.8,global_mean,145.8535487593768
IA_FRANKLIN,2010,168.0,global_mean,145.8535487593768
IA_FREMONT,2010,152.7,global_mean,145.8535487593768
IA_GREENE,2010,167.3,global_mean,145.8535487593768
IA_GRUNDY,2010,192.9,global_mean,145.8535487593768
IA_GUTHRIE,2010,141.3,global_mean,145.8535487593768
IA_HAMILTON,2010,169.6,global_mean,145.8535487593768
IA_HANCOCK,2010,176.9,global_mean,145.8535487593768
IA_HARDIN,2010,185.8,global_mean,145.8535487593768
IA_HARRISON,2010,159.4,global_mean,145.8535487593768
IA_HENRY,2010,109.0,global_mean,145.8535487593768
IA_HOWARD,2010,191.4,global_mean,145.8535487593768
IA_HUMBOLDT,2010,153.2,global_mean,145.8535487593768
IA_IDA,2010,191.8,global_mean,145.8535487593768
IA_IOWA,2010,158.5,global_mean,145.8535487593768
IA_JACKSON,2010,157.2,global_mean,145.8535487593768
IA_JASPER,2010,152.7,global_mean,145.8535487593768
IA_JEFFERSON,2010,98.5,global_mean,145.8535487593768
IA_JOHNSON,2010,150.9,global_mean,145.8535487593768
IA_JONES,2010,168.9,global_mean,145.8535487593768
IA_KEOKUK,2010,111.2,global_mean,145.8535487593768
IA_KOSSUTH,2010,184.0,global_mean,145.8535487593768
IA_LEE,2010,103.2,global_mean,145.8535487593768
IA_LINN,2010,170.3,global_mean,145.8535487593768
IA_LOUISA,2010,125.1,global_mean,145.8535487593768
IA_LUCAS,2010,71.2,global_mean,145.8535487593768
IA_LYON,2010,195.2,global_mean,145.8535487593768
IA_MADISON,2010,124.6,global_mean,145.8535487593768
IA_MAHASKA,2010,116.6,global_mean,145.8535487593768
IA_MARION,2010,112.7,global_mean,145.8535487593768
IA_MARSHALL,2010,183.3,global_mean,145.8535487593768
IA_MILLS,2010,160.2,global_mean,145.8535487593768
IA_MITCHELL,2010,190.5,global_mean,145.8535487593768
IA_MONONA,2010,168.7,global_mean,145.8535487593768
IA_MONROE,2010,77.4,global_mean,145.8535487593768
IA_MONTGOMERY,2010,157.0,global_mean,145.8535487593768
IA_MUSCATINE,2010,144.8,global_mean,145.8535487593768
IA_OSCEOLA,2010,192.7,global_mean,145.8535487593768
IA_PAGE,2010,150.1,global_mean,145.8535487593768
IA_PALO_ALTO,2010,174.0,global_mean,145.8535487593768
IA_PLYMOUTH,2010,184.7,global_mean,145.8535487593768
IA_POCAHONTAS,2010,172.6,global_mean,145.8535487593768
IA_POLK,2010,139.4,global_mean,145.8535487593768
IA_POTTAWATTAMIE,2010,164.8,global_mean,145.8535487593768
IA_POWESHIEK,2010,153.2,global_mean,145.8535487593768
IA_RINGGOLD,2010,94.1,global_mean,145.8535487593768
IA_SAC,2010,189.7,global_mean,145.8535487593768
IA_SCOTT,2010,151.9,global_mean,145.8535487593768
IA_SHELBY,2010,171.6,global_mean,145.8535487593768
IA_SIOUX,2010,196.5,global_mean,145.8535487593768
IA_STORY,2010,163.9,global_mean,145.8535487593768
IA_TAMA,2010,176.7,global_mean,145.8535487593768
IA_TAYLOR,2010,122.2,global_mean,145.8535487593768
IA_UNION,2010,113.2,global_mean,145.8535487593768
IA_VAN_BUREN,2010,90.8,global_mean,145.8535487593768
IA_WAPELLO,2010,100.2,global_mean,145.8535487593768
IA_WARREN,2010,102.4,global_mean,145.8535487593768
IA_WASHINGTON,2010,132.5,global_mean,145.8535487593768
IA_WAYNE,2010,73.1,global_mean,145.8535487593768
IA_WEBSTER,2010,168.4,global_mean,145.8535487593768
IA_WINNESHIEK,2010,190.5,global_mean,145.8535487593768
IA_WOODBURY,2010,164.3,global_mean,145.8535487593768
IA_WRIGHT,2010,150.0,global_mean,145.8535487593768
IL_ADAMS,2010,121.9,global_mean,145.8535487593768
IL_ALEXANDER,2010,142.8,global_mean,145.8535487593768
IL_BOND,2010,152.6,global_mean,145.8535487593768
IL_BOONE,2010,182.5,global_mean,145.8535487593768
IL_BROWN,2010,119.5,global_mean,145.8535487593768
IL_BUREAU,2010,166.7,global_mean,145.8535487593768
IL_CALHOUN,2010,156.6,global_mean,145.8535487593768
IL_CARROLL,2010,189.8,global_mean,145.8535487593768
IL_CASS,2010,148.6,global_mean,145.8535487593768
IL_CHAMPAIGN,2010,169.5,global_mean,145.8535487593768
IL_CHRISTIAN,2010,157.0,global_mean,145.8535487593768
IL_CLARK,2010,149.1,global_mean,145.8535487593768
IL_CLAY,2010,145.9,global_mean,145.8535487593768
IL_CLINTON,2010,162.7,global_mean,145.8535487593768
IL_COLES,2010,167.0,global_mean,145.8535487593768
IL_COOK,2010,145.7,global_mean,145.8535487593768
IL_CRAWFORD,2010,143.2,global_mean,145.8535487593768
IL_CUMBERLAND,2010,146.7,global_mean,145.8535487593768
IL_DE_WITT,2010,161.1,global_mean,145.8535487593768
IL_DOUGLAS,2010,172.8,global_mean,145.8535487593768
IL_EDGAR,2010,163.3,global_mean,145.8535487593768
IL_EDWARDS,2010,146.5,global_mean,145.8535487593768
IL_EFFINGHAM,2010,157.9,global_mean,145.8535487593768
IL_FAYETTE,2010,159.3,global_mean,145.8535487593768
IL_FORD,2010,143.9,global_mean,145.8535487593768
IL_FRANKLIN,2010,111.4,global_mean,145.8535487593768
IL_FULTON,2010,136.8,global_mean,145.8535487593768
IL_GALLATIN,2010,141.5,global_mean,145.8535487593768
IL_GREENE,2010,161.6,global_mean,145.8535487593768
IL_GRUNDY,2010,159.2,global_mean,145.8535487593768
IL_HAMILTON,2010,140.4,global_mean,145.8535487593768
IL_HANCOCK,2010,116.9,global_mean,145.8535487593768
IL_HENDERSON,2010,143.8,global_mean,145.8535487593768
IL_HENRY,2010,158.8,global_mean,145.8535487593768
IL_IROQUOIS,2010,144.7,global_mean,145.8535487593768
IL_JACKSON,2010,114.9,global_mean,145.8535487593768
IL_JASPER,2010,142.8,global_mean,145.8535487593768
IL_JEFFERSON,2010,124.5,global_mean,145.8535487593768
IL_JERSEY,2010,169.9,global_mean,145.8535487593768
IL_JOHNSON,2010,106.4,global_mean,145.8535487593768
IL_JO_DAVIESS,2010,176.9,global_mean,145.8535487593768
IL_KANE,2010,178.2,global_mean,145.8535487593768
IL_KANKAKEE,2010,149.6,global_mean,145.8535487593768
IL_KENDALL,2010,168.6,global_mean,145.8535487593768
IL_KNOX,2010,159.9,global_mean,145.8535487593768
IL_LAWRENCE,2010,156.9,global_mean,145.8535487593768
IL_LEE,2010,173.6,global_mean,145.8535487593768
IL_LIVINGSTON,2010,166.6,global_mean,145.8535487593768
IL_LOGAN,2010,155.7,global_mean,145.8535487593768
IL_MACON,2010,168.5,global_mean,145.8535487593768
IL_MACOUPIN,2010,146.9,global_mean,145.8535487593768
IL_MADISON,2010,166.3,global_mean,145.8535487593768
IL_MARION,2010,149.7,global_mean,145.8535487593768
IL_MARSHALL,2010,163.3,global_mean,145.8535487593768
IL_MASON,2010,141.0,global_mean,145.8535487593768
IL_MASSAC,2010,126.0,global_mean,145.8535487593768
IL_MCDONOUGH,2010,141.8,global_mean,145.8535487593768
IL_MCHENRY,2010,171.4,global_mean,145.8535487593768
IL_MCLEAN,2010,169.5,global_mean,145.8535487593768
IL_MENARD,2010,145.6,global_mean,145.8535487593768
IL_MERCER,2010,142.4,global_mean,145.8535487593768
IL_MONROE,2010,143.6,global_mean,145.8535487593768
IL_MONTGOMERY,2010,156.3,global_mean,145.8535487593768
IL_MORGAN,2010,146.5,global_mean,145.8535487593768
IL_MOULTRIE,2010,175.1,global_mean,145.8535487593768
IL_OGLE,2010,183.4,global_mean,145.8535487593768
IL_PEORIA,2010,157.6,global_mean,145.8535487593768
IL_PERRY,2010,117.6,global_mean,145.8535487593768
IL_PIATT,2010,164.5,global_mean,145.8535487593768
IL_PIKE,2010,137.5,global_mean,145.8535487593768
IL_PULASKI,2010,136.5,global_mean,145.8535487593768
IL_PUTNAM,2010,163.8,global_mean,145.8535487593768
IL_RANDOLPH,2010,130.3,global_mean,145.8535487593768
IL_RICHLAND,2010,144.3,global_mean,145.8535487593768
IL_ROCK_ISLAND,2010,163.9,global_mean,145.8535487593768
IL_SALINE,2010,133.3,global_mean,145.8535487593768
IL_SANGAMON,2010,154.5,global_mean,145.8535487593768
IL_SCHUYLER,2010,129.7,global_mean,145.8535487593768
IL_SCOTT,2010,139.5,global_mean,145.8535487593768
IL_SHELBY,2010,162.9,global_mean,145.8535487593768
IL_STARK,2010,165.9,global_mean,145.8535487593768
IL_STEPHENSON,2010,180.8,global_mean,145.8535487593768
IL_TAZEWELL,2010,163.4,global_mean,145.8535487593768
IL_UNION,2010,114.3,global_mean,145.8535487593768
IL_VERMILION,2010,166.3,global_mean,145.8535487593768
IL_WABASH,2010,146.6,global_mean,145.8535487593768
IL_WARREN,2010,152.9,global_mean,145.8535487593768
IL_WASHINGTON,2010,144.3,global_mean,145.8535487593768
IL_WAYNE,2010,138.8,global_mean,145.8535487593768
IL_WHITE,2010,155.4,global_mean,145.8535487593768
IL_WHITESIDE,2010,164.4,global_mean,145.8535487593768
IL_WILL,2010,158.3,global_mean,145.8535487593768
IL_WILLIAMSON,2010,124.6,global_mean,145.8535487593768
IL_WINNEBAGO,2010,172.5,global_mean,145.8535487593768
IL_WOODFORD,2010,171.5,global_mean,145.8535487593768
IN_ADAMS,2010,143.6,global_mean,145.8535487593768
IN_ALLEN,2010,150.7,global_mean,145.8535487593768
IN_BARTHOLOMEW,2010,129.9,global_mean,145.8535487593768
IN_BENTON,2010,165.9,global_mean,145.8535487593768
IN_BLACKFORD,2010,149.7,global_mean,145.8535487593768
IN_BOONE,2010,154.9,global_mean,145.8535487593768
IN_BROWN,2010,83.9,global_mean,145.8535487593768
IN_CARROLL,2010,170.1,global_mean,145.8535487593768
IN_CASS,2010,148.3,global_mean,145.8535487593768
IN_CLARK,2010,136.9,global_mean,145.8535487593768
IN_CLAY,2010,157.2,global_mean,145.8535487593768
IN_CLINTON,2010,178.5,global_mean,145.8535487593768
IN_CRAWFORD,2010,136.3,global_mean,145.8535487593768
IN_DAVIESS,2010,160.3,global_mean,145.8535487593768
IN_DEARBORN,2010,124.4,global_mean,145.8535487593768
IN_DECATUR,2010,157.3,global_mean,145.8535487593768
IN_DELAWARE,2010,153.7,global_mean,145.8535487593768
IN_DUBOIS,2010,154.5,global_mean,145.8535487593768
IN_ELKHART,2010,155.0,global_mean,145.8535487593768
IN_FAYETTE,2010,149.5,global_mean,145.8535487593768
IN_FLOYD,2010,147.6,global_mean,145.8535487593768
IN_FOUNTAIN,2010,175.6,global_mean,145.8535487593768
IN_FRANKLIN,2010,159.8,global_mean,145.8535487593768
IN_FULTON,2010,169.8,global_mean,145.8535487593768
IN_GIBSON,2010,155.0,global_mean,145.8535487593768
IN_GRANT,2010,158.4,global_mean,145.8535487593768
IN_GREENE,2010,125.8,global_mean,145.8535487593768
IN_HAMILTON,2010,174.7,global_mean,145.8535487593768
IN_HANCOCK,2010,153.5,global_mean,145.8535487593768
IN_HARRISON,2010,130.0,global_mean,145.8535487593768
IN_HENDRICKS,2010,162.5,global_mean,145.8535487593768
IN_HENRY,2010,160.9,global_mean,145.8535487593768
IN_HOWARD,2010,169.4,global_mean,145.8535487593768
IN_HUNTINGTON,2010,166.9,global_mean,145.8535487593768
IN_JACKSON,2010,126.1,global_mean,145.8535487593768
IN_JASPER,2010,162.5,global_mean,145.8535487593768
IN_JAY,2010,140.2,global_mean,145.8535487593768
IN_JEFFERSON,2010,127.4,global_mean,145.8535487593768
IN_JENNINGS,2010,131.1,global_mean,145.8535487593768
IN_JOHNSON,2010,140.2,global_mean,145.8535487593768
IN_KNOX,2010,163.8,global_mean,145.8535487593768
IN_KOSCIUSKO,2010,167.1,global_mean,145.8535487593768
IN_LAGRANGE,2010,126.0,global_mean,145.8535487593768
IN_LAKE,2010,156.2,global_mean,145.8535487593768
IN_LAWRENCE,2010,138.9,global_mean,145.8535487593768
IN_MADISON,2010,168.4,global_mean,145.8535487593768
IN_MARION,2010,157.2,global_mean,145.8535487593768
IN_MARSHALL,2010,164.3,global_mean,145.8535487593768
IN_MARTIN,2010,149.5,global_mean,145.8535487593768
IN_MIAMI,2010,157.9,global_mean,145.8535487593768
IN_MONROE,2010,138.6,global_mean,145.8535487593768
IN_MONTGOMERY,2010,172.5,global_mean,145.8535487593768
IN_MORGAN,2010,143.2,global_mean,145.8535487593768
IN_NEWTON,2010,169.9,global_mean,145.8535487593768
IN_NOBLE,2010,142.4,global_mean,145.8535487593768
IN_ORANGE,2010,149.4,global_mean,145.8535487593768
IN_OWEN,2010,142.4,global_mean,145.8535487593768
IN_PARKE,2010,164.9,global_mean,145.8535487593768
IN_PERRY,2010,132.6,global_mean,145.8535487593768
IN_PIKE,2010,146.1,global_mean,145.8535487593768
IN_PORTER,2010,168.2,global_mean,145.8535487593768
IN_POSEY,2010,146.6,global_mean,145.8535487593768
IN_PULASKI,2010,165.2,global_mean,145.8535487593768
IN_PUTNAM,2010,160.6,global_mean,145.8535487593768
IN_RANDOLPH,2010,156.9,global_mean,145.8535487593768
IN_RIPLEY,2010,135.6,global_mean,145.8535487593768
IN_RUSH,2010,151.4,global_mean,145.8535487593768
IN_SCOTT,2010,144.1,global_mean,145.8535487593768
IN_SHELBY,2010,139.7,global_mean,145.8535487593768
IN_SPENCER,2010,139.8,global_mean,145.8535487593768
IN_ST._JOSEPH,2010,159.4,global_mean,145.8535487593768
IN_STARKE,2010,149.5,global_mean,145.8535487593768
IN_STEUBEN,2010,134.1,global_mean,145.8535487593768
IN_SULLIVAN,2010,159.2,global_mean,145.8535487593768
IN_TIPPECANOE,2010,175.1,global_mean,145.8535487593768
IN_TIPTON,2010,181.6,global_mean,145.8535487593768
IN_UNION,2010,176.4,global_mean,145.8535487593768
IN_VANDERBURGH,2010,143.0,global_mean,145.8535487593768
IN_VERMILLION,2010,161.7,global_mean,145.8535487593768
IN_VIGO,2010,151.7,global_mean,145.8535487593768
IN_WABASH,2010,161.8,global_mean,145.8535487593768
IN_WARREN,2010,162.6,global_mean,145.8535487593768
IN_WARRICK,2010,142.7,global_mean,145.8535487593768
IN_WASHINGTON,2010,123.6,global_mean,145.8535487593768
IN_WAYNE,2010,160.3,global_mean,145.8535487593768
IN_WELLS,2010,156.8,global_mean,145.8535487593768
IN_WHITE,2010,167.0,global_mean,145.8535487593768
IN_WHITLEY,2010,153.7,global_mean,145.8535487593768
MI_ALLEGAN,2010,151.1,global_mean,145.8535487593768
MI_ARENAC,2010,151.5,global_mean,145.8535487593768
MI_BARRY,2010,145.4,global_mean,145.8535487593768
MI_BAY,2010,162.4,global_mean,145.8535487593768
MI_BERRIEN,2010,158.1,global_mean,145.8535487593768
MI_BRANCH,2010,143.9,global_mean,145.8535487593768
MI_CALHOUN,2010,148.3,global_mean,145.8535487593768
MI_CASS,2010,167.3,global_mean,145.8535487593768
MI_CLINTON,2010,136.8,global_mean,145.8535487593768
MI_EATON,2010,160.7,global_mean,145.8535487593768
MI_GENESEE,2010,130.4,global_mean,145.8535487593768
MI_GRATIOT,2010,143.7,global_mean,145.8535487593768
MI_HILLSDALE,2010,139.7,global_mean,145.8535487593768
MI_HURON,2010,171.4,global_mean,145.8535487593768
MI_INGHAM,2010,157.7,global_mean,145.8535487593768
MI_IONIA,2010,159.2,global_mean,145.8535487593768
MI_JACKSON,2010,140.0,global_mean,145.8535487593768
MI_KALAMAZOO,2010,154.5,global_mean,145.8535487593768
MI_KENT,2010,147.6,global_mean,145.8535487593768
MI_LAPEER,2010,138.5,global_mean,145.8535487593768
MI_LENAWEE,2010,155.7,global_mean,145.8535487593768
MI_LIVINGSTON,2010,144.2,global_mean,145.8535487593768
MI_MACOMB,2010,139.7,global_mean,145.8535487593768
MI_MIDLAND,2010,159.8,global_mean,145.8535487593768
MI_MONROE,2010,153.0,global_mean,145.8535487593768
MI_MONTCALM,2010,135.1,global_mean,145.8535487593768
MI_MUSKEGON,2010,153.1,global_mean,145.8535487593768
MI_NEWAYGO,2010,136.6,global_mean,145.8535487593768
MI_OAKLAND,2010,123.7,global_mean,145.8535487593768
MI_OCEANA,2010,145.2,global_mean,145.8535487593768
MI_OTTAWA,2010,146.0,global_mean,145.8535487593768
MI_SAGINAW,2010,142.4,global_mean,145.8535487593768
MI_SANILAC,2010,153.9,global_mean,145.8535487593768
MI_SHIAWASSEE,2010,131.7,global_mean,145.8535487593768
MI_TUSCOLA,2010,147.5,global_mean,145.8535487593768
MI_VAN_BUREN,2010,164.9,global_mean,145.8535487593768
MI_WASHTENAW,2010,142.0,global_mean,145.8535487593768
MI_WAYNE,2010,134.6,global_mean,145.8535487593768
MN_BLUE_EARTH,2010,174.1,global_mean,145.8535487593768
MN_BROWN,2010,186.2,global_mean,145.8535487593768
MN_CHIPPEWA,2010,180.8,global_mean,145.8535487593768
MN_FILLMORE,2010,187.6,global_mean,145.8535487593768
MN_GOODHUE,2010,193.8,global_mean,145.8535487593768
MN_HOUSTON,2010,180.3,global_mean,145.8535487593768
MN_MARTIN,2010,188.0,global_mean,145.8535487593768
MN_MURRAY,2010,186.3,global_mean,145.8535487593768
MN_NICOLLET,2010,176.7,global_mean,145.8535487593768
MN_NOBLES,2010,179.8,global_mean,145.8535487593768
MN_PIPESTONE,2010,172.4,global_mean,145.8535487593768
MN_REDWOOD,2010,184.0,global_mean,145.8535487593768
MN_RENVILLE,2010,186.1,global_mean,145.8535487593768
MN_ROCK,2010,189.2,global_mean,145.8535487593768
MN_WABASHA,2010,185.9,global_mean,145.8535487593768
MN_WINONA,2010,185.2,global_mean,145.8535487593768
MN_YELLOW_MEDICINE,2010,173.8,global_mean,145.8535487593768
MO_ADAIR,2010,85.6,global_mean,145.8535487593768
MO_ANDREW,2010,111.2,global_mean,145.8535487593768
MO_ATCHISON,2010,149.4,global_mean,145.8535487593768
MO_AUDRAIN,2010,122.3,global_mean,145.8535487593768
MO_BARTON,2010,137.6,global_mean,145.8535487593768
MO_BATES,2010,119.0,global_mean,145.8535487593768
MO_BENTON,2010,123.9,global_mean,145.8535487593768
MO_BOLLINGER,2010,110.0,global_mean,145.8535487593768
MO_BOONE,2010,115.0,global_mean,145.8535487593768
MO_BUCHANAN,2010,127.8,global_mean,145.8535487593768
MO_BUTLER,2010,126.0,global_mean,145.8535487593768
MO_CALDWELL,2010,106.5,global_mean,145.8535487593768
MO_CALLAWAY,2010,136.0,global_mean,145.8535487593768
MO_CAPE_GIRARDEAU,2010,134.8,global_mean,145.8535487593768
MO_CARROLL,2010,112.5,global_mean,145.8535487593768
MO_CASS,2010,109.8,global_mean,145.8535487593768
MO_CEDAR,2010,126.6,global_mean,145.8535487593768
MO_CHARITON,2010,108.7,global_mean,145.8535487593768
MO_CLARK,2010,82.9,global_mean,145.8535487593768
MO_CLAY,2010,134.4,global_mean,145.8535487593768
MO_CLINTON,2010,119.6,global_mean,145.8535487593768
MO_COLE,2010,132.2,global_mean,145.8535487593768
MO_COOPER,2010,130.4,global_mean,145.8535487593768
MO_DADE,2010,107.8,global_mean,145.8535487593768
MO_DAVIESS,2010,104.5,global_mean,145.8535487593768
MO_DUNKLIN,2010,150.0,global_mean,145.8535487593768
MO_FRANKLIN,2010,124.0,global_mean,145.8535487593768
MO_GASCONADE,2010,112.7,global_mean,145.8535487593768
MO_GENTRY,2010,93.8,global_mean,145.8535487593768
MO_GRUNDY,2010,109.1,global_mean,145.8535487593768
MO_HARRISON,2010,100.2,global_mean,145.8535487593768
MO_HENRY,2010,98.6,global_mean,145.8535487593768
MO_HOLT,2010,149.4,global_mean,145.8535487593768
MO_HOWARD,2010,123.4,global_mean,145.8535487593768
MO_JACKSON,2010,134.1,global_mean,145.8535487593768
MO_JASPER,2010,128.6,global_mean,145.8535487593768
MO_JEFFERSON,2010,115.9,global_mean,145.8535487593768
MO_JOHNSON,2010,106.2,global_mean,145.8535487593768
MO_KNOX,2010,98.0,global_mean,145.8535487593768
MO_LAFAYETTE,2010,135.6,global_mean,145.8535487593768
MO_LAWRENCE,2010,92.6,global_mean,145.8535487593768
MO_LEWIS,2010,95.1,global_mean,145.8535487593768
MO_LINCOLN,2010,138.0,global_mean,145.8535487593768
MO_LINN,2010,107.2,global_mean,145.8535487593768
MO_LIVINGSTON,2010,105.4,global_mean,145.8535487593768
MO_MACON,2010,96.7,global_mean,145.8535487593768
MO_MARION,2010,115.1,global_mean,145.8535487593768
MO_MERCER,2010,102.4,global_mean,145.8535487593768
MO_MISSISSIPPI,2010,148.0,global_mean,145.8535487593768
MO_MONITEAU,2010,110.9,global_mean,145.8535487593768
MO_MONROE,2010,102.5,global_mean,145.8535487593768
MO_MONTGOMERY,2010,126.0,global_mean,145.8535487593768
MO_MORGAN,2010,119.1,global_mean,145.8535487593768
MO_NEW_MADRID,2010,157.2,global_mean,145.8535487593768
MO_NODAWAY,2010,121.3,global_mean,145.8535487593768
MO_PEMISCOT,2010,140.0,global_mean,145.8535487593768
MO_PERRY,2010,132.1,global_mean,145.8535487593768
MO_PETTIS,2010,108.8,global_mean,145.8535487593768
MO_PIKE,2010,131.0,global_mean,145.8535487593768
MO_PLATTE,2010,133.5,global_mean,145.8535487593768
MO_PUTNAM,2010,93.0,global_mean,145.8535487593768
MO_RALLS,2010,121.2,global_mean,145.8535487593768
MO_RANDOLPH,2010,96.8,global_mean,145.8535487593768
MO_RAY,2010,120.4,global_mean,145.8535487593768
MO_SALINE,2010,140.5,global_mean,145.8535487593768
MO_SCHUYLER,2010,74.7,global_mean,145.8535487593768
MO_SCOTLAND,2010,81.8,global_mean,145.8535487593768
MO_SCOTT,2010,150.6,global_mean,145.8535487593768
MO_SHELBY,2010,92.0,global_mean,145.8535487593768
MO_STODDARD,2010,136.4,global_mean,145.8535487593768
MO_SULLIVAN,2010,91.8,global_mean,145.8535487593768
MO_VERNON,2010,122.9,global_mean,145.8535487593768
MO_WARREN,2010,126.3,global_mean,145.8535487593768
MO_WAYNE,2010,77.0,global_mean,145.8535487593768
MO_WORTH,2010,93.3,global_mean,145.8535487593768
OH_ADAMS,2010,122.9,global_mean,145.8535487593768
OH_ALLEN,2010,166.4,global_mean,145.8535487593768
OH_ASHLAND,2010,153.2,global_mean,145.8535487593768
OH_ASHTABULA,2010,151.6,global_mean,145.8535487593768
OH_AUGLAIZE,2010,154.1,global_mean,145.8535487593768
OH_BROWN,2010,141.2,global_mean,145.8535487593768
OH_BUTLER,2010,152.8,global_mean,145.8535487593768
OH_CHAMPAIGN,2010,174.3,global_mean,145.8535487593768
OH_CLARK,2010,179.3,global_mean,145.8535487593768
OH_CLERMONT,2010,153.5,global_mean,145.8535487593768
OH_CLINTON,2010,174.6,global_mean,145.8535487593768
OH_COLUMBIANA,2010,146.1,global_mean,145.8535487593768
OH_COSHOCTON,2010,157.1,global_mean,145.8535487593768
OH_CRAWFORD,2010,168.6,global_mean,145.8535487593768
OH_DARKE,2010,166.5,global_mean,145.8535487593768
OH_DEFIANCE,2010,140.2,global_mean,145.8535487593768
OH_DELAWARE,2010,161.2,global_mean,145.8535487593768
OH_ERIE,2010,181.6,global_mean,145.8535487593768
OH_FAIRFIELD,2010,168.3,global_mean,145.8535487593768
OH_FAYETTE,2010,168.5,global_mean,145.8535487593768
OH_FRANKLIN,2010,156.8,global_mean,145.8535487593768
OH_FULTON,2010,162.1,global_mean,145.8535487593768
OH_GREENE,2010,189.0,global_mean,145.8535487593768
OH_GUERNSEY,2010,148.6,global_mean,145.8535487593768
OH_HAMILTON,2010,165.0,global_mean,145.8535487593768
OH_HANCOCK,2010,156.9,global_mean,145.8535487593768
OH_HARDIN,2010,161.3,global_mean,145.8535487593768
OH_HENRY,2010,161.7,global_mean,145.8535487593768
OH_HIGHLAND,2010,154.3,global_mean,145.8535487593768
OH_HOCKING,2010,157.8,global_mean,145.8535487593768
OH_HOLMES,2010,157.7,global_mean,145.8535487593768
OH_HURON,2010,154.0,global_mean,145.8535487593768
OH_KNOX,2010,152.7,global_mean,145.8535487593768
OH_LICKING,2010,160.4,global_mean,145.8535487593768
OH_LOGAN,2010,159.3,global_mean,145.8535487593768
OH_LORAIN,2010,152.2,global_mean,145.8535487593768
OH_LUCAS,2010,171.0,global_mean,145.8535487593768
OH_MADISON,2010,171.3,global_mean,145.8535487593768
OH_MAHONING,2010,145.5,global_mean,145.8535487593768
OH_MARION,2010,164.1,global_mean,145.8535487593768
OH_MEDINA,2010,149.4,global_mean,145.8535487593768
OH_MERCER,2010,152.9,global_mean,145.8535487593768
OH_MIAMI,2010,172.7,global_mean,145.8535487593768
OH_MONTGOMERY,2010,162.1,global_mean,145.8535487593768
OH_MORGAN,2010,134.3,global_mean,145.8535487593768
OH_MORROW,2010,158.6,global_mean,145.8535487593768
OH_MUSKINGUM,2010,145.5,global_mean,145.8535487593768
OH_OTTAWA,2010,170.4,global_mean,145.8535487593768
OH_PAULDING,2010,141.0,global_mean,145.8535487593768
OH_PERRY,2010,164.4,global_mean,145.8535487593768
OH_PICKAWAY,2010,165.9,global_mean,145.8535487593768
OH_PIKE,2010,150.9,global_mean,145.8535487593768
OH_PORTAGE,2010,140.7,global_mean,145.8535487593768
OH_PREBLE,2010,162.1,global_mean,145.8535487593768
OH_PUTNAM,2010,154.3,global_mean,145.8535487593768
OH_RICHLAND,2010,151.9,global_mean,145.8535487593768
OH_ROSS,2010,158.5,global_mean,145.8535487593768
OH_SANDUSKY,2010,162.9,global_mean,145.8535487593768
OH_SENECA,2010,149.8,global_mean,145.8535487593768
OH_SHELBY,2010,158.7,global_mean,145.8535487593768
OH_STARK,2010,145.8,global_mean,145.8535487593768
OH_TRUMBULL,2010,157.0,global_mean,145.8535487593768
OH_TUSCARAWAS,2010,157.0,global_mean,145.8535487593768
OH_UNION,2010,158.1,global_mean,145.8535487593768
OH_VAN_WERT,2010,151.1,global_mean,145.8535487593768
OH_WARREN,2010,160.0,global_mean,145.8535487593768
OH_WAYNE,2010,158.3,global_mean,145.8535487593768
OH_WILLIAMS,2010,149.3,global_mean,145.8535487593768
OH_WOOD,2010,152.0,global_mean,145.8535487593768
OH_WYANDOT,2010,158.4,global_mean,145.8535487593768
WI_ADAMS,2010,158.4,global_mean,145.8535487593768
WI_BUFFALO,2010,155.8,global_mean,145.8535487593768
WI_COLUMBIA,2010,172.7,global_mean,145.8535487593768
WI_CRAWFORD,2010,156.7,global_mean,145.8535487593768
WI_DANE,2010,177.5,global_mean,145.8535487593768
WI_DODGE,2010,171.2,global_mean,145.8535487593768
WI_DUNN,2010,163.2,global_mean,145.8535487593768
WI_EAU_CLAIRE,2010,159.8,global_mean,145.8535487593768
WI_FOND_DU_LAC,2010,172.6,global_mean,145.8535487593768
WI_GRANT,2010,178.0,global_mean,145.8535487593768
WI_GREEN,2010,169.8,global_mean,145.8535487593768
WI_GREEN_LAKE,2010,161.7,global_mean,145.8535487593768
WI_IOWA,2010,178.1,global_mean,145.8535487593768
WI_JACKSON,2010,158.8,global_mean,145.8535487593768
WI_JEFFERSON,2010,159.9,global_mean,145.8535487593768
WI_JUNEAU,2010,152.0,global_mean,145.8535487593768
WI_KENOSHA,2010,172.1,global_mean,145.8535487593768
WI_LAFAYETTE,2010,182.0,global_mean,145.8535487593768
WI_LA_CROSSE,2010,166.7,global_mean,145.8535487593768
WI_MARINETTE,2010,155.1,global_mean,145.8535487593768
WI_MARQUETTE,2010,136.3,global_mean,145.8535487593768
WI_MILWAUKEE,2010,109.4,global_mean,145.8535487593768
WI_MONROE,2010,156.8,global_mean,145.8535487593768
WI_OCONTO,2010,139.0,global_mean,145.8535487593768
WI_OUTAGAMIE,2010,131.9,global_mean,145.8535487593768
WI_OZAUKEE,2010,156.5,global_mean,145.8535487593768
WI_PEPIN,2010,165.4,global_mean,145.8535487593768
WI_PORTAGE,2010,151.6,global_mean,145.8535487593768
WI_RACINE,2010,158.9,global_mean,145.8535487593768
WI_RICHLAND,2010,154.0,global_mean,145.8535487593768
WI_ROCK,2010,173.8,global_mean,145.8535487593768
WI_SAUK,2010,154.4,global_mean,145.8535487593768
WI_SHEBOYGAN,2010,151.7,global_mean,145.8535487593768
WI_TREMPEALEAU,2010,160.2,global_mean,145.8535487593768
WI_VERNON,2010,157.9,global_mean,145.8535487593768
WI_WALWORTH,2010,171.0,global_mean,145.8535487593768
WI_WASHINGTON,2010,157.5,global_mean,145.8535487593768
WI_WAUKESHA,2010,152.4,global_mean,145.8535487593768
WI_WAUSHARA,2010,145.2,global_mean,145.8535487593768
WI_WINNEBAGO,2010,138.2,global_mean,145.8535487593768
IA_ADAIR,2010,139.1,county_trend,183.6066666666665
IA_ADAMS,2010,139.3,county_trend,168.59999999999988
IA_ALLAMAKEE,2010,175.8,county_trend,180.9066666666665
IA_APPANOOSE,2010,75.2,county_trend,151.2199999999999
IA_AUDUBON,2010,160.3,county_trend,194.49333333333323
IA_BENTON,2010,179.0,county_trend,187.04666666666657
IA_BLACK_HAWK,2010,170.4,county_trend,182.19333333333316
IA_BOONE,2010,162.5,county_trend,187.45333333333318
IA_BREMER,2010,174.6,county_trend,188.2533333333332
IA_BUCHANAN,2010,167.5,county_trend,178.55333333333311
IA_BUENA_VISTA,2010,178.3,county_trend,188.6066666666665
IA_BUTLER,2010,180.5,county_trend,189.72666666666652
IA_CALHOUN,2010,173.3,county_trend,184.17333333333318
IA_CARROLL,2010,182.0,county_trend,196.93333333333317
IA_CASS,2010,155.1,county_trend,190.03333333333322
IA_CEDAR,2010,174.4,county_trend,188.96666666666647
IA_CERRO_GORDO,2010,173.0,county_trend,178.3199999999999
IA_CHEROKEE,2010,186.9,county_trend,201.80666666666656
IA_CHICKASAW,2010,182.0,county_trend,178.18666666666655
IA_CLARKE,2010,84.5,county_trend,140.7999999999999
IA_CLAY,2010,177.6,county_trend,185.77999999999983
IA_CLAYTON,2010,176.9,county_trend,181.37333333333322
IA_CLINTON,2010,171.2,county_trend,183.45999999999987
IA_CRAWFORD,2010,185.8,county_trend,195.65999999999985
IA_DALLAS,2010,141.9,county_trend,187.65333333333314
IA_DAVIS,2010,84.0,county_trend,147.8866666666665
IA_DECATUR,2010,94.3,county_trend,147.5799999999999
IA_DELAWARE,2010,175.8,county_trend,179.33999999999986
IA_DES_MOINES,2010,112.1,county_trend,187.9466666666666
IA_DICKINSON,2010,181.0,county_trend,184.33333333333317
IA_DUBUQUE,2010,170.4,county_trend,184.94666666666654
IA_EMMET,2010,183.1,county_trend,189.5466666666665
IA_FAYETTE,2010,166.5,county_trend,173.5799999999998
IA_FLOYD,2010,177.8,county_trend,181.48666666666648
IA_FRANKLIN,2010,168.0,county_trend,181.39333333333317
IA_FREMONT,2010,152.7,county_trend,173.98666666666657
IA_GREENE,2010,167.3,county_trend,188.3133333333332
IA_GRUNDY,2010,192.9,county_trend,190.46666666666644
IA_GUTHRIE,2010,141.3,county_trend,179.35999999999987
IA_HAMILTON,2010,169.6,county_trend,176.83333333333323
IA_HANCOCK,2010,176.9,county_trend,185.85333333333318
IA_HARDIN,2010,185.8,county_trend,177.99333333333314
IA_HARRISON,2010,159.4,county_trend,185.05333333333326
IA_HENRY,2010,109.0,county_trend,177.9533333333332
IA_HOWARD,2010,191.4,county_trend,179.75999999999985
IA_HUMBOLDT,2010,153.2,county_trend,192.55333333333323
IA_IDA,2010,191.8,county_trend,201.7066666666666
IA_IOWA,2010,158.5,county_trend,184.40666666666652
IA_JACKSON,2010,157.2,county_trend,171.12666666666652
IA_JASPER,2010,152.7,county_trend,192.63999999999982
IA_JEFFERSON,2010,98.5,county_trend,167.83999999999986
IA_JOHNSON,2010,150.9,county_trend,173.90666666666652
IA_JONES,2010,168.9,county_trend,183.85999999999984
IA_KEOKUK,2010,111.2,county_trend,170.77999999999983
IA_KOSSUTH,2010,184.0,county_trend,192.77999999999983
IA_LEE,2010,103.2,county_trend,172.60666666666654
IA_LINN,2010,170.3,county_trend,185.39333333333312
IA_LOUISA,2010,125.1,county_trend,176.8333333333332
IA_LUCAS,2010,71.2,county_trend,137.97999999999993
IA_LYON,2010,195.2,county_trend,192.78666666666655
IA_MADISON,2010,124.6,county_trend,173.56666666666655
IA_MAHASKA,2010,116.6,county_trend,188.0933333333332
IA_MARION,2010,112.7,county_trend,164.5466666666665
IA_MARSHALL,2010,183.3,county_trend,194.06666666666655
IA_MILLS,2010,160.2,county_trend,181.77333333333326
IA_MITCHELL,2010,190.5,county_trend,185.42666666666648
IA_MONONA,2010,168.7,county_trend,176.95999999999987
IA_MONROE,2010,77.4,county_trend,157.1133333333333
IA_MONTGOMERY,2010,157.0,county_trend,179.13999999999987
IA_MUSCATINE,2010,144.8,county_trend,172.87999999999988
IA_OSCEOLA,2010,192.7,county_trend,194.1333333333332
IA_PAGE,2010,150.1,county_trend,165.00666666666658
IA_PALO_ALTO,2010,174.0,county_trend,188.33333333333317
IA_PLYMOUTH,2010,184.7,county_trend,193.6333333333332
IA_POCAHONTAS,2010,172.6,county_trend,190.3733333333332
IA_POLK,2010,139.4,county_trend,177.58666666666653
IA_POTTAWATTAMIE,2010,164.8,county_trend,193.82666666666657
IA_POWESHIEK,2010,153.2,county_trend,189.97999999999988
IA_RINGGOLD,2010,94.1,county_trend,136.91333333333327
IA_SAC,2010,189.7,county_trend,188.28666666666655
IA_SCOTT,2010,151.9,county_trend,183.59999999999982
IA_SHELBY,2010,171.6,county_trend,204.27999999999992
IA_SIOUX,2010,196.5,county_trend,194.90666666666647
IA_STORY,2010,163.9,county_trend,182.43333333333317
IA_TAMA,2010,176.7,county_trend,188.0199999999999
IA_TAYLOR,2010,122.2,county_trend,149.78666666666655
IA_UNION,2010,113.2,county_trend,160.56666666666655
IA_VAN_BUREN,2010,90.8,county_trend,158.15999999999994
IA_WAPELLO,2010,100.2,county_trend,161.0533333333332
IA_WARREN,2010,102.4,county_trend,158.8733333333332
IA_WASHINGTON,2010,132.5,county_trend,184.54666666666654
IA_WAYNE,2010,73.1,county_trend,139.8866666666665
IA_WEBSTER,2010,168.4,county_trend,183.4666666666665
IA_WINNESHIEK,2010,190.5,county_trend,184.1599999999999
IA_WOODBURY,2010,164.3,county_trend,186.03999999999994
IA_WRIGHT,2010,150.0,county_trend,186.05999999999977
IL_ADAMS,2010,121.9,county_trend,160.59999999999988
IL_ALEXANDER,2010,142.8,county_trend,166.6666666666666
IL_BOND,2010,152.6,county_trend,148.59999999999988
IL_BOONE,2010,182.5,county_trend,169.26666666666654
IL_BROWN,2010,119.5,county_trend,151.99999999999986
IL_BUREAU,2010,166.7,county_trend,191.2666666666665
IL_CALHOUN,2010,156.6,county_trend,177.1333333333332
IL_CARROLL,2010,189.8,county_trend,194.59999999999988
IL_CASS,2010,148.6,county_trend,187.73333333333318
IL_CHAMPAIGN,2010,169.5,county_trend,195.8666666666665
IL_CHRISTIAN,2010,157.0,county_trend,193.26666666666648
IL_CLARK,2010,149.1,county_trend,166.3333333333332
IL_CLAY,2010,145.9,county_trend,135.0666666666666
IL_CLINTON,2010,162.7,county_trend,155.7333333333332
IL_COLES,2010,167.0,county_trend,176.26666666666654
IL_COOK,2010,145.7,county_trend,150.75161290322586
IL_CRAWFORD,2010,143.2,county_trend,155.33333333333323
IL_CUMBERLAND,2010,146.7,county_trend,168.19999999999987
IL_DE_WITT,2010,161.1,county_trend,192.06666666666655
IL_DOUGLAS,2010,172.8,county_trend,181.73333333333318
IL_EDGAR,2010,163.3,county_trend,179.33333333333314
IL_EDWARDS,2010,146.5,county_trend,146.19999999999987
IL_EFFINGHAM,2010,157.9,county_trend,166.99999999999983
IL_FAYETTE,2010,159.3,county_trend,149.19999999999987
IL_FORD,2010,143.9,county_trend,190.9333333333332
IL_FRANKLIN,2010,111.4,county_trend,142.13333333333318
IL_FULTON,2010,136.8,county_trend,184.9333333333332
IL_GALLATIN,2010,141.5,county_trend,159.73333333333323
IL_GREENE,2010,161.6,county_trend,160.06666666666652
IL_GRUNDY,2010,159.2,county_trend,183.33333333333323
IL_HAMILTON,2010,140.4,county_trend,154.59999999999988
IL_HANCOCK,2010,116.9,county_trend,183.33333333333323
IL_HENDERSON,2010,143.8,county_trend,188.59999999999985
IL_HENRY,2010,158.8,county_trend,186.53333333333322
IL_IROQUOIS,2010,144.7,county_trend,184.9999999999998
IL_JACKSON,2010,114.9,county_trend,151.9999999999999
IL_JASPER,2010,142.8,county_trend,155.79999999999987
IL_JEFFERSON,2010,124.5,county_trend,125.06666666666658
IL_JERSEY,2010,169.9,county_trend,162.73333333333323
IL_JOHNSON,2010,106.4,county_trend,142.86666666666656
IL_JO_DAVIESS,2010,176.9,county_trend,179.7999999999999
IL_KANE,2010,178.2,county_trend,183.39999999999992
IL_KANKAKEE,2010,149.6,county_trend,180.59999999999985
IL_KENDALL,2010,168.6,county_trend,187.33333333333323
IL_KNOX,2010,159.9,county_trend,191.93333333333317
IL_LAWRENCE,2010,156.9,county_trend,147.66666666666654
IL_LEE,2010,173.6,county_trend,182.5333333333332
IL_LIVINGSTON,2010,166.6,county_trend,195.06666666666658
IL_LOGAN,2010,155.7,county_trend,193.39999999999984
IL_MACON,2010,168.5,county_trend,196.46666666666653
IL_MACOUPIN,2010,146.9,county_trend,159.39999999999984
IL_MADISON,2010,166.3,county_trend,144.46666666666653
IL_MARION,2010,149.7,county_trend,143.59999999999988
IL_MARSHALL,2010,163.3,county_trend,188.99999999999983
IL_MASON,2010,141.0,county_trend,176.5333333333332
IL_MASSAC,2010,126.0,county_trend,159.2666666666666
IL_MCDONOUGH,2010,141.8,county_trend,199.13333333333316
IL_MCHENRY,2010,171.4,county_trend,164.7333333333332
IL_MCLEAN,2010,169.5,county_trend,198.53333333333316
IL_MENARD,2010,145.6,county_trend,195.26666666666648
IL_MERCER,2010,142.4,county_trend,190.19999999999982
IL_MONROE,2010,143.6,county_trend,146.7999999999999
IL_MONTGOMERY,2010,156.3,county_trend,166.39999999999986
IL_MORGAN,2010,146.5,county_trend,189.13333333333313
IL_MOULTRIE,2010,175.1,county_trend,183.2666666666665
IL_OGLE,2010,183.4,county_trend,184.26666666666648
IL_PEORIA,2010,157.6,county_trend,187.86666666666656
IL_PERRY,2010,117.6,county_trend,129.5333333333332
IL_PIATT,2010,164.5,county_trend,188.73333333333312
IL_PIKE,2010,137.5,county_trend,159.46666666666655
IL_PULASKI,2010,136.5,county_trend,166.06666666666658
IL_PUTNAM,2010,163.8,county_trend,190.79999999999984
IL_RANDOLPH,2010,130.3,county_trend,138.66666666666657
IL_RICHLAND,2010,144.3,county_trend,134.39999999999986
IL_ROCK_ISLAND,2010,163.9,county_trend,185.5333333333332
IL_SALINE,2010,133.3,county_trend,161.26666666666662
IL_SANGAMON,2010,154.5,county_trend,193.73333333333318
IL_SCHUYLER,2010,129.7,county_trend,174.53333333333316
IL_SCOTT,2010,139.5,county_trend,173.06666666666655
IL_SHELBY,2010,162.9,county_trend,177.93333333333322
IL_STARK,2010,165.9,county_trend,189.19999999999987
IL_STEPHENSON,2010,180.8,county_trend,186.13333333333324
IL_TAZEWELL,2010,163.4,county_trend,193.46666666666653
IL_UNION,2010,114.3,county_trend,158.59999999999997
IL_VERMILION,2010,166.3,county_trend,188.33333333333317
IL_WABASH,2010,146.6,county_trend,152.33333333333323
IL_WARREN,2010,152.9,county_trend,202.99999999999983
IL_WASHINGTON,2010,144.3,county_trend,148.3999999999999
IL_WAYNE,2010,138.8,county_trend,147.1999999999999
IL_WHITE,2010,155.4,county_trend,156.99999999999991
IL_WHITESIDE,2010,164.4,county_trend,184.46666666666658
IL_WILL,2010,158.3,county_trend,175.53333333333322
IL_WILLIAMSON,2010,124.6,county_trend,154.66666666666663
IL_WINNEBAGO,2010,172.5,county_trend,179.93333333333322
IL_WOODFORD,2010,171.5,county_trend,200.06666666666655
IN_ADAMS,2010,143.6,county_trend,158.4533333333332
IN_ALLEN,2010,150.7,county_trend,172.67999999999986
IN_BARTHOLOMEW,2010,129.9,county_trend,156.67333333333323
IN_BENTON,2010,165.9,county_trend,188.98666666666657
IN_BLACKFORD,2010,149.7,county_trend,160.0133333333332
IN_BOONE,2010,154.9,county_trend,179.33999999999983
IN_BROWN,2010,83.9,county_trend,156.87475790676453
IN_CARROLL,2010,170.1,county_trend,193.97333333333324
IN_CASS,2010,148.3,county_trend,178.7933333333332
IN_CLARK,2010,136.9,county_trend,139.5466666666665
IN_CLAY,2010,157.2,county_trend,153.9533333333332
IN_CLINTON,2010,178.5,county_trend,188.9933333333331
IN_CRAWFORD,2010,136.3,county_trend,161.71254693670178
IN_DAVIESS,2010,160.3,county_trend,174.0799999999998
IN_DEARBORN,2010,124.4,county_trend,142.18666666666658
IN_DECATUR,2010,157.3,county_trend,166.8333333333332
IN_DELAWARE,2010,153.7,county_trend,152.6933333333332
IN_DUBOIS,2010,154.5,county_trend,159.92666666666653
IN_ELKHART,2010,155.0,county_trend,159.3333333333332
IN_FAYETTE,2010,149.5,county_trend,162.91999999999993
IN_FLOYD,2010,147.6,county_trend,136.7495158135291
IN_FOUNTAIN,2010,175.6,county_trend,186.59999999999985
IN_FRANKLIN,2010,159.8,county_trend,156.16666666666654
IN_FULTON,2010,169.8,county_trend,169.2999999999999
IN_GIBSON,2010,155.0,county_trend,170.21333333333317
IN_GRANT,2010,158.4,county_trend,163.9599999999999
IN_GREENE,2010,125.8,county_trend,151.74666666666656
IN_HAMILTON,2010,174.7,county_trend,169.77333333333323
IN_HANCOCK,2010,153.5,county_trend,165.6733333333332
IN_HARRISON,2010,130.0,county_trend,139.38666666666657
IN_HENDRICKS,2010,162.5,county_trend,163.93333333333322
IN_HENRY,2010,160.9,county_trend,170.6066666666665
IN_HOWARD,2010,169.4,county_trend,188.29999999999984
IN_HUNTINGTON,2010,166.9,county_trend,169.1066666666666
IN_JACKSON,2010,126.1,county_trend,136.91333333333318
IN_JASPER,2010,162.5,county_trend,176.22666666666655
IN_JAY,2010,140.2,county_trend,148.23999999999992
IN_JEFFERSON,2010,127.4,county_trend,106.25045045045044
IN_JENNINGS,2010,131.1,county_trend,144.82666666666654
IN_JOHNSON,2010,140.2,county_trend,155.66666666666654
IN_KNOX,2010,163.8,county_trend,167.77999999999986
IN_KOSCIUSKO,2010,167.1,county_trend,162.23999999999987
IN_LAGRANGE,2010,126.0,county_trend,136.92666666666653
IN_LAKE,2010,156.2,county_trend,172.0999999999999
IN_LAWRENCE,2010,138.9,county_trend,152.53333333333322
IN_MADISON,2010,168.4,county_trend,169.8733333333332
IN_MARION,2010,157.2,county_trend,144.1399999999999
IN_MARSHALL,2010,164.3,county_trend,162.74666666666658
IN_MARTIN,2010,149.5,county_trend,164.6799999999999
IN_MIAMI,2010,157.9,county_trend,170.22666666666657
IN_MONROE,2010,138.6,county_trend,147.02666666666653
IN_MONTGOMERY,2010,172.5,county_trend,185.51333333333318
IN_MORGAN,2010,143.2,county_trend,156.61999999999992
IN_NEWTON,2010,169.9,county_trend,188.13333333333318
IN_NOBLE,2010,142.4,county_trend,152.57333333333318
IN_ORANGE,2010,149.4,county_trend,164.2399999999999
IN_OWEN,2010,142.4,county_trend,143.99333333333323
IN_PARKE,2010,164.9,county_trend,167.23333333333315
IN_PERRY,2010,132.6,county_trend,157.5333333333332
IN_PIKE,2010,146.1,county_trend,156.3399999999999
IN_PORTER,2010,168.2,county_trend,169.17999999999992
IN_POSEY,2010,146.6,county_trend,166.93333333333317
IN_PULASKI,2010,165.2,county_trend,166.24666666666656
IN_PUTNAM,2010,160.6,county_trend,166.96666666666653
IN_RANDOLPH,2010,156.9,county_trend,156.22666666666657
IN_RIPLEY,2010,135.6,county_trend,145.5599999999999
IN_RUSH,2010,151.4,county_trend,168.99333333333323
IN_SCOTT,2010,144.1,county_trend,136.64666666666656
IN_SHELBY,2010,139.7,county_trend,156.93333333333325
IN_SPENCER,2010,139.8,county_trend,159.76666666666654
IN_ST._JOSEPH,2010,159.4,county_trend,163.1333333333332
IN_STARKE,2010,149.5,county_trend,148.01999999999984
IN_STEUBEN,2010,134.1,county_trend,137.64666666666653
IN_SULLIVAN,2010,159.2,county_trend,168.71333333333317
IN_TIPPECANOE,2010,175.1,county_trend,182.26666666666657
IN_TIPTON,2010,181.6,county_trend,189.21333333333328
IN_UNION,2010,176.4,county_trend,179.37333333333322
IN_VANDERBURGH,2010,143.0,county_trend,162.6199999999999
IN_VERMILLION,2010,161.7,county_trend,175.91999999999987
IN_VIGO,2010,151.7,county_trend,154.1399999999999
IN_WABASH,2010,161.8,county_trend,169.37999999999985
IN_WARREN,2010,162.6,county_trend,188.18666666666653
IN_WARRICK,2010,142.7,county_trend,152.68666666666653
IN_WASHINGTON,2010,123.6,county_trend,150.1333333333332
IN_WAYNE,2010,160.3,county_trend,158.6066666666665
IN_WELLS,2010,156.8,county_trend,165.9533333333332
IN_WHITE,2010,167.0,county_trend,187.15999999999985
IN_WHITLEY,2010,153.7,county_trend,162.71999999999986
MI_ALLEGAN,2010,151.1,county_trend,153.59999999999988
MI_ARENAC,2010,151.5,county_trend,152.7999999999999
MI_BARRY,2010,145.4,county_trend,141.93333333333328
MI_BAY,2010,162.4,county_trend,160.7999999999999
MI_BERRIEN,2010,158.1,county_trend,152.9333333333332
MI_BRANCH,2010,143.9,county_trend,132.1333333333332
MI_CALHOUN,2010,148.3,county_trend,131.3999999999999
MI_CASS,2010,167.3,county_trend,159.1333333333332
MI_CLINTON,2010,136.8,county_trend,150.19999999999987
MI_EATON,2010,160.7,county_trend,142.26666666666657
MI_GENESEE,2010,130.4,county_trend,139.66666666666654
MI_GRATIOT,2010,143.7,county_trend,149.59999999999988
MI_HILLSDALE,2010,139.7,county_trend,141.7333333333332
MI_HURON,2010,171.4,county_trend,180.9333333333332
MI_INGHAM,2010,157.7,county_trend,147.0666666666666
MI_IONIA,2010,159.2,county_trend,151.93333333333317
MI_JACKSON,2010,140.0,county_trend,127.93333333333321
MI_KALAMAZOO,2010,154.5,county_trend,141.6666666666666
MI_KENT,2010,147.6,county_trend,140.86666666666662
MI_LAPEER,2010,138.5,county_trend,146.26666666666657
MI_LENAWEE,2010,155.7,county_trend,157.46666666666655
MI_LIVINGSTON,2010,144.2,county_trend,135.66666666666657
MI_MACOMB,2010,139.7,county_trend,159.33333333333326
MI_MIDLAND,2010,159.8,county_trend,154.73333333333323
MI_MONROE,2010,153.0,county_trend,165.06666666666655
MI_MONTCALM,2010,135.1,county_trend,135.8666666666666
MI_MUSKEGON,2010,153.1,county_trend,129.9625
MI_NEWAYGO,2010,136.6,county_trend,121.39999999999992
MI_OAKLAND,2010,123.7,county_trend,123.60465116279067
MI_OCEANA,2010,145.2,county_trend,117.3376623376623
MI_OTTAWA,2010,146.0,county_trend,143.33333333333326
MI_SAGINAW,2010,142.4,county_trend,163.66666666666657
MI_SANILAC,2010,153.9,county_trend,169.13333333333324
MI_SHIAWASSEE,2010,131.7,county_trend,153.66666666666657
MI_TUSCOLA,2010,147.5,county_trend,173.79999999999993
MI_VAN_BUREN,2010,164.9,county_trend,147.1999999999999
MI_WASHTENAW,2010,142.0,county_trend,137.19999999999987
MI_WAYNE,2010,134.6,county_trend,152.65116279069764
MN_BLUE_EARTH,2010,174.1,county_trend,188.5999999999999
MN_BROWN,2010,186.2,county_trend,186.06666666666655
MN_CHIPPEWA,2010,180.8,county_trend,167.93333333333325
MN_FILLMORE,2010,187.6,county_trend,185.5333333333332
MN_GOODHUE,2010,193.8,county_trend,185.19999999999982
MN_HOUSTON,2010,180.3,county_trend,178.99999999999986
MN_MARTIN,2010,188.0,county_trend,195.33333333333323
MN_MURRAY,2010,186.3,county_trend,183.3999999999999
MN_NICOLLET,2010,176.7,county_trend,181.9333333333331
MN_NOBLES,2010,179.8,county_trend,187.26666666666654
MN_PIPESTONE,2010,172.4,county_trend,167.79999999999984
MN_REDWOOD,2010,184.0,county_trend,185.86666666666653
MN_RENVILLE,2010,186.1,county_trend,179.55999999999986
MN_ROCK,2010,189.2,county_trend,184.7333333333332
MN_WABASHA,2010,185.9,county_trend,185.3999999999999
MN_WINONA,2010,185.2,county_trend,180.8666666666665
MN_YELLOW_MEDICINE,2010,173.8,county_trend,163.70666666666654
MO_ADAIR,2010,85.6,county_trend,127.21999999999991
MO_ANDREW,2010,111.2,county_trend,144.6733333333332
MO_ATCHISON,2010,149.4,county_trend,175.5933333333332
MO_AUDRAIN,2010,122.3,county_trend,131.3799999999999
MO_BARTON,2010,137.6,county_trend,123.25999999999993
MO_BATES,2010,119.0,county_trend,132.6199999999999
MO_BENTON,2010,123.9,county_trend,125.13999999999989
MO_BOLLINGER,2010,110.0,county_trend,145.81333333333322
MO_BOONE,2010,115.0,county_trend,129.1599999999999
MO_BUCHANAN,2010,127.8,county_trend,156.7599999999999
MO_BUTLER,2010,126.0,county_trend,155.28666666666655
MO_CALDWELL,2010,106.5,county_trend,122.79333333333321
MO_CALLAWAY,2010,136.0,county_trend,134.25333333333325
MO_CAPE_GIRARDEAU,2010,134.8,county_trend,152.70666666666656
MO_CARROLL,2010,112.5,county_trend,148.9599999999999
MO_CASS,2010,109.8,county_trend,135.25333333333327
MO_CEDAR,2010,126.6,county_trend,105.15357142857142
MO_CHARITON,2010,108.7,county_trend,145.6799999999999
MO_CLARK,2010,82.9,county_trend,148.45999999999992
MO_CLAY,2010,134.4,county_trend,151.41333333333324
MO_CLINTON,2010,119.6,county_trend,155.5133333333332
MO_COLE,2010,132.2,county_trend,140.13999999999987
MO_COOPER,2010,130.4,county_trend,141.11333333333323
MO_DADE,2010,107.8,county_trend,120.09333333333325
MO_DAVIESS,2010,104.5,county_trend,128.56666666666652
MO_DUNKLIN,2010,150.0,county_trend,166.5599999999999
MO_FRANKLIN,2010,124.0,county_trend,152.06666666666655
MO_GASCONADE,2010,112.7,county_trend,140.96666666666655
MO_GENTRY,2010,93.8,county_trend,135.83999999999992
MO_GRUNDY,2010,109.1,county_trend,126.17333333333325
MO_HARRISON,2010,100.2,county_trend,127.68666666666657
MO_HENRY,2010,98.6,county_trend,102.70666666666655
MO_HOLT,2010,149.4,county_trend,167.90666666666652
MO_HOWARD,2010,123.4,county_trend,146.41333333333318
MO_JACKSON,2010,134.1,county_trend,148.07999999999987
MO_JASPER,2010,128.6,county_trend,112.79999999999986
MO_JEFFERSON,2010,115.9,county_trend,133.55333333333323
MO_JOHNSON,2010,106.2,county_trend,134.73999999999992
MO_KNOX,2010,98.0,county_trend,142.48666666666654
MO_LAFAYETTE,2010,135.6,county_trend,164.52666666666653
MO_LAWRENCE,2010,92.6,county_trend,124.11333333333329
MO_LEWIS,2010,95.1,county_trend,130.13333333333324
MO_LINCOLN,2010,138.0,county_trend,129.93333333333325
MO_LINN,2010,107.2,county_trend,140.4333333333332
MO_LIVINGSTON,2010,105.4,county_trend,138.60666666666657
MO_MACON,2010,96.7,county_trend,153.31333333333325
MO_MARION,2010,115.1,county_trend,144.59999999999988
MO_MERCER,2010,102.4,county_trend,124.13333333333324
MO_MISSISSIPPI,2010,148.0,county_trend,176.71999999999989
MO_MONITEAU,2010,110.9,county_trend,117.55999999999986
MO_MONROE,2010,102.5,county_trend,122.93333333333321
MO_MONTGOMERY,2010,126.0,county_trend,113.82666666666658
MO_MORGAN,2010,119.1,county_trend,105.63333333333324
MO_NEW_MADRID,2010,157.2,county_trend,172.81999999999985
MO_NODAWAY,2010,121.3,county_trend,143.11333333333323
MO_PEMISCOT,2010,140.0,county_trend,159.6799999999999
MO_PERRY,2010,132.1,county_trend,146.49999999999986
MO_PETTIS,2010,108.8,county_trend,120.17999999999988
MO_PIKE,2010,131.0,county_trend,133.69999999999987
MO_PLATTE,2010,133.5,county_trend,155.37999999999985
MO_PUTNAM,2010,93.0,county_trend,129.29999999999993
MO_RALLS,2010,121.2,county_trend,133.18666666666655
MO_RANDOLPH,2010,96.8,county_trend,133.40666666666652
MO_RAY,2010,120.4,county_trend,155.75999999999988
MO_SALINE,2010,140.5,county_trend,163.8466666666665
MO_SCHUYLER,2010,74.7,county_trend,114.5533333333332
MO_SCOTLAND,2010,81.8,county_trend,133.69333333333324
MO_SCOTT,2010,150.6,county_trend,174.85333333333318
MO_SHELBY,2010,92.0,county_trend,131.69999999999993
MO_STODDARD,2010,136.4,county_trend,169.33333333333317
MO_SULLIVAN,2010,91.8,county_trend,113.08666666666655
MO_VERNON,2010,122.9,county_trend,130.35333333333318
MO_WARREN,2010,126.3,county_trend,136.08666666666656
MO_WAYNE,2010,77.0,county_trend,120.72916666666659
MO_WORTH,2010,93.3,county_trend,129.23333333333326
OH_ADAMS,2010,122.9,county_trend,129.5799999999999
OH_ALLEN,2010,166.4,county_trend,146.2799999999999
OH_ASHLAND,2010,153.2,county_trend,156.86666666666656
OH_ASHTABULA,2010,151.6,county_trend,140.4533333333332
OH_AUGLAIZE,2010,154.1,county_trend,149.30666666666656
OH_BROWN,2010,141.2,county_trend,150.86666666666656
OH_BUTLER,2010,152.8,county_trend,150.35333333333324
OH_CHAMPAIGN,2010,174.3,county_trend,171.43333333333322
OH_CLARK,2010,179.3,county_trend,170.5599999999998
OH_CLERMONT,2010,153.5,county_trend,151.57333333333324
OH_CLINTON,2010,174.6,county_trend,168.81999999999985
OH_COLUMBIANA,2010,146.1,county_trend,154.9066666666666
OH_COSHOCTON,2010,157.1,county_trend,163.7733333333332
OH_CRAWFORD,2010,168.6,county_trend,167.96666666666658
OH_DARKE,2010,166.5,county_trend,162.62666666666652
OH_DEFIANCE,2010,140.2,county_trend,146.1333333333332
OH_DELAWARE,2010,161.2,county_trend,163.78666666666658
OH_ERIE,2010,181.6,county_trend,165.58666666666653
OH_FAIRFIELD,2010,168.3,county_trend,159.39333333333323
OH_FAYETTE,2010,168.5,county_trend,165.3933333333333
OH_FRANKLIN,2010,156.8,county_trend,159.51999999999987
OH_FULTON,2010,162.1,county_trend,174.0333333333332
OH_GREENE,2010,189.0,county_trend,178.91999999999987
OH_GUERNSEY,2010,148.6,county_trend,115.21555555555557
OH_HAMILTON,2010,165.0,county_trend,146.24666666666656
OH_HANCOCK,2010,156.9,county_trend,153.25999999999988
OH_HARDIN,2010,161.3,county_trend,155.89999999999986
OH_HENRY,2010,161.7,county_trend,172.17333333333323
OH_HIGHLAND,2010,154.3,county_trend,147.87999999999994
OH_HOCKING,2010,157.8,county_trend,124.52666666666669
OH_HOLMES,2010,157.7,county_trend,161.63333333333324
OH_HURON,2010,154.0,county_trend,169.05999999999995
OH_KNOX,2010,152.7,county_trend,155.95999999999992
OH_LICKING,2010,160.4,county_trend,155.1799999999999
OH_LOGAN,2010,159.3,county_trend,162.19333333333324
OH_LORAIN,2010,152.2,county_trend,147.8599999999999
OH_LUCAS,2010,171.0,county_trend,169.1666666666665
OH_MADISON,2010,171.3,county_trend,172.1866666666665
OH_MAHONING,2010,145.5,county_trend,138.2999999999999
OH_MARION,2010,164.1,county_trend,164.77333333333323
OH_MEDINA,2010,149.4,county_trend,157.03999999999994
OH_MERCER,2010,152.9,county_trend,152.89999999999986
OH_MIAMI,2010,172.7,county_trend,172.14666666666656
OH_MONTGOMERY,2010,162.1,county_trend,142.45333333333315
OH_MORGAN,2010,134.3,county_trend,134.61333333333326
OH_MORROW,2010,158.6,county_trend,149.55999999999986
OH_MUSKINGUM,2010,145.5,county_trend,166.04666666666657
OH_OTTAWA,2010,170.4,county_trend,163.97999999999988
OH_PAULDING,2010,141.0,county_trend,163.3666666666665
OH_PERRY,2010,164.4,county_trend,156.5999999999999
OH_PICKAWAY,2010,165.9,county_trend,154.15999999999988
OH_PIKE,2010,150.9,county_trend,149.36274193548388
OH_PORTAGE,2010,140.7,county_trend,126.74444444444447
OH_PREBLE,2010,162.1,county_trend,154.00666666666652
OH_PUTNAM,2010,154.3,county_trend,150.12666666666658
OH_RICHLAND,2010,151.9,county_trend,155.1999999999999
OH_ROSS,2010,158.5,county_trend,153.05333333333323
OH_SANDUSKY,2010,162.9,county_trend,163.22666666666655
OH_SENECA,2010,149.8,county_trend,156.93333333333322
OH_SHELBY,2010,158.7,county_trend,162.53333333333322
OH_STARK,2010,145.8,county_trend,158.31333333333322
OH_TRUMBULL,2010,157.0,county_trend,158.31333333333322
OH_TUSCARAWAS,2010,157.0,county_trend,159.98666666666657
OH_UNION,2010,158.1,county_trend,167.45999999999987
OH_VAN_WERT,2010,151.1,county_trend,152.32666666666657
OH_WARREN,2010,160.0,county_trend,157.83333333333326
OH_WAYNE,2010,158.3,county_trend,154.06666666666652
OH_WILLIAMS,2010,149.3,county_trend,153.5733333333332
OH_WOOD,2010,152.0,county_trend,168.12666666666655
OH_WYANDOT,2010,158.4,county_trend,162.7666666666666
WI_ADAMS,2010,158.4,county_trend,154.73333333333318
WI_BUFFALO,2010,155.8,county_trend,152.3333333333332
WI_COLUMBIA,2010,172.7,county_trend,155.99999999999991
WI_CRAWFORD,2010,156.7,county_trend,161.1999999999999
WI_DANE,2010,177.5,county_trend,161.59999999999988
WI_DODGE,2010,171.2,county_trend,155.79999999999984
WI_DUNN,2010,163.2,county_trend,136.46666666666655
WI_EAU_CLAIRE,2010,159.8,county_trend,144.99999999999991
WI_FOND_DU_LAC,2010,172.6,county_trend,157.59999999999982
WI_GRANT,2010,178.0,county_trend,178.86666666666656
WI_GREEN,2010,169.8,county_trend,170.46666666666653
WI_GREEN_LAKE,2010,161.7,county_trend,142.39999999999992
WI_IOWA,2010,178.1,county_trend,178.9999999999999
WI_JACKSON,2010,158.8,county_trend,148.46666666666655
WI_JEFFERSON,2010,159.9,county_trend,159.79999999999993
WI_JUNEAU,2010,152.0,county_trend,140.99999999999994
WI_KENOSHA,2010,172.1,county_trend,155.46666666666653
WI_LAFAYETTE,2010,182.0,county_trend,170.1333333333332
WI_LA_CROSSE,2010,166.7,county_trend,162.46666666666664
WI_MARINETTE,2010,155.1,county_trend,95.39999999999989
WI_MARQUETTE,2010,136.3,county_trend,124.13333333333325
WI_MILWAUKEE,2010,109.4,county_trend,138.16333938294002
WI_MONROE,2010,156.8,county_trend,140.06666666666652
WI_OCONTO,2010,139.0,county_trend,120.73333333333326
WI_OUTAGAMIE,2010,131.9,county_trend,147.86666666666656
WI_OZAUKEE,2010,156.5,county_trend,150.03387096774196
WI_PEPIN,2010,165.4,county_trend,149.66666666666657
WI_PORTAGE,2010,151.6,county_trend,142.06666666666658
WI_RACINE,2010,158.9,county_trend,156.39999999999995
WI_RICHLAND,2010,154.0,county_trend,155.99999999999986
WI_ROCK,2010,173.8,county_trend,164.59999999999985
WI_SAUK,2010,154.4,county_trend,149.5333333333332
WI_SHEBOYGAN,2010,151.7,county_trend,134.66666666666654
WI_TREMPEALEAU,2010,160.2,county_trend,145.53333333333327
WI_VERNON,2010,157.9,county_trend,155.46666666666655
WI_WALWORTH,2010,171.0,county_trend,159.26666666666654
WI_WASHINGTON,2010,157.5,county_trend,140.99999999999991
WI_WAUKESHA,2010,152.4,county_trend,142.9999999999999
WI_WAUSHARA,2010,145.2,county_trend,141.2666666666665
WI_WINNEBAGO,2010,138.2,county_trend,139.06666666666652
IA_ADAIR,2010,139.1,ridge,183.5886987223853
IA_ADAMS,2010,139.3,ridge,182.1510939706329
IA_ALLAMAKEE,2010,175.8,ridge,194.9249813866822
IA_APPANOOSE,2010,75.2,ridge,184.89256732049927
IA_AUDUBON,2010,160.3,ridge,185.42319306978143
IA_BENTON,2010,179.0,ridge,196.3414246210654
IA_BLACK_HAWK,2010,170.4,ridge,196.764365305659
IA_BOONE,2010,162.5,ridge,187.84571856265705
IA_BREMER,2010,174.6,ridge,196.72782747860572
IA_BUCHANAN,2010,167.5,ridge,198.13549021306295
IA_BUENA_VISTA,2010,178.3,ridge,180.83392574101637
IA_BUTLER,2010,180.5,ridge,194.5485457508837
IA_CALHOUN,2010,173.3,ridge,185.05253500751087
IA_CARROLL,2010,182.0,ridge,185.2934823732471
IA_CASS,2010,155.1,ridge,184.02270269791205
IA_CEDAR,2010,174.4,ridge,196.52400506138258
IA_CERRO_GORDO,2010,173.0,ridge,192.29756047202386
IA_CHEROKEE,2010,186.9,ridge,179.37614648107734
IA_CHICKASAW,2010,182.0,ridge,196.86473171289413
IA_CLARKE,2010,84.5,ridge,183.81479612709015
IA_CLAY,2010,177.6,ridge,180.07478134076183
IA_CLAYTON,2010,176.9,ridge,195.53485953728557
IA_CLINTON,2010,171.2,ridge,198.82011862324674
IA_CRAWFORD,2010,185.8,ridge,183.84700506636318
IA_DALLAS,2010,141.9,ridge,186.15822676961477
IA_DAVIS,2010,84.0,ridge,184.44667808168515
IA_DECATUR,2010,94.3,ridge,182.1909861789016
IA_DELAWARE,2010,175.8,ridge,198.41702697654483
IA_DES_MOINES,2010,112.1,ridge,189.89669518834592
IA_DICKINSON,2010,181.0,ridge,179.71121861537029
IA_DUBUQUE,2010,170.4,ridge,196.7205386933198
IA_EMMET,2010,183.1,ridge,180.84139892088402
IA_FAYETTE,2010,166.5,ridge,196.03627400997368
IA_FLOYD,2010,177.8,ridge,194.8642531904938
IA_FRANKLIN,2010,168.0,ridge,191.82425363723968
IA_FREMONT,2010,152.7,ridge,182.0876886259523
IA_GREENE,2010,167.3,ridge,187.00387676114823
IA_GRUNDY,2010,192.9,ridge,195.54934462250273
IA_GUTHRIE,2010,141.3,ridge,185.68018311231955
IA_HAMILTON,2010,169.6,ridge,189.31355449231262
IA_HANCOCK,2010,176.9,ridge,189.289552693702
IA_HARDIN,2010,185.8,ridge,191.20394085723706
IA_HARRISON,2010,159.4,ridge,182.21315120343723
IA_HENRY,2010,109.0,ridge,190.32743201793215
IA_HOWARD,2010,191.4,ridge,196.7981777961137
IA_HUMBOLDT,2010,153.2,ridge,184.32714267273792
IA_IDA,2010,191.8,ridge,181.7149433675163
IA_IOWA,2010,158.5,ridge,193.76182771161456
IA_JACKSON,2010,157.2,ridge,196.83689511647958
IA_JASPER,2010,152.7,ridge,190.5397390798359
IA_JEFFERSON,2010,98.5,ridge,190.5729850093525
IA_JOHNSON,2010,150.9,ridge,193.88006919475797
IA_JONES,2010,168.9,ridge,197.93384687996726
IA_KEOKUK,2010,111.2,ridge,191.99104499334607
IA_KOSSUTH,2010,184.0,ridge,184.7595536588655
IA_LEE,2010,103.2,ridge,186.45563025281504
IA_LINN,2010,170.3,ridge,197.38049080323694
IA_LOUISA,2010,125.1,ridge,191.76929758075877
IA_LUCAS,2010,71.2,ridge,184.15163912556926
IA_LYON,2010,195.2,ridge,179.44001343037516
IA_MADISON,2010,124.6,ridge,182.91763487303496
IA_MAHASKA,2010,116.6,ridge,188.96488475387403
IA_MARION,2010,112.7,ridge,185.51357597583655
IA_MARSHALL,2010,183.3,ridge,192.69239730327365
IA_MILLS,2010,160.2,ridge,182.73482668949967
IA_MITCHELL,2010,190.5,ridge,195.96336994002218
IA_MONONA,2010,168.7,ridge,179.29954122422365
IA_MONROE,2010,77.4,ridge,185.54182637012977
IA_MONTGOMERY,2010,157.0,ridge,181.90923418403958
IA_MUSCATINE,2010,144.8,ridge,193.11438503999335
IA_OSCEOLA,2010,192.7,ridge,179.53999119463066
IA_PAGE,2010,150.1,ridge,181.08863994786458
IA_PALO_ALTO,2010,174.0,ridge,181.34655507157194
IA_PLYMOUTH,2010,184.7,ridge,176.99524264351112
IA_POCAHONTAS,2010,172.6,ridge,182.57642206643527
IA_POLK,2010,139.4,ridge,187.16322352144192
IA_POTTAWATTAMIE,2010,164.8,ridge,183.14807941152608
IA_POWESHIEK,2010,153.2,ridge,192.9201684653372
IA_RINGGOLD,2010,94.1,ridge,181.6151306650019
IA_SAC,2010,189.7,ridge,183.44131134666566
IA_SCOTT,2010,151.9,ridge,197.73641565102278
IA_SHELBY,2010,171.6,ridge,184.30688512522232
IA_SIOUX,2010,196.5,ridge,178.9074066294811
IA_STORY,2010,163.9,ridge,189.93680770707226
IA_TAMA,2010,176.7,ridge,194.69810028904405
IA_TAYLOR,2010,122.2,ridge,181.47292046285378
IA_UNION,2010,113.2,ridge,182.8741678867665
IA_VAN_BUREN,2010,90.8,ridge,187.25332206781846
IA_WAPELLO,2010,100.2,ridge,187.60112883036277
IA_WARREN,2010,102.4,ridge,184.25436121871894
IA_WASHINGTON,2010,132.5,ridge,192.5088946546324
IA_WAYNE,2010,73.1,ridge,183.96681961367426
IA_WEBSTER,2010,168.4,ridge,186.7748353621266
IA_WINNESHIEK,2010,190.5,ridge,195.23662219335517
IA_WOODBURY,2010,164.3,ridge,178.20583557045063
IA_WRIGHT,2010,150.0,ridge,188.49145655600154
IL_ADAMS,2010,121.9,ridge,175.76990422808905
IL_ALEXANDER,2010,142.8,ridge,177.55107421857872
IL_BOND,2010,152.6,ridge,178.0575070271472
IL_BOONE,2010,182.5,ridge,199.24737237418555
IL_BROWN,2010,119.5,ridge,178.35073594543798
IL_BUREAU,2010,166.7,ridge,190.03905236219256
IL_CALHOUN,2010,156.6,ridge,181.1158072747072
IL_CARROLL,2010,189.8,ridge,191.2459585331198
IL_CASS,2010,148.6,ridge,180.2936909554049
IL_CHAMPAIGN,2010,169.5,ridge,196.20754142236257
IL_CHRISTIAN,2010,157.0,ridge,184.4274766293293
IL_CLARK,2010,149.1,ridge,183.5349421283755
IL_CLAY,2010,145.9,ridge,176.40169946945065
IL_CLINTON,2010,162.7,ridge,177.71525348050147
IL_COLES,2010,167.0,ridge,187.13574789090924
IL_COOK,2010,145.7,ridge,189.20915658402794
IL_CRAWFORD,2010,143.2,ridge,179.85010797169053
IL_CUMBERLAND,2010,146.7,ridge,183.7596126492823
IL_DE_WITT,2010,161.1,ridge,191.16327681252145
IL_DOUGLAS,2010,172.8,ridge,192.7947490004717
IL_EDGAR,2010,163.3,ridge,189.7773299951765
IL_EDWARDS,2010,146.5,ridge,176.51492033990957
IL_EFFINGHAM,2010,157.9,ridge,179.57583316192836
IL_FAYETTE,2010,159.3,ridge,179.67528274156845
IL_FORD,2010,143.9,ridge,200.3035743355825
IL_FRANKLIN,2010,111.4,ridge,176.47765598069805
IL_FULTON,2010,136.8,ridge,180.25689967317805
IL_GALLATIN,2010,141.5,ridge,179.4389370001466
IL_GREENE,2010,161.6,ridge,179.5104466888618
IL_GRUNDY,2010,159.2,ridge,196.9083593057323
IL_HAMILTON,2010,140.4,ridge,176.7805098333402
IL_HANCOCK,2010,116.9,ridge,178.09230939285956
IL_HENDERSON,2010,143.8,ridge,181.9231904176661
IL_HENRY,2010,158.8,ridge,187.54219885312085
IL_IROQUOIS,2010,144.7,ridge,203.19959395038896
IL_JACKSON,2010,114.9,ridge,176.20263741630114
IL_JASPER,2010,142.8,ridge,179.93158864882628
IL_JEFFERSON,2010,124.5,ridge,176.0203961289814
IL_JERSEY,2010,169.9,ridge,179.59441486976954
IL_JOHNSON,2010,106.4,ridge,173.59244896086136
IL_JO_DAVIESS,2010,176.9,ridge,187.36592723454066
IL_KANE,2010,178.2,ridge,196.9868015625599
IL_KANKAKEE,2010,149.6,ridge,201.63417867027107
IL_KENDALL,2010,168.6,ridge,197.58866012625936
IL_KNOX,2010,159.9,ridge,183.9448485416932
IL_LAWRENCE,2010,156.9,ridge,179.24057900488336
IL_LEE,2010,173.6,ridge,195.35231795029026
IL_LIVINGSTON,2010,166.6,ridge,198.59715510832703
IL_LOGAN,2010,155.7,ridge,187.18219901993504
IL_MACON,2010,168.5,ridge,188.8122150780392
IL_MACOUPIN,2010,146.9,ridge,180.5042103159084
IL_MADISON,2010,166.3,ridge,178.8516716382953
IL_MARION,2010,149.7,ridge,176.56468008798447
IL_MARSHALL,2010,163.3,ridge,188.14633711852912
IL_MASON,2010,141.0,ridge,183.55996444843356
IL_MASSAC,2010,126.0,ridge,175.88659240589442
IL_MCDONOUGH,2010,141.8,ridge,180.06635321940163
IL_MCHENRY,2010,171.4,ridge,194.1038651104301
IL_MCLEAN,2010,169.5,ridge,193.52805091788548
IL_MENARD,2010,145.6,ridge,181.74632212619414
IL_MERCER,2010,142.4,ridge,183.7336017132937
IL_MONROE,2010,143.6,ridge,180.44244721472694
IL_MONTGOMERY,2010,156.3,ridge,182.39291018171485
IL_MORGAN,2010,146.5,ridge,179.83428494195132
IL_MOULTRIE,2010,175.1,ridge,189.82291048393498
IL_OGLE,2010,183.4,ridge,196.52620348192005
IL_PEORIA,2010,157.6,ridge,183.6913588194922
IL_PERRY,2010,117.6,ridge,177.53837979237923
IL_PIATT,2010,164.5,ridge,192.10284416275312
IL_PIKE,2010,137.5,ridge,177.72273297281168
IL_PULASKI,2010,136.5,ridge,176.37653991722675
IL_PUTNAM,2010,163.8,ridge,185.86683267086573
IL_RANDOLPH,2010,130.3,ridge,178.95152035800447
IL_RICHLAND,2010,144.3,ridge,177.15944587653243
IL_ROCK_ISLAND,2010,163.9,ridge,184.96365621772875
IL_SALINE,2010,133.3,ridge,177.45589964871377
IL_SANGAMON,2010,154.5,ridge,182.91412129730531
IL_SCHUYLER,2010,129.7,ridge,178.63365905305574
IL_SCOTT,2010,139.5,ridge,180.27737497086395
IL_SHELBY,2010,162.9,ridge,184.45470829228788
IL_STARK,2010,165.9,ridge,187.88875807032787
IL_STEPHENSON,2010,180.8,ridge,195.19956074735498
IL_TAZEWELL,2010,163.4,ridge,185.005063260428
IL_UNION,2010,114.3,ridge,174.4305069820315
IL_VERMILION,2010,166.3,ridge,197.10722972215126
IL_WABASH,2010,146.6,ridge,176.86109093715004
IL_WARREN,2010,152.9,ridge,183.4693503778807
IL_WASHINGTON,2010,144.3,ridge,177.28222070626916
IL_WAYNE,2010,138.8,ridge,175.7960251506076
IL_WHITE,2010,155.4,ridge,178.6785184186691
IL_WHITESIDE,2010,164.4,ridge,191.58524373671122
IL_WILL,2010,158.3,ridge,199.16784048872898
IL_WILLIAMSON,2010,124.6,ridge,174.29624008791552
IL_WINNEBAGO,2010,172.5,ridge,198.2149084075465
IL_WOODFORD,2010,171.5,ridge,189.37029774378783
IN_ADAMS,2010,143.6,ridge,198.10662586180194
IN_ALLEN,2010,150.7,ridge,195.38756268559246
IN_BARTHOLOMEW,2010,129.9,ridge,175.42281996537235
IN_BENTON,2010,165.9,ridge,199.48915235619086
IN_BLACKFORD,2010,149.7,ridge,197.21771089297647
IN_BOONE,2010,154.9,ridge,187.18532659622855
IN_BROWN,2010,83.9,ridge,168.49321736906836
IN_CARROLL,2010,170.1,ridge,197.33506116817665
IN_CASS,2010,148.3,ridge,197.13919086493794
IN_CLARK,2010,136.9,ridge,175.76544465525507
IN_CLAY,2010,157.2,ridge,175.6922291525769
IN_CLINTON,2010,178.5,ridge,193.31610281272827
IN_CRAWFORD,2010,136.3,ridge,166.39138431697705
IN_DAVIESS,2010,160.3,ridge,172.09850339114786
IN_DEARBORN,2010,124.4,ridge,181.9922112885663
IN_DECATUR,2010,157.3,ridge,183.03830550862452
IN_DELAWARE,2010,153.7,ridge,194.6893419476358
IN_DUBOIS,2010,154.5,ridge,165.85195530157566
IN_ELKHART,2010,155.0,ridge,195.85147528039616
IN_FAYETTE,2010,149.5,ridge,187.3801348125928
IN_FLOYD,2010,147.6,ridge,176.27648393196054
IN_FOUNTAIN,2010,175.6,ridge,188.91479989743482
IN_FRANKLIN,2010,159.8,ridge,184.7363462470625
IN_FULTON,2010,169.8,ridge,197.39187712313966
IN_GIBSON,2010,155.0,ridge,170.65829287163285
IN_GRANT,2010,158.4,ridge,195.50215843857745
IN_GREENE,2010,125.8,ridge,172.58651721394963
IN_HAMILTON,2010,174.7,ridge,188.2266581810623
IN_HANCOCK,2010,153.5,ridge,186.70610506641756
IN_HARRISON,2010,130.0,ridge,173.51654900691264
IN_HENDRICKS,2010,162.5,ridge,180.69948211291253
IN_HENRY,2010,160.9,ridge,189.4971067547189
IN_HOWARD,2010,169.4,ridge,195.69372019250977
IN_HUNTINGTON,2010,166.9,ridge,196.4201765451813
IN_JACKSON,2010,126.1,ridge,171.5528345613821
IN_JASPER,2010,162.5,ridge,195.2924287779072
IN_JAY,2010,140.2,ridge,197.7773462668918
IN_JEFFERSON,2010,127.4,ridge,177.76493302218918
IN_JENNINGS,2010,131.1,ridge,176.13645071152135
IN_JOHNSON,2010,140.2,ridge,177.48476643048897
IN_KNOX,2010,163.8,ridge,173.35065235544113
IN_KOSCIUSKO,2010,167.1,ridge,195.93419956895872
IN_LAGRANGE,2010,126.0,ridge,195.22118193431012
IN_LAKE,2010,156.2,ridge,192.8056441140386
IN_LAWRENCE,2010,138.9,ridge,167.8442165164983
IN_MADISON,2010,168.4,ridge,190.4982124705702
IN_MARION,2010,157.2,ridge,181.35077283259392
IN_MARSHALL,2010,164.3,ridge,198.45086577603385
IN_MARTIN,2010,149.5,ridge,166.9856654346553
IN_MIAMI,2010,157.9,ridge,196.17464985007024
IN_MONROE,2010,138.6,ridge,169.84315216751583
IN_MONTGOMERY,2010,172.5,ridge,187.51683650416638
IN_MORGAN,2010,143.2,ridge,175.89733847402985
IN_NEWTON,2010,169.9,ridge,195.506241085262
IN_NOBLE,2010,142.4,ridge,194.15777042717454
IN_ORANGE,2010,149.4,ridge,167.28538614066295
IN_OWEN,2010,142.4,ridge,172.46648886476868
IN_PARKE,2010,164.9,ridge,179.77917760324772
IN_PERRY,2010,132.6,ridge,167.87131944698407
IN_PIKE,2010,146.1,ridge,170.38885056010116
IN_PORTER,2010,168.2,ridge,189.9845133390859
IN_POSEY,2010,146.6,ridge,172.98903764162895
IN_PULASKI,2010,165.2,ridge,194.10637363610007
IN_PUTNAM,2010,160.6,ridge,178.8243298517784
IN_RANDOLPH,2010,156.9,ridge,196.09996236947995
IN_RIPLEY,2010,135.6,ridge,181.1471872751895
IN_RUSH,2010,151.4,ridge,186.0335722198903
IN_SCOTT,2010,144.1,ridge,174.7698255211113
IN_SHELBY,2010,139.7,ridge,182.4326091584477
IN_SPENCER,2010,139.8,ridge,170.48125302308893
IN_ST._JOSEPH,2010,159.4,ridge,193.45826794911866
IN_STARKE,2010,149.5,ridge,191.00348582036338
IN_STEUBEN,2010,134.1,ridge,194.39527340216523
IN_SULLIVAN,2010,159.2,ridge,175.5101407723217
IN_TIPPECANOE,2010,175.1,ridge,195.97884074289422
IN_TIPTON,2010,181.6,ridge,192.31294323919073
IN_UNION,2010,176.4,ridge,190.14278210777803
IN_VANDERBURGH,2010,143.0,ridge,173.17793927060666
IN_VERMILLION,2010,161.7,ridge,183.06393786820055
IN_VIGO,2010,151.7,ridge,177.73544112479797
IN_WABASH,2010,161.8,ridge,196.37448002971757
IN_WARREN,2010,162.6,ridge,194.38086482101335
IN_WARRICK,2010,142.7,ridge,169.54317955411398
IN_WASHINGTON,2010,123.6,ridge,171.51674339696794
IN_WAYNE,2010,160.3,ridge,192.68812325488312
IN_WELLS,2010,156.8,ridge,196.90015063799436
IN_WHITE,2010,167.0,ridge,197.74188226150667
IN_WHITLEY,2010,153.7,ridge,194.9662140244394
MI_ALLEGAN,2010,151.1,ridge,163.08778228061942
MI_ARENAC,2010,151.5,ridge,176.98945406813692
MI_BARRY,2010,145.4,ridge,167.42888921248874
MI_BAY,2010,162.4,ridge,189.24629897337883
MI_BERRIEN,2010,158.1,ridge,160.05792943110447
MI_BRANCH,2010,143.9,ridge,174.00879944189543
MI_CALHOUN,2010,148.3,ridge,172.8136541515442
MI_CASS,2010,167.3,ridge,168.99182592615065
MI_CLINTON,2010,136.8,ridge,174.35382864903872
MI_EATON,2010,160.7,ridge,171.17353233085015
MI_GENESEE,2010,130.4,ridge,178.24977532873058
MI_GRATIOT,2010,143.7,ridge,181.91757742027022
MI_HILLSDALE,2010,139.7,ridge,171.86763233493238
MI_HURON,2010,171.4,ridge,173.7986722958993
MI_INGHAM,2010,157.7,ridge,172.54633071354775
MI_IONIA,2010,159.2,ridge,175.58106766165494
MI_JACKSON,2010,140.0,ridge,172.88543746473857
MI_KALAMAZOO,2010,154.5,ridge,170.15730176155915
MI_KENT,2010,147.6,ridge,170.57139770236424
MI_LAPEER,2010,138.5,ridge,172.53309083894706
MI_LENAWEE,2010,155.7,ridge,171.76218641728644
MI_LIVINGSTON,2010,144.2,ridge,172.54056822593634
MI_MACOMB,2010,139.7,ridge,170.9059168886452
MI_MIDLAND,2010,159.8,ridge,189.12889479870535
MI_MONROE,2010,153.0,ridge,158.06784720092347
MI_MONTCALM,2010,135.1,ridge,182.85198876141854
MI_MUSKEGON,2010,153.1,ridge,163.94781467825
MI_NEWAYGO,2010,136.6,ridge,173.73644277220416
MI_OAKLAND,2010,123.7,ridge,172.35049395167206
MI_OCEANA,2010,145.2,ridge,165.6047430972565
MI_OTTAWA,2010,146.0,ridge,159.91796893354444
MI_SAGINAW,2010,142.4,ridge,187.74044189319733
MI_SANILAC,2010,153.9,ridge,167.9043255597289
MI_SHIAWASSEE,2010,131.7,ridge,177.52470032243713
MI_TUSCOLA,2010,147.5,ridge,178.4678200601059
MI_VAN_BUREN,2010,164.9,ridge,163.44289740407987
MI_WASHTENAW,2010,142.0,ridge,169.5559282695562
MI_WAYNE,2010,134.6,ridge,165.96827688653315
MN_BLUE_EARTH,2010,174.1,ridge,193.21978395310188
MN_BROWN,2010,186.2,ridge,189.69532724153385
MN_CHIPPEWA,2010,180.8,ridge,181.89336889438806
MN_FILLMORE,2010,187.6,ridge,201.10777600595367
MN_GOODHUE,2010,193.8,ridge,198.72346885534083
MN_HOUSTON,2010,180.3,ridge,200.4614346967974
MN_MARTIN,2010,188.0,ridge,187.40445239136338
MN_MURRAY,2010,186.3,ridge,178.82664621127597
MN_NICOLLET,2010,176.7,ridge,193.105218629726
MN_NOBLES,2010,179.8,ridge,180.72806208328564
MN_PIPESTONE,2010,172.4,ridge,180.43206908323103
MN_REDWOOD,2010,184.0,ridge,188.96199718849533
MN_RENVILLE,2010,186.1,ridge,190.419466262638
MN_ROCK,2010,189.2,ridge,181.79470848740695
MN_WABASHA,2010,185.9,ridge,199.29770024939302
MN_WINONA,2010,185.2,ridge,199.98782249052437
MN_YELLOW_MEDICINE,2010,173.8,ridge,180.3379427208464
MO_ADAIR,2010,85.6,ridge,151.68166949245634
MO_ANDREW,2010,111.2,ridge,157.25755205171794
MO_ATCHISON,2010,149.4,ridge,152.4695016290075
MO_AUDRAIN,2010,122.3,ridge,158.73135379117235
MO_BARTON,2010,137.6,ridge,153.22522164141023
MO_BATES,2010,119.0,ridge,158.2961772859943
MO_BENTON,2010,123.9,ridge,148.99791207710203
MO_BOLLINGER,2010,110.0,ridge,158.86355600139672
MO_BOONE,2010,115.0,ridge,154.68162525194887
MO_BUCHANAN,2010,127.8,ridge,159.81579292190284
MO_BUTLER,2010,126.0,ridge,170.39615550462878
MO_CALDWELL,2010,106.5,ridge,159.89236165755136
MO_CALLAWAY,2010,136.0,ridge,153.70716952320197
MO_CAPE_GIRARDEAU,2010,134.8,ridge,161.79956443299022
MO_CARROLL,2010,112.5,ridge,160.79576997447555
MO_CASS,2010,109.8,ridge,164.91596909893212
MO_CEDAR,2010,126.6,ridge,146.81648842505305
MO_CHARITON,2010,108.7,ridge,156.35474275084357
MO_CLARK,2010,82.9,ridge,153.36671907988563
MO_CLAY,2010,134.4,ridge,163.71211181552246
MO_CLINTON,2010,119.6,ridge,161.29004821658708
MO_COLE,2010,132.2,ridge,149.12233751094604
MO_COOPER,2010,130.4,ridge,153.0653524716925
MO_DADE,2010,107.8,ridge,149.78627908149468
MO_DAVIESS,2010,104.5,ridge,157.6475380901836
MO_DUNKLIN,2010,150.0,ridge,167.92145740662673
MO_FRANKLIN,2010,124.0,ridge,155.02671013058279
MO_GASCONADE,2010,112.7,ridge,150.4594009078496
MO_GENTRY,2010,93.8,ridge,154.85074261055837
MO_GRUNDY,2010,109.1,ridge,154.68263398531522
MO_HARRISON,2010,100.2,ridge,153.1150185739875
MO_HENRY,2010,98.6,ridge,153.2409112233291
MO_HOLT,2010,149.4,ridge,155.54219689119572
MO_HOWARD,2010,123.4,ridge,154.8178339728418
MO_JACKSON,2010,134.1,ridge,166.0648952573764
MO_JASPER,2010,128.6,ridge,153.24076270637156
MO_JEFFERSON,2010,115.9,ridge,158.30041247648566
MO_JOHNSON,2010,106.2,ridge,160.51394998277158
MO_KNOX,2010,98.0,ridge,153.47104975901752
MO_LAFAYETTE,2010,135.6,ridge,164.09596866129107
MO_LAWRENCE,2010,92.6,ridge,152.0433695186345
MO_LEWIS,2010,95.1,ridge,154.02172691144287
MO_LINCOLN,2010,138.0,ridge,158.64848890493056
MO_LINN,2010,107.2,ridge,151.9886550791103
MO_LIVINGSTON,2010,105.4,ridge,156.56938176951022
MO_MACON,2010,96.7,ridge,151.29901145360475
MO_MARION,2010,115.1,ridge,153.88342829010568
MO_MERCER,2010,102.4,ridge,152.89599499281968
MO_MISSISSIPPI,2010,148.0,ridge,160.67473425518713
MO_MONITEAU,2010,110.9,ridge,151.15800458709467
MO_MONROE,2010,102.5,ridge,154.71937411264383
MO_MONTGOMERY,2010,126.0,ridge,156.98199827740967
MO_MORGAN,2010,119.1,ridge,149.78011347505765
MO_NEW_MADRID,2010,157.2,ridge,172.38882283646498
MO_NODAWAY,2010,121.3,ridge,153.41326830163473
MO_PEMISCOT,2010,140.0,ridge,173.70138142610594
MO_PERRY,2010,132.1,ridge,158.96982971273775
MO_PETTIS,2010,108.8,ridge,155.45405817643635
MO_PIKE,2010,131.0,ridge,158.437012472886
MO_PLATTE,2010,133.5,ridge,162.8928914605915
MO_PUTNAM,2010,93.0,ridge,151.2120519410825
MO_RALLS,2010,121.2,ridge,156.26993701005884
MO_RANDOLPH,2010,96.8,ridge,154.44057095822333
MO_RAY,2010,120.4,ridge,163.50427830819373
MO_SALINE,2010,140.5,ridge,160.46357358740892
MO_SCHUYLER,2010,74.7,ridge,153.42136238676014
MO_SCOTLAND,2010,81.8,ridge,154.0349870160514
MO_SCOTT,2010,150.6,ridge,166.9433143024748
MO_SHELBY,2010,92.0,ridge,152.9660865596877
MO_STODDARD,2010,136.4,ridge,174.2667286948142
MO_SULLIVAN,2010,91.8,ridge,150.11521295522834
MO_VERNON,2010,122.9,ridge,153.89094918926864
MO_WARREN,2010,126.3,ridge,156.11141668463236
MO_WAYNE,2010,77.0,ridge,151.8365131232498
MO_WORTH,2010,93.3,ridge,151.88463202703687
OH_ADAMS,2010,122.9,ridge,177.45082717363428
OH_ALLEN,2010,166.4,ridge,186.87704869590314
OH_ASHLAND,2010,153.2,ridge,180.6044930645555
OH_ASHTABULA,2010,151.6,ridge,169.76017266893518
OH_AUGLAIZE,2010,154.1,ridge,186.6327385087603
OH_BROWN,2010,141.2,ridge,178.146173557626
OH_BUTLER,2010,152.8,ridge,176.63107035016685
OH_CHAMPAIGN,2010,174.3,ridge,189.39237882184233
OH_CLARK,2010,179.3,ridge,188.28232560811216
OH_CLERMONT,2010,153.5,ridge,176.38272169784852
OH_CLINTON,2010,174.6,ridge,186.91698180579291
OH_COLUMBIANA,2010,146.1,ridge,180.24389283367
OH_COSHOCTON,2010,157.1,ridge,182.13557639329366
OH_CRAWFORD,2010,168.6,ridge,186.86705976446365
OH_DARKE,2010,166.5,ridge,185.25326641539067
OH_DEFIANCE,2010,140.2,ridge,185.21919511829566
OH_DELAWARE,2010,161.2,ridge,189.0601812997004
OH_ERIE,2010,181.6,ridge,178.7152563162988
OH_FAIRFIELD,2010,168.3,ridge,185.73953272725964
OH_FAYETTE,2010,168.5,ridge,188.81860877283287
OH_FRANKLIN,2010,156.8,ridge,188.47549527620382
OH_FULTON,2010,162.1,ridge,182.85614852838384
OH_GREENE,2010,189.0,ridge,186.44607193072375
OH_GUERNSEY,2010,148.6,ridge,184.564733818259
OH_HAMILTON,2010,165.0,ridge,174.3894478489563
OH_HANCOCK,2010,156.9,ridge,188.54042813663912
OH_HARDIN,2010,161.3,ridge,188.1787737273184
OH_HENRY,2010,161.7,ridge,186.64198298179804
OH_HIGHLAND,2010,154.3,ridge,183.14963054664275
OH_HOCKING,2010,157.8,ridge,182.82142811676047
OH_HOLMES,2010,157.7,ridge,180.38711126006285
OH_HURON,2010,154.0,ridge,181.3282142742477
OH_KNOX,2010,152.7,ridge,182.16957267471724
OH_LICKING,2010,160.4,ridge,185.00857866134135
OH_LOGAN,2010,159.3,ridge,188.9385190783503
OH_LORAIN,2010,152.2,ridge,175.25020197950357
OH_LUCAS,2010,171.0,ridge,175.54440798996598
OH_MADISON,2010,171.3,ridge,190.79325576280303
OH_MAHONING,2010,145.5,ridge,179.51472314916086
OH_MARION,2010,164.1,ridge,189.12973600251988
OH_MEDINA,2010,149.4,ridge,178.48188586545547
OH_MERCER,2010,152.9,ridge,186.27915914999096
OH_MIAMI,2010,172.7,ridge,185.85924976881023
OH_MONTGOMERY,2010,162.1,ridge,182.8386792278193
OH_MORGAN,2010,134.3,ridge,183.45751359773405
OH_MORROW,2010,158.6,ridge,186.05432615652
OH_MUSKINGUM,2010,145.5,ridge,184.27692812157764
OH_OTTAWA,2010,170.4,ridge,176.8594883187045
OH_PAULDING,2010,141.0,ridge,187.75487897699833
OH_PERRY,2010,164.4,ridge,184.92633506182315
OH_PICKAWAY,2010,165.9,ridge,187.67045140321696
OH_PIKE,2010,150.9,ridge,179.01441842704995
OH_PORTAGE,2010,140.7,ridge,178.04745106628775
OH_PREBLE,2010,162.1,ridge,180.40230259080204
OH_PUTNAM,2010,154.3,ridge,189.75132928596076
OH_RICHLAND,2010,151.9,ridge,182.9905399868701
OH_ROSS,2010,158.5,ridge,181.28345949584323
OH_SANDUSKY,2010,162.9,ridge,186.5010441676922
OH_SENECA,2010,149.8,ridge,185.9132135859251
OH_SHELBY,2010,158.7,ridge,186.9120850598885
OH_STARK,2010,145.8,ridge,180.55026749370876
OH_TRUMBULL,2010,157.0,ridge,175.32202456235956
OH_TUSCARAWAS,2010,157.0,ridge,182.27186093001282
OH_UNION,2010,158.1,ridge,189.83198170122188
OH_VAN_WERT,2010,151.1,ridge,186.05261669765608
OH_WARREN,2010,160.0,ridge,180.84229530480354
OH_WAYNE,2010,158.3,ridge,180.97070660812756
OH_WILLIAMS,2010,149.3,ridge,182.18628728462346
OH_WOOD,2010,152.0,ridge,185.76928401097308
OH_WYANDOT,2010,158.4,ridge,188.7848517051841
WI_ADAMS,2010,158.4,ridge,179.9916636927884
WI_BUFFALO,2010,155.8,ridge,171.2869906795761
WI_COLUMBIA,2010,172.7,ridge,183.87223008126963
WI_CRAWFORD,2010,156.7,ridge,172.15308712675161
WI_DANE,2010,177.5,ridge,184.03129947428377
WI_DODGE,2010,171.2,ridge,183.39543198836884
WI_DUNN,2010,163.2,ridge,171.07637428457025
WI_EAU_CLAIRE,2010,159.8,ridge,173.50997722842644
WI_FOND_DU_LAC,2010,172.6,ridge,181.5988211372327
WI_GRANT,2010,178.0,ridge,174.95852713920613
WI_GREEN,2010,169.8,ridge,182.69323113173616
WI_GREEN_LAKE,2010,161.7,ridge,187.4999273891845
WI_IOWA,2010,178.1,ridge,179.17522510891627
WI_JACKSON,2010,158.8,ridge,175.91001693522722
WI_JEFFERSON,2010,159.9,ridge,183.33639412474767
WI_JUNEAU,2010,152.0,ridge,177.08367062868265
WI_KENOSHA,2010,172.1,ridge,165.97471328920568
WI_LAFAYETTE,2010,182.0,ridge,178.69183689546557
WI_LA_CROSSE,2010,166.7,ridge,173.28162099576724
WI_MARINETTE,2010,155.1,ridge,192.01730382931208
WI_MARQUETTE,2010,136.3,ridge,182.09541461979953
WI_MILWAUKEE,2010,109.4,ridge,158.6645004192344
WI_MONROE,2010,156.8,ridge,174.49592701064176
WI_OCONTO,2010,139.0,ridge,191.46290687598912
WI_OUTAGAMIE,2010,131.9,ridge,189.79037374751363
WI_OZAUKEE,2010,156.5,ridge,158.35498416582107
WI_PEPIN,2010,165.4,ridge,170.1490072059716
WI_PORTAGE,2010,151.6,ridge,186.03862793381973
WI_RACINE,2010,158.9,ridge,161.88736649728477
WI_RICHLAND,2010,154.0,ridge,174.86184046939033
WI_ROCK,2010,173.8,ridge,185.49296168304076
WI_SAUK,2010,154.4,ridge,179.3704543333432
WI_SHEBOYGAN,2010,151.7,ridge,166.96420741199393
WI_TREMPEALEAU,2010,160.2,ridge,173.27406814099226
WI_VERNON,2010,157.9,ridge,173.29898535817884
WI_WALWORTH,2010,171.0,ridge,181.03508365349185
WI_WASHINGTON,2010,157.5,ridge,173.40828489506754
WI_WAUKESHA,2010,152.4,ridge,175.6472009625449
WI_WAUSHARA,2010,145.2,ridge,186.15392848167326
WI_WINNEBAGO,2010,138.2,ridge,185.3399402351521
IA_ADAIR,2010,139.1,random_forest,131.23995107376462
IA_ADAMS,2010,139.3,random_forest,137.1448641663512
IA_ALLAMAKEE,2010,175.8,random_forest,167.2446611796072
IA_APPANOOSE,2010,75.2,random_forest,134.76488757908533
IA_AUDUBON,2010,160.3,random_forest,132.79046002445864
IA_BENTON,2010,179.0,random_forest,135.21743099086825
IA_BLACK_HAWK,2010,170.4,random_forest,135.3756023020697
IA_BOONE,2010,162.5,random_forest,143.34913896674325
IA_BREMER,2010,174.6,random_forest,138.36595118286613
IA_BUCHANAN,2010,167.5,random_forest,164.92549757427543
IA_BUENA_VISTA,2010,178.3,random_forest,141.25826204504824
IA_BUTLER,2010,180.5,random_forest,137.07607140241376
IA_CALHOUN,2010,173.3,random_forest,138.30842997130907
IA_CARROLL,2010,182.0,random_forest,135.8537452907382
IA_CASS,2010,155.1,random_forest,132.31911220645102
IA_CEDAR,2010,174.4,random_forest,160.65899291715203
IA_CERRO_GORDO,2010,173.0,random_forest,139.25783679900704
IA_CHEROKEE,2010,186.9,random_forest,142.62946268315608
IA_CHICKASAW,2010,182.0,random_forest,141.01263607453117
IA_CLARKE,2010,84.5,random_forest,134.33555722309015
IA_CLAY,2010,177.6,random_forest,142.5825957098074
IA_CLAYTON,2010,176.9,random_forest,167.21327226782984
IA_CLINTON,2010,171.2,random_forest,164.84973479912207
IA_CRAWFORD,2010,185.8,random_forest,134.3363332310642
IA_DALLAS,2010,141.9,random_forest,142.6072731664666
IA_DAVIS,2010,84.0,random_forest,141.6144153254482
IA_DECATUR,2010,94.3,random_forest,131.4414254860568
IA_DELAWARE,2010,175.8,random_forest,166.12244511806264
IA_DES_MOINES,2010,112.1,random_forest,145.31834477218
IA_DICKINSON,2010,181.0,random_forest,142.05019950798268
IA_DUBUQUE,2010,170.4,random_forest,166.01642213553967
IA_EMMET,2010,183.1,random_forest,141.82237961828739
IA_FAYETTE,2010,166.5,random_forest,167.76502252328999
IA_FLOYD,2010,177.8,random_forest,138.30168232941503
IA_FRANKLIN,2010,168.0,random_forest,138.50907528445896
IA_FREMONT,2010,152.7,random_forest,141.03947776104943
IA_GREENE,2010,167.3,random_forest,143.78686133910935
IA_GRUNDY,2010,192.9,random_forest,134.97352865247584
IA_GUTHRIE,2010,141.3,random_forest,142.10419487148664
IA_HAMILTON,2010,169.6,random_forest,137.78619542585838
IA_HANCOCK,2010,176.9,random_forest,138.9547003052924
IA_HARDIN,2010,185.8,random_forest,135.56661700499413
IA_HARRISON,2010,159.4,random_forest,130.62589229234214
IA_HENRY,2010,109.0,random_forest,140.79937497658764
IA_HOWARD,2010,191.4,random_forest,142.48945178533342
IA_HUMBOLDT,2010,153.2,random_forest,139.7314303083529
IA_IDA,2010,191.8,random_forest,140.65925412486678
IA_IOWA,2010,158.5,random_forest,138.77439086612756
IA_JACKSON,2010,157.2,random_forest,167.7578786420499
IA_JASPER,2010,152.7,random_forest,138.53920974454172
IA_JEFFERSON,2010,98.5,random_forest,143.2104001309836
IA_JOHNSON,2010,150.9,random_forest,148.22323027155255
IA_JONES,2010,168.9,random_forest,166.2349421862443
IA_KEOKUK,2010,111.2,random_forest,141.19326861363888
IA_KOSSUTH,2010,184.0,random_forest,140.48429602836615
IA_LEE,2010,103.2,random_forest,137.8420624659246
IA_LINN,2010,170.3,random_forest,166.60123383516037
IA_LOUISA,2010,125.1,random_forest,141.78559429575597
IA_LUCAS,2010,71.2,random_forest,134.84301055844318
IA_LYON,2010,195.2,random_forest,149.54012426907804
IA_MADISON,2010,124.6,random_forest,137.0921998462962
IA_MAHASKA,2010,116.6,random_forest,140.06005113026012
IA_MARION,2010,112.7,random_forest,140.74160236209894
IA_MARSHALL,2010,183.3,random_forest,136.16646667754486
IA_MILLS,2010,160.2,random_forest,140.57324839686783
IA_MITCHELL,2010,190.5,random_forest,139.4612940449698
IA_MONONA,2010,168.7,random_forest,137.93078182069615
IA_MONROE,2010,77.4,random_forest,137.3922435409772
IA_MONTGOMERY,2010,157.0,random_forest,138.99204450207446
IA_MUSCATINE,2010,144.8,random_forest,156.9408442318322
IA_OSCEOLA,2010,192.7,random_forest,167.903574226249
IA_PAGE,2010,150.1,random_forest,140.01911484053912
IA_PALO_ALTO,2010,174.0,random_forest,141.94011791660722
IA_PLYMOUTH,2010,184.7,random_forest,145.14699438495626
IA_POCAHONTAS,2010,172.6,random_forest,140.9157619094027
IA_POLK,2010,139.4,random_forest,141.7675894775362
IA_POTTAWATTAMIE,2010,164.8,random_forest,131.92026977119116
IA_POWESHIEK,2010,153.2,random_forest,133.5863224258116
IA_RINGGOLD,2010,94.1,random_forest,136.2938335189961
IA_SAC,2010,189.7,random_forest,136.47593899054692
IA_SCOTT,2010,151.9,random_forest,164.02032980172905
IA_SHELBY,2010,171.6,random_forest,132.77379751672456
IA_SIOUX,2010,196.5,random_forest,153.3998011427332
IA_STORY,2010,163.9,random_forest,138.55989057123426
IA_TAMA,2010,176.7,random_forest,134.56480895898625
IA_TAYLOR,2010,122.2,random_forest,139.42904660452172
IA_UNION,2010,113.2,random_forest,131.47466235927345
IA_VAN_BUREN,2010,90.8,random_forest,143.69505928660578
IA_WAPELLO,2010,100.2,random_forest,141.72542502029236
IA_WARREN,2010,102.4,random_forest,142.13602123173786
IA_WASHINGTON,2010,132.5,random_forest,140.03780207739578
IA_WAYNE,2010,73.1,random_forest,132.87435055230998
IA_WEBSTER,2010,168.4,random_forest,139.02120440119185
IA_WINNESHIEK,2010,190.5,random_forest,166.87505525264953
IA_WOODBURY,2010,164.3,random_forest,142.51117259127835
IA_WRIGHT,2010,150.0,random_forest,137.43266531945855
IL_ADAMS,2010,121.9,random_forest,136.77046386147964
IL_ALEXANDER,2010,142.8,random_forest,146.57466345378486
IL_BOND,2010,152.6,random_forest,143.27507470746173
IL_BOONE,2010,182.5,random_forest,180.02473599221787
IL_BROWN,2010,119.5,random_forest,137.5936957128861
IL_BUREAU,2010,166.7,random_forest,176.98547341797774
IL_CALHOUN,2010,156.6,random_forest,140.2292095307409
IL_CARROLL,2010,189.8,random_forest,179.65645427260998
IL_CASS,2010,148.6,random_forest,142.1231212788553
IL_CHAMPAIGN,2010,169.5,random_forest,163.68662967179932
IL_CHRISTIAN,2010,157.0,random_forest,157.39997013927467
IL_CLARK,2010,149.1,random_forest,157.02946521099733
IL_CLAY,2010,145.9,random_forest,145.08247966361665
IL_CLINTON,2010,162.7,random_forest,146.90360168395748
IL_COLES,2010,167.0,random_forest,158.900882158633
IL_COOK,2010,145.7,random_forest,175.56750959655074
IL_CRAWFORD,2010,143.2,random_forest,142.5223992888994
IL_CUMBERLAND,2010,146.7,random_forest,151.6734812199886
IL_DE_WITT,2010,161.1,random_forest,164.11259838673868
IL_DOUGLAS,2010,172.8,random_forest,161.51572836184442
IL_EDGAR,2010,163.3,random_forest,159.50069543444687
IL_EDWARDS,2010,146.5,random_forest,148.4629023329612
IL_EFFINGHAM,2010,157.9,random_forest,142.03192902131977
IL_FAYETTE,2010,159.3,random_forest,142.8037438280408
IL_FORD,2010,143.9,random_forest,169.3800833206526
IL_FRANKLIN,2010,111.4,random_forest,147.83473049611752
IL_FULTON,2010,136.8,random_forest,157.37494858637484
IL_GALLATIN,2010,141.5,random_forest,149.41111608987316
IL_GREENE,2010,161.6,random_forest,139.92258568757018
IL_GRUNDY,2010,159.2,random_forest,174.51707342973734
IL_HAMILTON,2010,140.4,random_forest,148.38479379046206
IL_HANCOCK,2010,116.9,random_forest,137.75160149213968
IL_HENDERSON,2010,143.8,random_forest,168.72623205522902
IL_HENRY,2010,158.8,random_forest,174.534639076887
IL_IROQUOIS,2010,144.7,random_forest,169.5101120298063
IL_JACKSON,2010,114.9,random_forest,145.92317409592044
IL_JASPER,2010,142.8,random_forest,142.43294700333772
IL_JEFFERSON,2010,124.5,random_forest,147.40586118140445
IL_JERSEY,2010,169.9,random_forest,140.49985078358526
IL_JOHNSON,2010,106.4,random_forest,144.80011099235736
IL_JO_DAVIESS,2010,176.9,random_forest,176.43654431450412
IL_KANE,2010,178.2,random_forest,179.6453142782231
IL_KANKAKEE,2010,149.6,random_forest,174.07570820571175
IL_KENDALL,2010,168.6,random_forest,178.37650114884056
IL_KNOX,2010,159.9,random_forest,169.42412810672047
IL_LAWRENCE,2010,156.9,random_forest,145.06282818604686
IL_LEE,2010,173.6,random_forest,179.42706337246062
IL_LIVINGSTON,2010,166.6,random_forest,172.6166752068057
IL_LOGAN,2010,155.7,random_forest,162.42497056649316
IL_MACON,2010,168.5,random_forest,162.12190792338157
IL_MACOUPIN,2010,146.9,random_forest,139.06592097207732
IL_MADISON,2010,166.3,random_forest,143.22695183554197
IL_MARION,2010,149.7,random_forest,146.21487934032888
IL_MARSHALL,2010,163.3,random_forest,172.66340069874474
IL_MASON,2010,141.0,random_forest,160.4010369630564
IL_MASSAC,2010,126.0,random_forest,145.3953845538653
IL_MCDONOUGH,2010,141.8,random_forest,156.45371417890254
IL_MCHENRY,2010,171.4,random_forest,178.90130727359062
IL_MCLEAN,2010,169.5,random_forest,170.69274071294535
IL_MENARD,2010,145.6,random_forest,159.45502854959412
IL_MERCER,2010,142.4,random_forest,172.23897904329039
IL_MONROE,2010,143.6,random_forest,147.5830918084163
IL_MONTGOMERY,2010,156.3,random_forest,141.92408424275897
IL_MORGAN,2010,146.5,random_forest,138.70481469806754
IL_MOULTRIE,2010,175.1,random_forest,160.42204320226568
IL_OGLE,2010,183.4,random_forest,180.36353315953974
IL_PEORIA,2010,157.6,random_forest,166.17171323607258
IL_PERRY,2010,117.6,random_forest,147.87060058436262
IL_PIATT,2010,164.5,random_forest,162.53912772055497
IL_PIKE,2010,137.5,random_forest,138.1821562860763
IL_PULASKI,2010,136.5,random_forest,145.4614950961009
IL_PUTNAM,2010,163.8,random_forest,172.2038478943386
IL_RANDOLPH,2010,130.3,random_forest,147.04384776079723
IL_RICHLAND,2010,144.3,random_forest,145.90776159002357
IL_ROCK_ISLAND,2010,163.9,random_forest,172.01605431240165
IL_SALINE,2010,133.3,random_forest,148.01832719455794
IL_SANGAMON,2010,154.5,random_forest,156.23100525738963
IL_SCHUYLER,2010,129.7,random_forest,143.3651119522646
IL_SCOTT,2010,139.5,random_forest,139.8381324018989
IL_SHELBY,2010,162.9,random_forest,144.6059230760165
IL_STARK,2010,165.9,random_forest,174.81148153882543
IL_STEPHENSON,2010,180.8,random_forest,179.92666238220934
IL_TAZEWELL,2010,163.4,random_forest,162.0364440765488
IL_UNION,2010,114.3,random_forest,145.71726670123184
IL_VERMILION,2010,166.3,random_forest,163.431712276892
IL_WABASH,2010,146.6,random_forest,148.86942953839466
IL_WARREN,2010,152.9,random_forest,170.95001341035442
IL_WASHINGTON,2010,144.3,random_forest,148.18169220975116
IL_WAYNE,2010,138.8,random_forest,148.40281644835972
IL_WHITE,2010,155.4,random_forest,149.4327748460475
IL_WHITESIDE,2010,164.4,random_forest,179.56602856649155
IL_WILL,2010,158.3,random_forest,175.3524836660374
IL_WILLIAMSON,2010,124.6,random_forest,146.23233379559582
IL_WINNEBAGO,2010,172.5,random_forest,180.6548329597403
IL_WOODFORD,2010,171.5,random_forest,171.0100107756581
IN_ADAMS,2010,143.6,random_forest,158.3936140571663
IN_ALLEN,2010,150.7,random_forest,159.6114043921128
IN_BARTHOLOMEW,2010,129.9,random_forest,142.3235411440035
IN_BENTON,2010,165.9,random_forest,158.27865687628187
IN_BLACKFORD,2010,149.7,random_forest,157.75166588527983
IN_BOONE,2010,154.9,random_forest,152.68373297891964
IN_BROWN,2010,83.9,random_forest,141.83508921238007
IN_CARROLL,2010,170.1,random_forest,157.86933962254557
IN_CASS,2010,148.3,random_forest,158.43164220128816
IN_CLARK,2010,136.9,random_forest,138.7263011710512
IN_CLAY,2010,157.2,random_forest,144.31683552564095
IN_CLINTON,2010,178.5,random_forest,156.3429163555154
IN_CRAWFORD,2010,136.3,random_forest,136.58996200327448
IN_DAVIESS,2010,160.3,random_forest,142.0354365201536
IN_DEARBORN,2010,124.4,random_forest,151.10708753833933
IN_DECATUR,2010,157.3,random_forest,147.3526487540085
IN_DELAWARE,2010,153.7,random_forest,157.44709513127873
IN_DUBOIS,2010,154.5,random_forest,140.31398450854698
IN_ELKHART,2010,155.0,random_forest,154.42553853174357
IN_FAYETTE,2010,149.5,random_forest,155.30772573745904
IN_FLOYD,2010,147.6,random_forest,139.43144558392999
IN_FOUNTAIN,2010,175.6,random_forest,149.03705641852432
IN_FRANKLIN,2010,159.8,random_forest,152.3867836984027
IN_FULTON,2010,169.8,random_forest,159.55773463352492
IN_GIBSON,2010,155.0,random_forest,148.80814769133542
IN_GRANT,2010,158.4,random_forest,158.12534005344173
IN_GREENE,2010,125.8,random_forest,142.87567365239684
IN_HAMILTON,2010,174.7,random_forest,153.23910092641606
IN_HANCOCK,2010,153.5,random_forest,151.98225296160066
IN_HARRISON,2010,130.0,random_forest,138.0940596625596
IN_HENDRICKS,2010,162.5,random_forest,143.95553541775024
IN_HENRY,2010,160.9,random_forest,155.80062019130247
IN_HOWARD,2010,169.4,random_forest,157.68273285893972
IN_HUNTINGTON,2010,166.9,random_forest,159.34842729519352
IN_JACKSON,2010,126.1,random_forest,145.06175957764617
IN_JASPER,2010,162.5,random_forest,156.92058813864804
IN_JAY,2010,140.2,random_forest,157.71670755688615
IN_JEFFERSON,2010,127.4,random_forest,149.97044252232382
IN_JENNINGS,2010,131.1,random_forest,145.55395807849771
IN_JOHNSON,2010,140.2,random_forest,142.0430713292373
IN_KNOX,2010,163.8,random_forest,144.91313059609405
IN_KOSCIUSKO,2010,167.1,random_forest,158.70485265453084
IN_LAGRANGE,2010,126.0,random_forest,149.9343170711781
IN_LAKE,2010,156.2,random_forest,159.20234168495466
IN_LAWRENCE,2010,138.9,random_forest,141.81882345506693
IN_MADISON,2010,168.4,random_forest,156.61955270705096
IN_MARION,2010,157.2,random_forest,144.44670388559481
IN_MARSHALL,2010,164.3,random_forest,158.2029133000777
IN_MARTIN,2010,149.5,random_forest,137.11649496041133
IN_MIAMI,2010,157.9,random_forest,158.3326059191683
IN_MONROE,2010,138.6,random_forest,142.5096246634471
IN_MONTGOMERY,2010,172.5,random_forest,152.18202428402503
IN_MORGAN,2010,143.2,random_forest,142.24490407768775
IN_NEWTON,2010,169.9,random_forest,156.95572079746748
IN_NOBLE,2010,142.4,random_forest,154.6708906936248
IN_ORANGE,2010,149.4,random_forest,136.0901991583784
IN_OWEN,2010,142.4,random_forest,141.89280684241675
IN_PARKE,2010,164.9,random_forest,145.77096466855784
IN_PERRY,2010,132.6,random_forest,140.79608123473753
IN_PIKE,2010,146.1,random_forest,145.36494400960052
IN_PORTER,2010,168.2,random_forest,154.02989895759228
IN_POSEY,2010,146.6,random_forest,150.86752814439848
IN_PULASKI,2010,165.2,random_forest,157.95781444172
IN_PUTNAM,2010,160.6,random_forest,146.1563768342365
IN_RANDOLPH,2010,156.9,random_forest,157.724439755439
IN_RIPLEY,2010,135.6,random_forest,149.8945789800361
IN_RUSH,2010,151.4,random_forest,153.3781400080711
IN_SCOTT,2010,144.1,random_forest,139.12089974078214
IN_SHELBY,2010,139.7,random_forest,144.32604678491992
IN_SPENCER,2010,139.8,random_forest,146.04851188486757
IN_ST._JOSEPH,2010,159.4,random_forest,152.5565993853068
IN_STARKE,2010,149.5,random_forest,157.0958270448919
IN_STEUBEN,2010,134.1,random_forest,148.8623461537698
IN_SULLIVAN,2010,159.2,random_forest,141.11605955902604
IN_TIPPECANOE,2010,175.1,random_forest,157.09572930797688
IN_TIPTON,2010,181.6,random_forest,156.5810385322262
IN_UNION,2010,176.4,random_forest,156.18372909627104
IN_VANDERBURGH,2010,143.0,random_forest,148.45273883821855
IN_VERMILLION,2010,161.7,random_forest,145.668294748435
IN_VIGO,2010,151.7,random_forest,146.82413421262038
IN_WABASH,2010,161.8,random_forest,158.84745586418802
IN_WARREN,2010,162.6,random_forest,151.79672928525383
IN_WARRICK,2010,142.7,random_forest,146.57575237007683
IN_WASHINGTON,2010,123.6,random_forest,138.18596676674832
IN_WAYNE,2010,160.3,random_forest,158.44159560393786
IN_WELLS,2010,156.8,random_forest,158.55289855201187
IN_WHITE,2010,167.0,random_forest,157.35021858199798
IN_WHITLEY,2010,153.7,random_forest,157.79122447374783
MI_ALLEGAN,2010,151.1,random_forest,145.68943096454908
MI_ARENAC,2010,151.5,random_forest,143.59794252657173
MI_BARRY,2010,145.4,random_forest,144.02503420963617
MI_BAY,2010,162.4,random_forest,142.53491787567185
MI_BERRIEN,2010,158.1,random_forest,144.23581243553753
MI_BRANCH,2010,143.9,random_forest,144.44942095973641
MI_CALHOUN,2010,148.3,random_forest,144.3734329997089
MI_CASS,2010,167.3,random_forest,143.95507174103756
MI_CLINTON,2010,136.8,random_forest,147.90955722977074
MI_EATON,2010,160.7,random_forest,144.14014713995365
MI_GENESEE,2010,130.4,random_forest,148.897717893098
MI_GRATIOT,2010,143.7,random_forest,148.0317224449896
MI_HILLSDALE,2010,139.7,random_forest,144.95691585976485
MI_HURON,2010,171.4,random_forest,144.50063120808994
MI_INGHAM,2010,157.7,random_forest,143.7519201712803
MI_IONIA,2010,159.2,random_forest,144.22403380331858
MI_JACKSON,2010,140.0,random_forest,144.86466425258556
MI_KALAMAZOO,2010,154.5,random_forest,143.34010302137432
MI_KENT,2010,147.6,random_forest,144.94471744122632
MI_LAPEER,2010,138.5,random_forest,145.35774414663973
MI_LENAWEE,2010,155.7,random_forest,147.07768809342605
MI_LIVINGSTON,2010,144.2,random_forest,144.06015438369357
MI_MACOMB,2010,139.7,random_forest,145.08870061408538
MI_MIDLAND,2010,159.8,random_forest,149.63278129549474
MI_MONROE,2010,153.0,random_forest,148.51086166429593
MI_MONTCALM,2010,135.1,random_forest,141.13418947615267
MI_MUSKEGON,2010,153.1,random_forest,143.50220236642798
MI_NEWAYGO,2010,136.6,random_forest,141.2389566215486
MI_OAKLAND,2010,123.7,random_forest,144.10985462625212
MI_OCEANA,2010,145.2,random_forest,143.088123652722
MI_OTTAWA,2010,146.0,random_forest,145.09913773314221
MI_SAGINAW,2010,142.4,random_forest,151.1571425677778
MI_SANILAC,2010,153.9,random_forest,144.0893163146804
MI_SHIAWASSEE,2010,131.7,random_forest,148.14233250310986
MI_TUSCOLA,2010,147.5,random_forest,146.7492446894887
MI_VAN_BUREN,2010,164.9,random_forest,144.36526630170798
MI_WASHTENAW,2010,142.0,random_forest,145.05384854581123
MI_WAYNE,2010,134.6,random_forest,147.3516903704803
MN_BLUE_EARTH,2010,174.1,random_forest,139.45359656139667
MN_BROWN,2010,186.2,random_forest,139.74841769168896
MN_CHIPPEWA,2010,180.8,random_forest,165.38740732361495
MN_FILLMORE,2010,187.6,random_forest,139.3728163297135
MN_GOODHUE,2010,193.8,random_forest,136.53529815147323
MN_HOUSTON,2010,180.3,random_forest,164.7479062151489
MN_MARTIN,2010,188.0,random_forest,137.70655793974782
MN_MURRAY,2010,186.3,random_forest,168.35816207074322
MN_NICOLLET,2010,176.7,random_forest,139.1424206892396
MN_NOBLES,2010,179.8,random_forest,171.1473526847638
MN_PIPESTONE,2010,172.4,random_forest,166.78523791639472
MN_REDWOOD,2010,184.0,random_forest,163.69118441979361
MN_RENVILLE,2010,186.1,random_forest,171.2126324553763
MN_ROCK,2010,189.2,random_forest,171.2657134270917
MN_WABASHA,2010,185.9,random_forest,136.8259186992113
MN_WINONA,2010,185.2,random_forest,136.5561314359706
MN_YELLOW_MEDICINE,2010,173.8,random_forest,165.54369598715732
MO_ADAIR,2010,85.6,random_forest,130.07968096846335
MO_ANDREW,2010,111.2,random_forest,139.16868037446613
MO_ATCHISON,2010,149.4,random_forest,141.71905085312963
MO_AUDRAIN,2010,122.3,random_forest,138.06246220965983
MO_BARTON,2010,137.6,random_forest,143.3089464875402
MO_BATES,2010,119.0,random_forest,143.39101957193134
MO_BENTON,2010,123.9,random_forest,138.6186386651543
MO_BOLLINGER,2010,110.0,random_forest,146.73059801748497
MO_BOONE,2010,115.0,random_forest,134.79542825577204
MO_BUCHANAN,2010,127.8,random_forest,138.7648757727158
MO_BUTLER,2010,126.0,random_forest,152.8813894676628
MO_CALDWELL,2010,106.5,random_forest,139.00368731212887
MO_CALLAWAY,2010,136.0,random_forest,134.98339701739707
MO_CAPE_GIRARDEAU,2010,134.8,random_forest,150.0118586145268
MO_CARROLL,2010,112.5,random_forest,140.19337645279003
MO_CASS,2010,109.8,random_forest,142.4102644213425
MO_CEDAR,2010,126.6,random_forest,139.35598687597118
MO_CHARITON,2010,108.7,random_forest,138.86444484620216
MO_CLARK,2010,82.9,random_forest,133.8714816631553
MO_CLAY,2010,134.4,random_forest,140.22834831783265
MO_CLINTON,2010,119.6,random_forest,139.21776783275956
MO_COLE,2010,132.2,random_forest,137.24600547040689
MO_COOPER,2010,130.4,random_forest,139.4766457275364
MO_DADE,2010,107.8,random_forest,139.04036342130087
MO_DAVIESS,2010,104.5,random_forest,139.26166772407794
MO_DUNKLIN,2010,150.0,random_forest,156.2028285672661
MO_FRANKLIN,2010,124.0,random_forest,136.88400758677602
MO_GASCONADE,2010,112.7,random_forest,134.99361184475248
MO_GENTRY,2010,93.8,random_forest,139.20378784770813
MO_GRUNDY,2010,109.1,random_forest,136.96514961500696
MO_HARRISON,2010,100.2,random_forest,136.17830356805896
MO_HENRY,2010,98.6,random_forest,140.20304803703237
MO_HOLT,2010,149.4,random_forest,138.18523523443466
MO_HOWARD,2010,123.4,random_forest,138.35495463155573
MO_JACKSON,2010,134.1,random_forest,140.55003064367673
MO_JASPER,2010,128.6,random_forest,142.12577102411473
MO_JEFFERSON,2010,115.9,random_forest,140.63079109605673
MO_JOHNSON,2010,106.2,random_forest,141.57626556603117
MO_KNOX,2010,98.0,random_forest,134.75309260374894
MO_LAFAYETTE,2010,135.6,random_forest,140.95097903209387
MO_LAWRENCE,2010,92.6,random_forest,120.73866768763644
MO_LEWIS,2010,95.1,random_forest,137.3125731010423
MO_LINCOLN,2010,138.0,random_forest,139.29563316769017
MO_LINN,2010,107.2,random_forest,132.92374547674552
MO_LIVINGSTON,2010,105.4,random_forest,137.55575455738364
MO_MACON,2010,96.7,random_forest,134.79932454187417
MO_MARION,2010,115.1,random_forest,136.04109131509628
MO_MERCER,2010,102.4,random_forest,122.56911640257935
MO_MISSISSIPPI,2010,148.0,random_forest,148.29124480890482
MO_MONITEAU,2010,110.9,random_forest,137.03306525072156
MO_MONROE,2010,102.5,random_forest,136.21195048180437
MO_MONTGOMERY,2010,126.0,random_forest,136.84830950297044
MO_MORGAN,2010,119.1,random_forest,139.147081135878
MO_NEW_MADRID,2010,157.2,random_forest,154.44496012015858
MO_NODAWAY,2010,121.3,random_forest,139.14816589087118
MO_PEMISCOT,2010,140.0,random_forest,156.30011127892703
MO_PERRY,2010,132.1,random_forest,146.12385143420715
MO_PETTIS,2010,108.8,random_forest,141.8501966696498
MO_PIKE,2010,131.0,random_forest,138.20833902568694
MO_PLATTE,2010,133.5,random_forest,140.43658459422517
MO_PUTNAM,2010,93.0,random_forest,121.60688485661176
MO_RALLS,2010,121.2,random_forest,136.71595636616365
MO_RANDOLPH,2010,96.8,random_forest,136.07897312521487
MO_RAY,2010,120.4,random_forest,140.58744011655682
MO_SALINE,2010,140.5,random_forest,140.20702903978636
MO_SCHUYLER,2010,74.7,random_forest,137.10009100788935
MO_SCOTLAND,2010,81.8,random_forest,138.41839826860684
MO_SCOTT,2010,150.6,random_forest,152.80469493566366
MO_SHELBY,2010,92.0,random_forest,137.11553663485327
MO_STODDARD,2010,136.4,random_forest,153.76413874771387
MO_SULLIVAN,2010,91.8,random_forest,121.72259183766514
MO_VERNON,2010,122.9,random_forest,143.15982640276388
MO_WARREN,2010,126.3,random_forest,135.18561387741545
MO_WAYNE,2010,77.0,random_forest,145.35088750924317
MO_WORTH,2010,93.3,random_forest,138.67029488421062
OH_ADAMS,2010,122.9,random_forest,157.12149308054904
OH_ALLEN,2010,166.4,random_forest,153.7541741897633
OH_ASHLAND,2010,153.2,random_forest,151.65639851958412
OH_ASHTABULA,2010,151.6,random_forest,140.40838754248952
OH_AUGLAIZE,2010,154.1,random_forest,153.36837391957332
OH_BROWN,2010,141.2,random_forest,157.08139129804903
OH_BUTLER,2010,152.8,random_forest,152.9406189712766
OH_CHAMPAIGN,2010,174.3,random_forest,154.1557498011195
OH_CLARK,2010,179.3,random_forest,154.7175850231882
OH_CLERMONT,2010,153.5,random_forest,152.90565213524778
OH_CLINTON,2010,174.6,random_forest,157.3511948100296
OH_COLUMBIANA,2010,146.1,random_forest,144.72857542168123
OH_COSHOCTON,2010,157.1,random_forest,151.3113422562583
OH_CRAWFORD,2010,168.6,random_forest,153.29287219073905
OH_DARKE,2010,166.5,random_forest,153.52784840123044
OH_DEFIANCE,2010,140.2,random_forest,150.98192217306112
OH_DELAWARE,2010,161.2,random_forest,153.27161675014267
OH_ERIE,2010,181.6,random_forest,151.36586726012786
OH_FAIRFIELD,2010,168.3,random_forest,157.50929963937935
OH_FAYETTE,2010,168.5,random_forest,158.42411017227582
OH_FRANKLIN,2010,156.8,random_forest,158.99123575779737
OH_FULTON,2010,162.1,random_forest,148.5315268370478
OH_GREENE,2010,189.0,random_forest,153.80695976079622
OH_GUERNSEY,2010,148.6,random_forest,152.37395365205032
OH_HAMILTON,2010,165.0,random_forest,153.1820493768344
OH_HANCOCK,2010,156.9,random_forest,153.69212102348055
OH_HARDIN,2010,161.3,random_forest,154.03370210136478
OH_HENRY,2010,161.7,random_forest,152.6544966507461
OH_HIGHLAND,2010,154.3,random_forest,156.02554093369673
OH_HOCKING,2010,157.8,random_forest,156.09836498223189
OH_HOLMES,2010,157.7,random_forest,150.36139907400886
OH_HURON,2010,154.0,random_forest,151.74127434773067
OH_KNOX,2010,152.7,random_forest,152.5813700351358
OH_LICKING,2010,160.4,random_forest,153.2796594467584
OH_LOGAN,2010,159.3,random_forest,153.41651931610397
OH_LORAIN,2010,152.2,random_forest,146.4523214869592
OH_LUCAS,2010,171.0,random_forest,149.3876407692697
OH_MADISON,2010,171.3,random_forest,156.20635902250712
OH_MAHONING,2010,145.5,random_forest,143.16738476208155
OH_MARION,2010,164.1,random_forest,152.89609585366838
OH_MEDINA,2010,149.4,random_forest,150.39921498585153
OH_MERCER,2010,152.9,random_forest,151.98556066974993
OH_MIAMI,2010,172.7,random_forest,154.17164941560003
OH_MONTGOMERY,2010,162.1,random_forest,155.81230164116621
OH_MORGAN,2010,134.3,random_forest,154.7314239149349
OH_MORROW,2010,158.6,random_forest,152.69142131674144
OH_MUSKINGUM,2010,145.5,random_forest,156.20843945580722
OH_OTTAWA,2010,170.4,random_forest,148.92814700059154
OH_PAULDING,2010,141.0,random_forest,152.69299905093862
OH_PERRY,2010,164.4,random_forest,155.83153483784264
OH_PICKAWAY,2010,165.9,random_forest,159.12101223538664
OH_PIKE,2010,150.9,random_forest,151.26260280106314
OH_PORTAGE,2010,140.7,random_forest,143.4238119702941
OH_PREBLE,2010,162.1,random_forest,151.70063266743944
OH_PUTNAM,2010,154.3,random_forest,153.52241660194974
OH_RICHLAND,2010,151.9,random_forest,151.40710320763446
OH_ROSS,2010,158.5,random_forest,156.31641675001657
OH_SANDUSKY,2010,162.9,random_forest,153.19301927439628
OH_SENECA,2010,149.8,random_forest,153.2541651144544
OH_SHELBY,2010,158.7,random_forest,153.26962738174305
OH_STARK,2010,145.8,random_forest,144.97920951593943
OH_TRUMBULL,2010,157.0,random_forest,140.53803918862224
OH_TUSCARAWAS,2010,157.0,random_forest,151.79148254249088
OH_UNION,2010,158.1,random_forest,153.56291139299984
OH_VAN_WERT,2010,151.1,random_forest,153.78892714749912
OH_WARREN,2010,160.0,random_forest,154.27761078164912
OH_WAYNE,2010,158.3,random_forest,151.04133537665604
OH_WILLIAMS,2010,149.3,random_forest,147.56917676448708
OH_WOOD,2010,152.0,random_forest,153.7790872261143
OH_WYANDOT,2010,158.4,random_forest,154.14329397526072
WI_ADAMS,2010,158.4,random_forest,143.12633772165702
WI_BUFFALO,2010,155.8,random_forest,128.42701173491574
WI_COLUMBIA,2010,172.7,random_forest,144.1049872029177
WI_CRAWFORD,2010,156.7,random_forest,144.37717758430387
WI_DANE,2010,177.5,random_forest,149.81091725469366
WI_DODGE,2010,171.2,random_forest,146.90718504712768
WI_DUNN,2010,163.2,random_forest,134.387577027597
WI_EAU_CLAIRE,2010,159.8,random_forest,144.8131191845244
WI_FOND_DU_LAC,2010,172.6,random_forest,146.33990769065284
WI_GRANT,2010,178.0,random_forest,147.7603514254975
WI_GREEN,2010,169.8,random_forest,151.17350289593696
WI_GREEN_LAKE,2010,161.7,random_forest,149.00625792733487
WI_IOWA,2010,178.1,random_forest,150.40329283182297
WI_JACKSON,2010,158.8,random_forest,144.1023068949567
WI_JEFFERSON,2010,159.9,random_forest,147.61209544427632
WI_JUNEAU,2010,152.0,random_forest,143.32421878113297
WI_KENOSHA,2010,172.1,random_forest,144.6353873526837
WI_LAFAYETTE,2010,182.0,random_forest,150.29767274660745
WI_LA_CROSSE,2010,166.7,random_forest,143.38049048201103
WI_MARINETTE,2010,155.1,random_forest,139.569401143785
WI_MARQUETTE,2010,136.3,random_forest,148.24060496532832
WI_MILWAUKEE,2010,109.4,random_forest,144.52784543902774
WI_MONROE,2010,156.8,random_forest,143.24841867150803
WI_OCONTO,2010,139.0,random_forest,145.2745149501191
WI_OUTAGAMIE,2010,131.9,random_forest,151.23875019792953
WI_OZAUKEE,2010,156.5,random_forest,141.70223284956623
WI_PEPIN,2010,165.4,random_forest,127.6422662079478
WI_PORTAGE,2010,151.6,random_forest,150.9346789986003
WI_RACINE,2010,158.9,random_forest,146.61110000371391
WI_RICHLAND,2010,154.0,random_forest,144.82657169884845
WI_ROCK,2010,173.8,random_forest,152.0239262119143
WI_SAUK,2010,154.4,random_forest,145.0524384401817
WI_SHEBOYGAN,2010,151.7,random_forest,143.98009032419358
WI_TREMPEALEAU,2010,160.2,random_forest,145.4049370573588
WI_VERNON,2010,157.9,random_forest,143.4117067740426
WI_WALWORTH,2010,171.0,random_forest,148.0023283608392
WI_WASHINGTON,2010,157.5,random_forest,146.67381845909742
WI_WAUKESHA,2010,152.4,random_forest,148.19935011680934
WI_WAUSHARA,2010,145.2,random_forest,151.0186786273485
WI_WINNEBAGO,2010,138.2,random_forest,144.43257966029662
IA_ADAIR,2010,139.1,xgboost,144.66233825683594
IA_ADAMS,2010,139.3,xgboost,147.0460662841797
IA_ALLAMAKEE,2010,175.8,xgboost,168.33212280273438
IA_APPANOOSE,2010,75.2,xgboost,150.5840606689453
IA_AUDUBON,2010,160.3,xgboost,155.6999969482422
IA_BENTON,2010,179.0,xgboost,157.29095458984375
IA_BLACK_HAWK,2010,170.4,xgboost,152.07066345214844
IA_BOONE,2010,162.5,xgboost,158.99427795410156
IA_BREMER,2010,174.6,xgboost,153.57452392578125
IA_BUCHANAN,2010,167.5,xgboost,166.38821411132812
IA_BUENA_VISTA,2010,178.3,xgboost,154.42901611328125
IA_BUTLER,2010,180.5,xgboost,150.5084686279297
IA_CALHOUN,2010,173.3,xgboost,157.29864501953125
IA_CARROLL,2010,182.0,xgboost,154.74118041992188
IA_CASS,2010,155.1,xgboost,153.83277893066406
IA_CEDAR,2010,174.4,xgboost,173.04165649414062
IA_CERRO_GORDO,2010,173.0,xgboost,152.2228240966797
IA_CHEROKEE,2010,186.9,xgboost,160.29649353027344
IA_CHICKASAW,2010,182.0,xgboost,155.52056884765625
IA_CLARKE,2010,84.5,xgboost,146.54666137695312
IA_CLAY,2010,177.6,xgboost,155.2941131591797
IA_CLAYTON,2010,176.9,xgboost,169.95509338378906
IA_CLINTON,2010,171.2,xgboost,174.40870666503906
IA_CRAWFORD,2010,185.8,xgboost,153.58775329589844
IA_DALLAS,2010,141.9,xgboost,159.08155822753906
IA_DAVIS,2010,84.0,xgboost,144.1053466796875
IA_DECATUR,2010,94.3,xgboost,142.95277404785156
IA_DELAWARE,2010,175.8,xgboost,171.6948699951172
IA_DES_MOINES,2010,112.1,xgboost,158.2224578857422
IA_DICKINSON,2010,181.0,xgboost,156.41729736328125
IA_DUBUQUE,2010,170.4,xgboost,171.6486358642578
IA_EMMET,2010,183.1,xgboost,155.63595581054688
IA_FAYETTE,2010,166.5,xgboost,168.01551818847656
IA_FLOYD,2010,177.8,xgboost,151.24411010742188
IA_FRANKLIN,2010,168.0,xgboost,151.94601440429688
IA_FREMONT,2010,152.7,xgboost,146.80838012695312
IA_GREENE,2010,167.3,xgboost,159.87930297851562
IA_GRUNDY,2010,192.9,xgboost,151.87753295898438
IA_GUTHRIE,2010,141.3,xgboost,156.9197998046875
IA_HAMILTON,2010,169.6,xgboost,158.7590789794922
IA_HANCOCK,2010,176.9,xgboost,152.57469177246094
IA_HARDIN,2010,185.8,xgboost,157.06512451171875
IA_HARRISON,2010,159.4,xgboost,149.6317138671875
IA_HENRY,2010,109.0,xgboost,158.64010620117188
IA_HOWARD,2010,191.4,xgboost,155.22035217285156
IA_HUMBOLDT,2010,153.2,xgboost,153.50074768066406
IA_IDA,2010,191.8,xgboost,155.4499053955078
IA_IOWA,2010,158.5,xgboost,161.55638122558594
IA_JACKSON,2010,157.2,xgboost,174.13169860839844
IA_JASPER,2010,152.7,xgboost,157.25006103515625
IA_JEFFERSON,2010,98.5,xgboost,152.36183166503906
IA_JOHNSON,2010,150.9,xgboost,161.71905517578125
IA_JONES,2010,168.9,xgboost,171.57247924804688
IA_KEOKUK,2010,111.2,xgboost,163.984375
IA_KOSSUTH,2010,184.0,xgboost,154.947021484375
IA_LEE,2010,103.2,xgboost,145.6967010498047
IA_LINN,2010,170.3,xgboost,170.14646911621094
IA_LOUISA,2010,125.1,xgboost,158.27732849121094
IA_LUCAS,2010,71.2,xgboost,150.45611572265625
IA_LYON,2010,195.2,xgboost,168.48272705078125
IA_MADISON,2010,124.6,xgboost,146.9524383544922
IA_MAHASKA,2010,116.6,xgboost,158.73257446289062
IA_MARION,2010,112.7,xgboost,157.26002502441406
IA_MARSHALL,2010,183.3,xgboost,156.8243865966797
IA_MILLS,2010,160.2,xgboost,148.80349731445312
IA_MITCHELL,2010,190.5,xgboost,151.96075439453125
IA_MONONA,2010,168.7,xgboost,151.98841857910156
IA_MONROE,2010,77.4,xgboost,151.34149169921875
IA_MONTGOMERY,2010,157.0,xgboost,152.53286743164062
IA_MUSCATINE,2010,144.8,xgboost,169.91375732421875
IA_OSCEOLA,2010,192.7,xgboost,173.30152893066406
IA_PAGE,2010,150.1,xgboost,149.54812622070312
IA_PALO_ALTO,2010,174.0,xgboost,154.65843200683594
IA_PLYMOUTH,2010,184.7,xgboost,167.18759155273438
IA_POCAHONTAS,2010,172.6,xgboost,155.95042419433594
IA_POLK,2010,139.4,xgboost,159.82118225097656
IA_POTTAWATTAMIE,2010,164.8,xgboost,149.9100341796875
IA_POWESHIEK,2010,153.2,xgboost,159.8456268310547
IA_RINGGOLD,2010,94.1,xgboost,146.31790161132812
IA_SAC,2010,189.7,xgboost,153.1857452392578
IA_SCOTT,2010,151.9,xgboost,178.0195770263672
IA_SHELBY,2010,171.6,xgboost,152.4671173095703
IA_SIOUX,2010,196.5,xgboost,168.35948181152344
IA_STORY,2010,163.9,xgboost,157.41859436035156
IA_TAMA,2010,176.7,xgboost,155.5826416015625
IA_TAYLOR,2010,122.2,xgboost,146.39633178710938
IA_UNION,2010,113.2,xgboost,143.26596069335938
IA_VAN_BUREN,2010,90.8,xgboost,146.55393981933594
IA_WAPELLO,2010,100.2,xgboost,150.2008056640625
IA_WARREN,2010,102.4,xgboost,157.7480926513672
IA_WASHINGTON,2010,132.5,xgboost,161.42437744140625
IA_WAYNE,2010,73.1,xgboost,143.4635009765625
IA_WEBSTER,2010,168.4,xgboost,158.92642211914062
IA_WINNESHIEK,2010,190.5,xgboost,166.5655059814453
IA_WOODBURY,2010,164.3,xgboost,157.7790069580078
IA_WRIGHT,2010,150.0,xgboost,153.3351593017578
IL_ADAMS,2010,121.9,xgboost,135.2519073486328
IL_ALEXANDER,2010,142.8,xgboost,147.8248748779297
IL_BOND,2010,152.6,xgboost,140.63568115234375
IL_BOONE,2010,182.5,xgboost,178.56776428222656
IL_BROWN,2010,119.5,xgboost,137.12733459472656
IL_BUREAU,2010,166.7,xgboost,181.92758178710938
IL_CALHOUN,2010,156.6,xgboost,138.04318237304688
IL_CARROLL,2010,189.8,xgboost,176.03309631347656
IL_CASS,2010,148.6,xgboost,146.72122192382812
IL_CHAMPAIGN,2010,169.5,xgboost,165.87474060058594
IL_CHRISTIAN,2010,157.0,xgboost,157.6855926513672
IL_CLARK,2010,149.1,xgboost,154.63865661621094
IL_CLAY,2010,145.9,xgboost,140.82859802246094
IL_CLINTON,2010,162.7,xgboost,141.066162109375
IL_COLES,2010,167.0,xgboost,157.0076904296875
IL_COOK,2010,145.7,xgboost,177.2267303466797
IL_CRAWFORD,2010,143.2,xgboost,135.02581787109375
IL_CUMBERLAND,2010,146.7,xgboost,147.45547485351562
IL_DE_WITT,2010,161.1,xgboost,168.457275390625
IL_DOUGLAS,2010,172.8,xgboost,164.12930297851562
IL_EDGAR,2010,163.3,xgboost,155.98190307617188
IL_EDWARDS,2010,146.5,xgboost,143.27200317382812
IL_EFFINGHAM,2010,157.9,xgboost,134.7309112548828
IL_FAYETTE,2010,159.3,xgboost,138.7873077392578
IL_FORD,2010,143.9,xgboost,173.73947143554688
IL_FRANKLIN,2010,111.4,xgboost,143.2061004638672
IL_FULTON,2010,136.8,xgboost,163.68380737304688
IL_GALLATIN,2010,141.5,xgboost,150.91217041015625
IL_GREENE,2010,161.6,xgboost,139.37954711914062
IL_GRUNDY,2010,159.2,xgboost,181.4480438232422
IL_HAMILTON,2010,140.4,xgboost,143.74624633789062
IL_HANCOCK,2010,116.9,xgboost,148.19561767578125
IL_HENDERSON,2010,143.8,xgboost,171.52578735351562
IL_HENRY,2010,158.8,xgboost,176.28353881835938
IL_IROQUOIS,2010,144.7,xgboost,176.3061981201172
IL_JACKSON,2010,114.9,xgboost,146.75384521484375
IL_JASPER,2010,142.8,xgboost,136.23641967773438
IL_JEFFERSON,2010,124.5,xgboost,142.7570343017578
IL_JERSEY,2010,169.9,xgboost,138.76686096191406
IL_JOHNSON,2010,106.4,xgboost,143.64317321777344
IL_JO_DAVIESS,2010,176.9,xgboost,175.8032684326172
IL_KANE,2010,178.2,xgboost,178.13853454589844
IL_KANKAKEE,2010,149.6,xgboost,177.87350463867188
IL_KENDALL,2010,168.6,xgboost,182.28060913085938
IL_KNOX,2010,159.9,xgboost,172.37770080566406
IL_LAWRENCE,2010,156.9,xgboost,140.02706909179688
IL_LEE,2010,173.6,xgboost,178.5930938720703
IL_LIVINGSTON,2010,166.6,xgboost,179.03213500976562
IL_LOGAN,2010,155.7,xgboost,165.3613739013672
IL_MACON,2010,168.5,xgboost,163.76853942871094
IL_MACOUPIN,2010,146.9,xgboost,135.01864624023438
IL_MADISON,2010,166.3,xgboost,143.39694213867188
IL_MARION,2010,149.7,xgboost,141.6179656982422
IL_MARSHALL,2010,163.3,xgboost,176.64939880371094
IL_MASON,2010,141.0,xgboost,167.47805786132812
IL_MASSAC,2010,126.0,xgboost,142.00836181640625
IL_MCDONOUGH,2010,141.8,xgboost,163.452880859375
IL_MCHENRY,2010,171.4,xgboost,178.14138793945312
IL_MCLEAN,2010,169.5,xgboost,174.23715209960938
IL_MENARD,2010,145.6,xgboost,161.140869140625
IL_MERCER,2010,142.4,xgboost,173.4339141845703
IL_MONROE,2010,143.6,xgboost,144.71189880371094
IL_MONTGOMERY,2010,156.3,xgboost,141.2243194580078
IL_MORGAN,2010,146.5,xgboost,139.77174377441406
IL_MOULTRIE,2010,175.1,xgboost,164.74546813964844
IL_OGLE,2010,183.4,xgboost,176.76438903808594
IL_PEORIA,2010,157.6,xgboost,169.335693359375
IL_PERRY,2010,117.6,xgboost,141.80223083496094
IL_PIATT,2010,164.5,xgboost,163.98385620117188
IL_PIKE,2010,137.5,xgboost,136.49322509765625
IL_PULASKI,2010,136.5,xgboost,144.70420837402344
IL_PUTNAM,2010,163.8,xgboost,177.6081085205078
IL_RANDOLPH,2010,130.3,xgboost,144.67250061035156
IL_RICHLAND,2010,144.3,xgboost,141.1494903564453
IL_ROCK_ISLAND,2010,163.9,xgboost,176.2207794189453
IL_SALINE,2010,133.3,xgboost,145.76321411132812
IL_SANGAMON,2010,154.5,xgboost,160.4451141357422
IL_SCHUYLER,2010,129.7,xgboost,148.74920654296875
IL_SCOTT,2010,139.5,xgboost,137.63345336914062
IL_SHELBY,2010,162.9,xgboost,149.12503051757812
IL_STARK,2010,165.9,xgboost,176.63153076171875
IL_STEPHENSON,2010,180.8,xgboost,178.59249877929688
IL_TAZEWELL,2010,163.4,xgboost,166.19544982910156
IL_UNION,2010,114.3,xgboost,144.81365966796875
IL_VERMILION,2010,166.3,xgboost,166.55841064453125
IL_WABASH,2010,146.6,xgboost,143.63526916503906
IL_WARREN,2010,152.9,xgboost,173.99977111816406
IL_WASHINGTON,2010,144.3,xgboost,141.63055419921875
IL_WAYNE,2010,138.8,xgboost,143.22671508789062
IL_WHITE,2010,155.4,xgboost,149.0284881591797
IL_WHITESIDE,2010,164.4,xgboost,178.28599548339844
IL_WILL,2010,158.3,xgboost,182.0079345703125
IL_WILLIAMSON,2010,124.6,xgboost,146.6591339111328
IL_WINNEBAGO,2010,172.5,xgboost,178.54429626464844
IL_WOODFORD,2010,171.5,xgboost,171.8817596435547
IN_ADAMS,2010,143.6,xgboost,168.6419677734375
IN_ALLEN,2010,150.7,xgboost,167.62161254882812
IN_BARTHOLOMEW,2010,129.9,xgboost,149.54640197753906
IN_BENTON,2010,165.9,xgboost,166.03720092773438
IN_BLACKFORD,2010,149.7,xgboost,165.35086059570312
IN_BOONE,2010,154.9,xgboost,160.29421997070312
IN_BROWN,2010,83.9,xgboost,145.33248901367188
IN_CARROLL,2010,170.1,xgboost,165.79428100585938
IN_CASS,2010,148.3,xgboost,164.26963806152344
IN_CLARK,2010,136.9,xgboost,138.75900268554688
IN_CLAY,2010,157.2,xgboost,153.2139129638672
IN_CLINTON,2010,178.5,xgboost,165.39462280273438
IN_CRAWFORD,2010,136.3,xgboost,130.37005615234375
IN_DAVIESS,2010,160.3,xgboost,145.66737365722656
IN_DEARBORN,2010,124.4,xgboost,154.52447509765625
IN_DECATUR,2010,157.3,xgboost,155.8483428955078
IN_DELAWARE,2010,153.7,xgboost,165.23681640625
IN_DUBOIS,2010,154.5,xgboost,141.6475830078125
IN_ELKHART,2010,155.0,xgboost,166.84429931640625
IN_FAYETTE,2010,149.5,xgboost,161.13818359375
IN_FLOYD,2010,147.6,xgboost,137.31747436523438
IN_FOUNTAIN,2010,175.6,xgboost,157.34283447265625
IN_FRANKLIN,2010,159.8,xgboost,157.4706573486328
IN_FULTON,2010,169.8,xgboost,168.04759216308594
IN_GIBSON,2010,155.0,xgboost,153.88577270507812
IN_GRANT,2010,158.4,xgboost,166.8953857421875
IN_GREENE,2010,125.8,xgboost,151.7233123779297
IN_HAMILTON,2010,174.7,xgboost,160.04629516601562
IN_HANCOCK,2010,153.5,xgboost,157.77880859375
IN_HARRISON,2010,130.0,xgboost,134.63758850097656
IN_HENDRICKS,2010,162.5,xgboost,154.1927032470703
IN_HENRY,2010,160.9,xgboost,162.1785125732422
IN_HOWARD,2010,169.4,xgboost,166.69187927246094
IN_HUNTINGTON,2010,166.9,xgboost,167.58364868164062
IN_JACKSON,2010,126.1,xgboost,149.10791015625
IN_JASPER,2010,162.5,xgboost,166.09567260742188
IN_JAY,2010,140.2,xgboost,165.43115234375
IN_JEFFERSON,2010,127.4,xgboost,150.0562286376953
IN_JENNINGS,2010,131.1,xgboost,151.57440185546875
IN_JOHNSON,2010,140.2,xgboost,149.01437377929688
IN_KNOX,2010,163.8,xgboost,150.71070861816406
IN_KOSCIUSKO,2010,167.1,xgboost,168.63267517089844
IN_LAGRANGE,2010,126.0,xgboost,165.65089416503906
IN_LAKE,2010,156.2,xgboost,170.6041259765625
IN_LAWRENCE,2010,138.9,xgboost,147.27191162109375
IN_MADISON,2010,168.4,xgboost,161.0986328125
IN_MARION,2010,157.2,xgboost,155.3863067626953
IN_MARSHALL,2010,164.3,xgboost,168.4763641357422
IN_MARTIN,2010,149.5,xgboost,132.90513610839844
IN_MIAMI,2010,157.9,xgboost,167.08705139160156
IN_MONROE,2010,138.6,xgboost,147.87730407714844
IN_MONTGOMERY,2010,172.5,xgboost,157.7942657470703
IN_MORGAN,2010,143.2,xgboost,152.0652313232422
IN_NEWTON,2010,169.9,xgboost,168.4816436767578
IN_NOBLE,2010,142.4,xgboost,165.9975128173828
IN_ORANGE,2010,149.4,xgboost,132.8266143798828
IN_OWEN,2010,142.4,xgboost,150.9676055908203
IN_PARKE,2010,164.9,xgboost,153.75563049316406
IN_PERRY,2010,132.6,xgboost,139.4213104248047
IN_PIKE,2010,146.1,xgboost,150.61993408203125
IN_PORTER,2010,168.2,xgboost,167.24685668945312
IN_POSEY,2010,146.6,xgboost,160.7025604248047
IN_PULASKI,2010,165.2,xgboost,162.41896057128906
IN_PUTNAM,2010,160.6,xgboost,154.04478454589844
IN_RANDOLPH,2010,156.9,xgboost,165.64987182617188
IN_RIPLEY,2010,135.6,xgboost,157.7457733154297
IN_RUSH,2010,151.4,xgboost,158.23892211914062
IN_SCOTT,2010,144.1,xgboost,140.2484130859375
IN_SHELBY,2010,139.7,xgboost,151.657958984375
IN_SPENCER,2010,139.8,xgboost,145.87843322753906
IN_ST._JOSEPH,2010,159.4,xgboost,166.07861328125
IN_STARKE,2010,149.5,xgboost,163.96826171875
IN_STEUBEN,2010,134.1,xgboost,163.50350952148438
IN_SULLIVAN,2010,159.2,xgboost,144.69827270507812
IN_TIPPECANOE,2010,175.1,xgboost,162.9517822265625
IN_TIPTON,2010,181.6,xgboost,166.15109252929688
IN_UNION,2010,176.4,xgboost,160.41268920898438
IN_VANDERBURGH,2010,143.0,xgboost,159.46823120117188
IN_VERMILLION,2010,161.7,xgboost,156.1140594482422
IN_VIGO,2010,151.7,xgboost,152.11585998535156
IN_WABASH,2010,161.8,xgboost,167.39234924316406
IN_WARREN,2010,162.6,xgboost,163.96800231933594
IN_WARRICK,2010,142.7,xgboost,149.11717224121094
IN_WASHINGTON,2010,123.6,xgboost,137.92063903808594
IN_WAYNE,2010,160.3,xgboost,164.77638244628906
IN_WELLS,2010,156.8,xgboost,167.44720458984375
IN_WHITE,2010,167.0,xgboost,163.7707061767578
IN_WHITLEY,2010,153.7,xgboost,167.28907775878906
MI_ALLEGAN,2010,151.1,xgboost,154.12982177734375
MI_ARENAC,2010,151.5,xgboost,146.6032257080078
MI_BARRY,2010,145.4,xgboost,147.06385803222656
MI_BAY,2010,162.4,xgboost,134.83251953125
MI_BERRIEN,2010,158.1,xgboost,150.2740936279297
MI_BRANCH,2010,143.9,xgboost,150.47036743164062
MI_CALHOUN,2010,148.3,xgboost,148.75387573242188
MI_CASS,2010,167.3,xgboost,148.80775451660156
MI_CLINTON,2010,136.8,xgboost,147.63523864746094
MI_EATON,2010,160.7,xgboost,149.47781372070312
MI_GENESEE,2010,130.4,xgboost,151.18740844726562
MI_GRATIOT,2010,143.7,xgboost,140.97178649902344
MI_HILLSDALE,2010,139.7,xgboost,151.61566162109375
MI_HURON,2010,171.4,xgboost,153.5511016845703
MI_INGHAM,2010,157.7,xgboost,149.4776611328125
MI_IONIA,2010,159.2,xgboost,146.33651733398438
MI_JACKSON,2010,140.0,xgboost,151.840087890625
MI_KALAMAZOO,2010,154.5,xgboost,143.75140380859375
MI_KENT,2010,147.6,xgboost,149.89805603027344
MI_LAPEER,2010,138.5,xgboost,148.34275817871094
MI_LENAWEE,2010,155.7,xgboost,153.85923767089844
MI_LIVINGSTON,2010,144.2,xgboost,150.94979858398438
MI_MACOMB,2010,139.7,xgboost,159.15463256835938
MI_MIDLAND,2010,159.8,xgboost,145.32708740234375
MI_MONROE,2010,153.0,xgboost,158.082763671875
MI_MONTCALM,2010,135.1,xgboost,137.01675415039062
MI_MUSKEGON,2010,153.1,xgboost,148.20770263671875
MI_NEWAYGO,2010,136.6,xgboost,136.06491088867188
MI_OAKLAND,2010,123.7,xgboost,152.9901885986328
MI_OCEANA,2010,145.2,xgboost,148.52230834960938
MI_OTTAWA,2010,146.0,xgboost,153.8978729248047
MI_SAGINAW,2010,142.4,xgboost,147.7938690185547
MI_SANILAC,2010,153.9,xgboost,154.58938598632812
MI_SHIAWASSEE,2010,131.7,xgboost,150.2382354736328
MI_TUSCOLA,2010,147.5,xgboost,153.3474578857422
MI_VAN_BUREN,2010,164.9,xgboost,146.15106201171875
MI_WASHTENAW,2010,142.0,xgboost,153.08958435058594
MI_WAYNE,2010,134.6,xgboost,153.75692749023438
MN_BLUE_EARTH,2010,174.1,xgboost,160.93905639648438
MN_BROWN,2010,186.2,xgboost,165.83404541015625
MN_CHIPPEWA,2010,180.8,xgboost,170.94647216796875
MN_FILLMORE,2010,187.6,xgboost,160.06454467773438
MN_GOODHUE,2010,193.8,xgboost,155.37484741210938
MN_HOUSTON,2010,180.3,xgboost,165.468505859375
MN_MARTIN,2010,188.0,xgboost,159.83740234375
MN_MURRAY,2010,186.3,xgboost,169.0515899658203
MN_NICOLLET,2010,176.7,xgboost,160.3943634033203
MN_NOBLES,2010,179.8,xgboost,170.293212890625
MN_PIPESTONE,2010,172.4,xgboost,166.51129150390625
MN_REDWOOD,2010,184.0,xgboost,173.24191284179688
MN_RENVILLE,2010,186.1,xgboost,179.35693359375
MN_ROCK,2010,189.2,xgboost,174.2084197998047
MN_WABASHA,2010,185.9,xgboost,154.89028930664062
MN_WINONA,2010,185.2,xgboost,156.26760864257812
MN_YELLOW_MEDICINE,2010,173.8,xgboost,171.5513458251953
MO_ADAIR,2010,85.6,xgboost,130.27391052246094
MO_ANDREW,2010,111.2,xgboost,131.28599548339844
MO_ATCHISON,2010,149.4,xgboost,132.8235626220703
MO_AUDRAIN,2010,122.3,xgboost,131.0169677734375
MO_BARTON,2010,137.6,xgboost,127.6987075805664
MO_BATES,2010,119.0,xgboost,140.4027862548828
MO_BENTON,2010,123.9,xgboost,135.37533569335938
MO_BOLLINGER,2010,110.0,xgboost,142.77267456054688
MO_BOONE,2010,115.0,xgboost,130.94956970214844
MO_BUCHANAN,2010,127.8,xgboost,134.2801513671875
MO_BUTLER,2010,126.0,xgboost,155.12017822265625
MO_CALDWELL,2010,106.5,xgboost,133.6107940673828
MO_CALLAWAY,2010,136.0,xgboost,133.8697509765625
MO_CAPE_GIRARDEAU,2010,134.8,xgboost,152.7092742919922
MO_CARROLL,2010,112.5,xgboost,140.74130249023438
MO_CASS,2010,109.8,xgboost,147.0855255126953
MO_CEDAR,2010,126.6,xgboost,124.91972351074219
MO_CHARITON,2010,108.7,xgboost,140.24427795410156
MO_CLARK,2010,82.9,xgboost,129.52383422851562
MO_CLAY,2010,134.4,xgboost,139.06053161621094
MO_CLINTON,2010,119.6,xgboost,134.2613525390625
MO_COLE,2010,132.2,xgboost,139.21975708007812
MO_COOPER,2010,130.4,xgboost,135.60902404785156
MO_DADE,2010,107.8,xgboost,127.67230224609375
MO_DAVIESS,2010,104.5,xgboost,131.40403747558594
MO_DUNKLIN,2010,150.0,xgboost,160.8464813232422
MO_FRANKLIN,2010,124.0,xgboost,132.36280822753906
MO_GASCONADE,2010,112.7,xgboost,131.79730224609375
MO_GENTRY,2010,93.8,xgboost,130.90353393554688
MO_GRUNDY,2010,109.1,xgboost,130.8419952392578
MO_HARRISON,2010,100.2,xgboost,132.07296752929688
MO_HENRY,2010,98.6,xgboost,136.30784606933594
MO_HOLT,2010,149.4,xgboost,129.94143676757812
MO_HOWARD,2010,123.4,xgboost,137.3750762939453
MO_JACKSON,2010,134.1,xgboost,146.14097595214844
MO_JASPER,2010,128.6,xgboost,129.93360900878906
MO_JEFFERSON,2010,115.9,xgboost,136.68385314941406
MO_JOHNSON,2010,106.2,xgboost,141.70175170898438
MO_KNOX,2010,98.0,xgboost,126.06874084472656
MO_LAFAYETTE,2010,135.6,xgboost,142.92396545410156
MO_LAWRENCE,2010,92.6,xgboost,116.4325942993164
MO_LEWIS,2010,95.1,xgboost,129.87973022460938
MO_LINCOLN,2010,138.0,xgboost,134.15184020996094
MO_LINN,2010,107.2,xgboost,129.31744384765625
MO_LIVINGSTON,2010,105.4,xgboost,134.32846069335938
MO_MACON,2010,96.7,xgboost,127.0174560546875
MO_MARION,2010,115.1,xgboost,131.5333251953125
MO_MERCER,2010,102.4,xgboost,127.4163818359375
MO_MISSISSIPPI,2010,148.0,xgboost,154.7041015625
MO_MONITEAU,2010,110.9,xgboost,132.31060791015625
MO_MONROE,2010,102.5,xgboost,132.1570281982422
MO_MONTGOMERY,2010,126.0,xgboost,133.63206481933594
MO_MORGAN,2010,119.1,xgboost,134.14659118652344
MO_NEW_MADRID,2010,157.2,xgboost,162.21099853515625
MO_NODAWAY,2010,121.3,xgboost,133.8376922607422
MO_PEMISCOT,2010,140.0,xgboost,161.88265991210938
MO_PERRY,2010,132.1,xgboost,143.45933532714844
MO_PETTIS,2010,108.8,xgboost,134.60952758789062
MO_PIKE,2010,131.0,xgboost,133.45703125
MO_PLATTE,2010,133.5,xgboost,138.4607696533203
MO_PUTNAM,2010,93.0,xgboost,127.66410827636719
MO_RALLS,2010,121.2,xgboost,132.96360778808594
MO_RANDOLPH,2010,96.8,xgboost,131.45912170410156
MO_RAY,2010,120.4,xgboost,139.6033935546875
MO_SALINE,2010,140.5,xgboost,143.1363983154297
MO_SCHUYLER,2010,74.7,xgboost,129.9843292236328
MO_SCOTLAND,2010,81.8,xgboost,131.3338165283203
MO_SCOTT,2010,150.6,xgboost,155.42666625976562
MO_SHELBY,2010,92.0,xgboost,130.1632080078125
MO_STODDARD,2010,136.4,xgboost,159.32130432128906
MO_SULLIVAN,2010,91.8,xgboost,128.80685424804688
MO_VERNON,2010,122.9,xgboost,129.5260467529297
MO_WARREN,2010,126.3,xgboost,133.10220336914062
MO_WAYNE,2010,77.0,xgboost,135.5262451171875
MO_WORTH,2010,93.3,xgboost,131.29611206054688
OH_ADAMS,2010,122.9,xgboost,150.59751892089844
OH_ALLEN,2010,166.4,xgboost,158.76060485839844
OH_ASHLAND,2010,153.2,xgboost,156.3216094970703
OH_ASHTABULA,2010,151.6,xgboost,143.71932983398438
OH_AUGLAIZE,2010,154.1,xgboost,157.09642028808594
OH_BROWN,2010,141.2,xgboost,151.5156707763672
OH_BUTLER,2010,152.8,xgboost,148.60775756835938
OH_CHAMPAIGN,2010,174.3,xgboost,156.73887634277344
OH_CLARK,2010,179.3,xgboost,155.5475616455078
OH_CLERMONT,2010,153.5,xgboost,149.89190673828125
OH_CLINTON,2010,174.6,xgboost,159.44679260253906
OH_COLUMBIANA,2010,146.1,xgboost,148.3071746826172
OH_COSHOCTON,2010,157.1,xgboost,152.2650146484375
OH_CRAWFORD,2010,168.6,xgboost,158.60533142089844
OH_DARKE,2010,166.5,xgboost,156.29441833496094
OH_DEFIANCE,2010,140.2,xgboost,156.7241668701172
OH_DELAWARE,2010,161.2,xgboost,156.75689697265625
OH_ERIE,2010,181.6,xgboost,157.2433319091797
OH_FAIRFIELD,2010,168.3,xgboost,156.15325927734375
OH_FAYETTE,2010,168.5,xgboost,158.24745178222656
OH_FRANKLIN,2010,156.8,xgboost,156.42098999023438
OH_FULTON,2010,162.1,xgboost,156.3016357421875
OH_GREENE,2010,189.0,xgboost,155.69082641601562
OH_GUERNSEY,2010,148.6,xgboost,152.06260681152344
OH_HAMILTON,2010,165.0,xgboost,147.75198364257812
OH_HANCOCK,2010,156.9,xgboost,159.4215850830078
OH_HARDIN,2010,161.3,xgboost,157.7514190673828
OH_HENRY,2010,161.7,xgboost,157.33441162109375
OH_HIGHLAND,2010,154.3,xgboost,153.843505859375
OH_HOCKING,2010,157.8,xgboost,152.67617797851562
OH_HOLMES,2010,157.7,xgboost,155.6592254638672
OH_HURON,2010,154.0,xgboost,158.34913635253906
OH_KNOX,2010,152.7,xgboost,155.39639282226562
OH_LICKING,2010,160.4,xgboost,156.63351440429688
OH_LOGAN,2010,159.3,xgboost,156.9425048828125
OH_LORAIN,2010,152.2,xgboost,154.8472137451172
OH_LUCAS,2010,171.0,xgboost,154.31602478027344
OH_MADISON,2010,171.3,xgboost,156.1191864013672
OH_MAHONING,2010,145.5,xgboost,146.11233520507812
OH_MARION,2010,164.1,xgboost,156.6781768798828
OH_MEDINA,2010,149.4,xgboost,152.8747100830078
OH_MERCER,2010,152.9,xgboost,157.185546875
OH_MIAMI,2010,172.7,xgboost,155.78952026367188
OH_MONTGOMERY,2010,162.1,xgboost,152.91989135742188
OH_MORGAN,2010,134.3,xgboost,157.9033203125
OH_MORROW,2010,158.6,xgboost,155.75616455078125
OH_MUSKINGUM,2010,145.5,xgboost,160.2529296875
OH_OTTAWA,2010,170.4,xgboost,155.6876983642578
OH_PAULDING,2010,141.0,xgboost,159.1611328125
OH_PERRY,2010,164.4,xgboost,159.64598083496094
OH_PICKAWAY,2010,165.9,xgboost,157.05894470214844
OH_PIKE,2010,150.9,xgboost,150.33709716796875
OH_PORTAGE,2010,140.7,xgboost,142.50851440429688
OH_PREBLE,2010,162.1,xgboost,153.53457641601562
OH_PUTNAM,2010,154.3,xgboost,159.66802978515625
OH_RICHLAND,2010,151.9,xgboost,156.06716918945312
OH_ROSS,2010,158.5,xgboost,153.21893310546875
OH_SANDUSKY,2010,162.9,xgboost,160.41424560546875
OH_SENECA,2010,149.8,xgboost,158.3230743408203
OH_SHELBY,2010,158.7,xgboost,156.51284790039062
OH_STARK,2010,145.8,xgboost,152.23875427246094
OH_TRUMBULL,2010,157.0,xgboost,138.50381469726562
OH_TUSCARAWAS,2010,157.0,xgboost,155.76234436035156
OH_UNION,2010,158.1,xgboost,156.01963806152344
OH_VAN_WERT,2010,151.1,xgboost,158.4724884033203
OH_WARREN,2010,160.0,xgboost,153.64016723632812
OH_WAYNE,2010,158.3,xgboost,155.7769775390625
OH_WILLIAMS,2010,149.3,xgboost,156.78013610839844
OH_WOOD,2010,152.0,xgboost,158.30413818359375
OH_WYANDOT,2010,158.4,xgboost,158.0535125732422
WI_ADAMS,2010,158.4,xgboost,139.1376495361328
WI_BUFFALO,2010,155.8,xgboost,140.88572692871094
WI_COLUMBIA,2010,172.7,xgboost,155.5013427734375
WI_CRAWFORD,2010,156.7,xgboost,154.88800048828125
WI_DANE,2010,177.5,xgboost,161.36964416503906
WI_DODGE,2010,171.2,xgboost,160.5008087158203
WI_DUNN,2010,163.2,xgboost,140.21112060546875
WI_EAU_CLAIRE,2010,159.8,xgboost,150.92047119140625
WI_FOND_DU_LAC,2010,172.6,xgboost,160.76539611816406
WI_GRANT,2010,178.0,xgboost,157.2427520751953
WI_GREEN,2010,169.8,xgboost,162.0455322265625
WI_GREEN_LAKE,2010,161.7,xgboost,154.31988525390625
WI_IOWA,2010,178.1,xgboost,161.8699188232422
WI_JACKSON,2010,158.8,xgboost,149.8828125
WI_JEFFERSON,2010,159.9,xgboost,162.17002868652344
WI_JUNEAU,2010,152.0,xgboost,148.8120574951172
WI_KENOSHA,2010,172.1,xgboost,160.04931640625
WI_LAFAYETTE,2010,182.0,xgboost,163.05880737304688
WI_LA_CROSSE,2010,166.7,xgboost,154.88038635253906
WI_MARINETTE,2010,155.1,xgboost,140.7124786376953
WI_MARQUETTE,2010,136.3,xgboost,140.7857666015625
WI_MILWAUKEE,2010,109.4,xgboost,151.95448303222656
WI_MONROE,2010,156.8,xgboost,151.3612060546875
WI_OCONTO,2010,139.0,xgboost,150.75436401367188
WI_OUTAGAMIE,2010,131.9,xgboost,161.28717041015625
WI_OZAUKEE,2010,156.5,xgboost,145.69847106933594
WI_PEPIN,2010,165.4,xgboost,138.26974487304688
WI_PORTAGE,2010,151.6,xgboost,146.94979858398438
WI_RACINE,2010,158.9,xgboost,156.3224334716797
WI_RICHLAND,2010,154.0,xgboost,157.11978149414062
WI_ROCK,2010,173.8,xgboost,165.292724609375
WI_SAUK,2010,154.4,xgboost,158.46572875976562
WI_SHEBOYGAN,2010,151.7,xgboost,158.3531036376953
WI_TREMPEALEAU,2010,160.2,xgboost,154.44142150878906
WI_VERNON,2010,157.9,xgboost,155.1195068359375
WI_WALWORTH,2010,171.0,xgboost,163.02818298339844
WI_WASHINGTON,2010,157.5,xgboost,161.83779907226562
WI_WAUKESHA,2010,152.4,xgboost,161.0836944580078
WI_WAUSHARA,2010,145.2,xgboost,150.0487060546875
WI_WINNEBAGO,2010,138.2,xgboost,155.8410186767578
IA_ADAIR,2011,152.8,global_mean,146.15220356768103
IA_ADAMS,2011,151.7,global_mean,146.15220356768103
IA_ALLAMAKEE,2011,173.3,global_mean,146.15220356768103
IA_APPANOOSE,2011,120.1,global_mean,146.15220356768103
IA_AUDUBON,2011,176.6,global_mean,146.15220356768103
IA_BENTON,2011,157.2,global_mean,146.15220356768103
IA_BLACK_HAWK,2011,186.1,global_mean,146.15220356768103
IA_BOONE,2011,182.5,global_mean,146.15220356768103
IA_BREMER,2011,196.5,global_mean,146.15220356768103
IA_BUCHANAN,2011,187.0,global_mean,146.15220356768103
IA_BUENA_VISTA,2011,180.2,global_mean,146.15220356768103
IA_BUTLER,2011,186.7,global_mean,146.15220356768103
IA_CALHOUN,2011,181.9,global_mean,146.15220356768103
IA_CARROLL,2011,180.2,global_mean,146.15220356768103
IA_CASS,2011,175.2,global_mean,146.15220356768103
IA_CEDAR,2011,184.9,global_mean,146.15220356768103
IA_CERRO_GORDO,2011,169.3,global_mean,146.15220356768103
IA_CHEROKEE,2011,176.7,global_mean,146.15220356768103
IA_CHICKASAW,2011,188.8,global_mean,146.15220356768103
IA_CLARKE,2011,107.7,global_mean,146.15220356768103
IA_CLAY,2011,185.4,global_mean,146.15220356768103
IA_CLAYTON,2011,186.8,global_mean,146.15220356768103
IA_CLINTON,2011,180.0,global_mean,146.15220356768103
IA_CRAWFORD,2011,181.8,global_mean,146.15220356768103
IA_DALLAS,2011,172.1,global_mean,146.15220356768103
IA_DAVIS,2011,97.8,global_mean,146.15220356768103
IA_DECATUR,2011,126.1,global_mean,146.15220356768103
IA_DELAWARE,2011,186.5,global_mean,146.15220356768103
IA_DES_MOINES,2011,146.6,global_mean,146.15220356768103
IA_DICKINSON,2011,169.3,global_mean,146.15220356768103
IA_DUBUQUE,2011,185.1,global_mean,146.15220356768103
IA_EMMET,2011,169.6,global_mean,146.15220356768103
IA_FAYETTE,2011,186.6,global_mean,146.15220356768103
IA_FLOYD,2011,181.1,global_mean,146.15220356768103
IA_FRANKLIN,2011,189.7,global_mean,146.15220356768103
IA_FREMONT,2011,155.6,global_mean,146.15220356768103
IA_GREENE,2011,183.4,global_mean,146.15220356768103
IA_GRUNDY,2011,172.8,global_mean,146.15220356768103
IA_GUTHRIE,2011,169.4,global_mean,146.15220356768103
IA_HAMILTON,2011,180.6,global_mean,146.15220356768103
IA_HANCOCK,2011,179.8,global_mean,146.15220356768103
IA_HARDIN,2011,186.7,global_mean,146.15220356768103
IA_HARRISON,2011,169.9,global_mean,146.15220356768103
IA_HENRY,2011,123.2,global_mean,146.15220356768103
IA_HOWARD,2011,185.8,global_mean,146.15220356768103
IA_HUMBOLDT,2011,185.5,global_mean,146.15220356768103
IA_IDA,2011,182.9,global_mean,146.15220356768103
IA_IOWA,2011,171.6,global_mean,146.15220356768103
IA_JACKSON,2011,178.3,global_mean,146.15220356768103
IA_JASPER,2011,171.1,global_mean,146.15220356768103
IA_JEFFERSON,2011,112.4,global_mean,146.15220356768103
IA_JOHNSON,2011,171.9,global_mean,146.15220356768103
IA_JONES,2011,171.4,global_mean,146.15220356768103
IA_KEOKUK,2011,152.4,global_mean,146.15220356768103
IA_KOSSUTH,2011,179.9,global_mean,146.15220356768103
IA_LEE,2011,105.2,global_mean,146.15220356768103
IA_LINN,2011,169.1,global_mean,146.15220356768103
IA_LOUISA,2011,148.9,global_mean,146.15220356768103
IA_LUCAS,2011,114.9,global_mean,146.15220356768103
IA_LYON,2011,185.4,global_mean,146.15220356768103
IA_MADISON,2011,145.1,global_mean,146.15220356768103
IA_MAHASKA,2011,165.0,global_mean,146.15220356768103
IA_MARION,2011,152.6,global_mean,146.15220356768103
IA_MARSHALL,2011,166.3,global_mean,146.15220356768103
IA_MILLS,2011,155.0,global_mean,146.15220356768103
IA_MITCHELL,2011,180.1,global_mean,146.15220356768103
IA_MONONA,2011,158.3,global_mean,146.15220356768103
IA_MONROE,2011,112.5,global_mean,146.15220356768103
IA_MONTGOMERY,2011,153.2,global_mean,146.15220356768103
IA_MUSCATINE,2011,164.6,global_mean,146.15220356768103
IA_OSCEOLA,2011,184.4,global_mean,146.15220356768103
IA_PAGE,2011,136.2,global_mean,146.15220356768103
IA_PALO_ALTO,2011,174.6,global_mean,146.15220356768103
IA_PLYMOUTH,2011,164.5,global_mean,146.15220356768103
IA_POCAHONTAS,2011,181.2,global_mean,146.15220356768103
IA_POLK,2011,160.6,global_mean,146.15220356768103
IA_POTTAWATTAMIE,2011,170.9,global_mean,146.15220356768103
IA_POWESHIEK,2011,179.0,global_mean,146.15220356768103
IA_RINGGOLD,2011,118.7,global_mean,146.15220356768103
IA_SAC,2011,183.4,global_mean,146.15220356768103
IA_SCOTT,2011,174.2,global_mean,146.15220356768103
IA_SHELBY,2011,173.6,global_mean,146.15220356768103
IA_SIOUX,2011,177.6,global_mean,146.15220356768103
IA_STORY,2011,163.2,global_mean,146.15220356768103
IA_TAMA,2011,162.0,global_mean,146.15220356768103
IA_TAYLOR,2011,140.5,global_mean,146.15220356768103
IA_UNION,2011,132.6,global_mean,146.15220356768103
IA_VAN_BUREN,2011,100.9,global_mean,146.15220356768103
IA_WAPELLO,2011,127.3,global_mean,146.15220356768103
IA_WARREN,2011,129.1,global_mean,146.15220356768103
IA_WASHINGTON,2011,156.3,global_mean,146.15220356768103
IA_WAYNE,2011,126.0,global_mean,146.15220356768103
IA_WEBSTER,2011,190.6,global_mean,146.15220356768103
IA_WINNESHIEK,2011,186.2,global_mean,146.15220356768103
IA_WOODBURY,2011,173.3,global_mean,146.15220356768103
IA_WRIGHT,2011,189.9,global_mean,146.15220356768103
IL_ADAMS,2011,135.8,global_mean,146.15220356768103
IL_ALEXANDER,2011,109.2,global_mean,146.15220356768103
IL_BOND,2011,124.2,global_mean,146.15220356768103
IL_BOONE,2011,180.1,global_mean,146.15220356768103
IL_BROWN,2011,127.0,global_mean,146.15220356768103
IL_BUREAU,2011,177.3,global_mean,146.15220356768103
IL_CALHOUN,2011,144.3,global_mean,146.15220356768103
IL_CARROLL,2011,183.3,global_mean,146.15220356768103
IL_CASS,2011,164.3,global_mean,146.15220356768103
IL_CHAMPAIGN,2011,164.1,global_mean,146.15220356768103
IL_CHRISTIAN,2011,154.8,global_mean,146.15220356768103
IL_CLARK,2011,138.3,global_mean,146.15220356768103
IL_CLAY,2011,121.5,global_mean,146.15220356768103
IL_CLINTON,2011,123.8,global_mean,146.15220356768103
IL_COLES,2011,151.7,global_mean,146.15220356768103
IL_CRAWFORD,2011,144.4,global_mean,146.15220356768103
IL_CUMBERLAND,2011,146.9,global_mean,146.15220356768103
IL_DE_WITT,2011,177.6,global_mean,146.15220356768103
IL_DOUGLAS,2011,153.6,global_mean,146.15220356768103
IL_EDGAR,2011,154.5,global_mean,146.15220356768103
IL_EDWARDS,2011,138.0,global_mean,146.15220356768103
IL_EFFINGHAM,2011,153.7,global_mean,146.15220356768103
IL_FAYETTE,2011,137.9,global_mean,146.15220356768103
IL_FORD,2011,137.3,global_mean,146.15220356768103
IL_FRANKLIN,2011,116.3,global_mean,146.15220356768103
IL_FULTON,2011,151.2,global_mean,146.15220356768103
IL_GALLATIN,2011,144.5,global_mean,146.15220356768103
IL_GREENE,2011,158.7,global_mean,146.15220356768103
IL_GRUNDY,2011,155.6,global_mean,146.15220356768103
IL_HAMILTON,2011,122.8,global_mean,146.15220356768103
IL_HANCOCK,2011,134.9,global_mean,146.15220356768103
IL_HENDERSON,2011,159.5,global_mean,146.15220356768103
IL_HENRY,2011,174.4,global_mean,146.15220356768103
IL_IROQUOIS,2011,155.1,global_mean,146.15220356768103
IL_JACKSON,2011,118.4,global_mean,146.15220356768103
IL_JASPER,2011,146.0,global_mean,146.15220356768103
IL_JEFFERSON,2011,111.8,global_mean,146.15220356768103
IL_JERSEY,2011,149.1,global_mean,146.15220356768103
IL_JOHNSON,2011,127.3,global_mean,146.15220356768103
IL_JO_DAVIESS,2011,171.9,global_mean,146.15220356768103
IL_KANE,2011,175.2,global_mean,146.15220356768103
IL_KANKAKEE,2011,153.3,global_mean,146.15220356768103
IL_KENDALL,2011,165.3,global_mean,146.15220356768103
IL_KNOX,2011,169.5,global_mean,146.15220356768103
IL_LAWRENCE,2011,142.0,global_mean,146.15220356768103
IL_LEE,2011,170.9,global_mean,146.15220356768103
IL_LIVINGSTON,2011,155.8,global_mean,146.15220356768103
IL_LOGAN,2011,173.4,global_mean,146.15220356768103
IL_MACON,2011,153.2,global_mean,146.15220356768103
IL_MACOUPIN,2011,131.1,global_mean,146.15220356768103
IL_MADISON,2011,118.6,global_mean,146.15220356768103
IL_MARION,2011,139.1,global_mean,146.15220356768103
IL_MARSHALL,2011,178.4,global_mean,146.15220356768103
IL_MASON,2011,142.7,global_mean,146.15220356768103
IL_MASSAC,2011,129.3,global_mean,146.15220356768103
IL_MCDONOUGH,2011,166.9,global_mean,146.15220356768103
IL_MCHENRY,2011,175.7,global_mean,146.15220356768103
IL_MCLEAN,2011,159.6,global_mean,146.15220356768103
IL_MENARD,2011,169.4,global_mean,146.15220356768103
IL_MERCER,2011,161.9,global_mean,146.15220356768103
IL_MONROE,2011,117.4,global_mean,146.15220356768103
IL_MONTGOMERY,2011,138.6,global_mean,146.15220356768103
IL_MORGAN,2011,157.2,global_mean,146.15220356768103
IL_MOULTRIE,2011,156.3,global_mean,146.15220356768103
IL_OGLE,2011,179.5,global_mean,146.15220356768103
IL_PEORIA,2011,168.9,global_mean,146.15220356768103
IL_PERRY,2011,115.6,global_mean,146.15220356768103
IL_PIATT,2011,157.1,global_mean,146.15220356768103
IL_PIKE,2011,150.7,global_mean,146.15220356768103
IL_PULASKI,2011,137.9,global_mean,146.15220356768103
IL_PUTNAM,2011,175.6,global_mean,146.15220356768103
IL_RANDOLPH,2011,111.2,global_mean,146.15220356768103
IL_RICHLAND,2011,128.3,global_mean,146.15220356768103
IL_ROCK_ISLAND,2011,176.4,global_mean,146.15220356768103
IL_SALINE,2011,132.3,global_mean,146.15220356768103
IL_SANGAMON,2011,165.7,global_mean,146.15220356768103
IL_SCHUYLER,2011,144.6,global_mean,146.15220356768103
IL_SCOTT,2011,145.4,global_mean,146.15220356768103
IL_SHELBY,2011,146.3,global_mean,146.15220356768103
IL_STARK,2011,181.2,global_mean,146.15220356768103
IL_STEPHENSON,2011,181.6,global_mean,146.15220356768103
IL_TAZEWELL,2011,172.7,global_mean,146.15220356768103
IL_UNION,2011,111.2,global_mean,146.15220356768103
IL_VERMILION,2011,148.1,global_mean,146.15220356768103
IL_WABASH,2011,140.6,global_mean,146.15220356768103
IL_WARREN,2011,177.4,global_mean,146.15220356768103
IL_WASHINGTON,2011,120.2,global_mean,146.15220356768103
IL_WAYNE,2011,122.4,global_mean,146.15220356768103
IL_WHITE,2011,144.1,global_mean,146.15220356768103
IL_WHITESIDE,2011,162.6,global_mean,146.15220356768103
IL_WILL,2011,162.5,global_mean,146.15220356768103
IL_WILLIAMSON,2011,125.0,global_mean,146.15220356768103
IL_WINNEBAGO,2011,162.2,global_mean,146.15220356768103
IL_WOODFORD,2011,186.5,global_mean,146.15220356768103
IN_ADAMS,2011,146.9,global_mean,146.15220356768103
IN_ALLEN,2011,131.6,global_mean,146.15220356768103
IN_BARTHOLOMEW,2011,120.7,global_mean,146.15220356768103
IN_BENTON,2011,165.5,global_mean,146.15220356768103
IN_BLACKFORD,2011,160.8,global_mean,146.15220356768103
IN_BOONE,2011,159.1,global_mean,146.15220356768103
IN_CARROLL,2011,167.7,global_mean,146.15220356768103
IN_CASS,2011,149.1,global_mean,146.15220356768103
IN_CLARK,2011,115.9,global_mean,146.15220356768103
IN_CLAY,2011,141.4,global_mean,146.15220356768103
IN_CLINTON,2011,175.9,global_mean,146.15220356768103
IN_DAVIESS,2011,156.7,global_mean,146.15220356768103
IN_DEARBORN,2011,109.6,global_mean,146.15220356768103
IN_DECATUR,2011,124.8,global_mean,146.15220356768103
IN_DELAWARE,2011,146.1,global_mean,146.15220356768103
IN_DUBOIS,2011,153.2,global_mean,146.15220356768103
IN_FAYETTE,2011,133.2,global_mean,146.15220356768103
IN_FLOYD,2011,98.8,global_mean,146.15220356768103
IN_FOUNTAIN,2011,154.0,global_mean,146.15220356768103
IN_FRANKLIN,2011,126.5,global_mean,146.15220356768103
IN_FULTON,2011,155.0,global_mean,146.15220356768103
IN_GREENE,2011,130.9,global_mean,146.15220356768103
IN_HAMILTON,2011,124.9,global_mean,146.15220356768103
IN_HANCOCK,2011,146.8,global_mean,146.15220356768103
IN_HARRISON,2011,105.7,global_mean,146.15220356768103
IN_HENDRICKS,2011,130.3,global_mean,146.15220356768103
IN_HENRY,2011,149.9,global_mean,146.15220356768103
IN_HOWARD,2011,163.9,global_mean,146.15220356768103
IN_HUNTINGTON,2011,137.3,global_mean,146.15220356768103
IN_JACKSON,2011,121.1,global_mean,146.15220356768103
IN_JASPER,2011,157.9,global_mean,146.15220356768103
IN_JAY,2011,153.3,global_mean,146.15220356768103
IN_JEFFERSON,2011,114.4,global_mean,146.15220356768103
IN_JENNINGS,2011,116.3,global_mean,146.15220356768103
IN_JOHNSON,2011,110.0,global_mean,146.15220356768103
IN_KOSCIUSKO,2011,152.0,global_mean,146.15220356768103
IN_LAGRANGE,2011,127.3,global_mean,146.15220356768103
IN_LAKE,2011,154.2,global_mean,146.15220356768103
IN_LAWRENCE,2011,128.3,global_mean,146.15220356768103
IN_MADISON,2011,156.4,global_mean,146.15220356768103
IN_MARSHALL,2011,157.9,global_mean,146.15220356768103
IN_MARTIN,2011,140.1,global_mean,146.15220356768103
IN_MIAMI,2011,136.9,global_mean,146.15220356768103
IN_MONROE,2011,124.8,global_mean,146.15220356768103
IN_MONTGOMERY,2011,166.7,global_mean,146.15220356768103
IN_MORGAN,2011,113.2,global_mean,146.15220356768103
IN_NEWTON,2011,166.3,global_mean,146.15220356768103
IN_NOBLE,2011,131.9,global_mean,146.15220356768103
IN_ORANGE,2011,131.9,global_mean,146.15220356768103
IN_OWEN,2011,120.1,global_mean,146.15220356768103
IN_PARKE,2011,148.6,global_mean,146.15220356768103
IN_PERRY,2011,129.8,global_mean,146.15220356768103
IN_PORTER,2011,153.1,global_mean,146.15220356768103
IN_POSEY,2011,152.6,global_mean,146.15220356768103
IN_PULASKI,2011,153.6,global_mean,146.15220356768103
IN_PUTNAM,2011,142.4,global_mean,146.15220356768103
IN_RANDOLPH,2011,143.3,global_mean,146.15220356768103
IN_RIPLEY,2011,113.0,global_mean,146.15220356768103
IN_RUSH,2011,141.5,global_mean,146.15220356768103
IN_SCOTT,2011,128.8,global_mean,146.15220356768103
IN_SHELBY,2011,116.6,global_mean,146.15220356768103
IN_SPENCER,2011,132.6,global_mean,146.15220356768103
IN_ST._JOSEPH,2011,153.1,global_mean,146.15220356768103
IN_STARKE,2011,136.9,global_mean,146.15220356768103
IN_STEUBEN,2011,120.1,global_mean,146.15220356768103
IN_SULLIVAN,2011,155.2,global_mean,146.15220356768103
IN_TIPPECANOE,2011,160.2,global_mean,146.15220356768103
IN_TIPTON,2011,165.5,global_mean,146.15220356768103
IN_UNION,2011,141.2,global_mean,146.15220356768103
IN_VANDERBURGH,2011,149.0,global_mean,146.15220356768103
IN_VERMILLION,2011,152.4,global_mean,146.15220356768103
IN_VIGO,2011,139.5,global_mean,146.15220356768103
IN_WARREN,2011,159.9,global_mean,146.15220356768103
IN_WARRICK,2011,139.1,global_mean,146.15220356768103
IN_WASHINGTON,2011,123.1,global_mean,146.15220356768103
IN_WAYNE,2011,118.7,global_mean,146.15220356768103
IN_WELLS,2011,147.6,global_mean,146.15220356768103
IN_WHITE,2011,168.5,global_mean,146.15220356768103
IN_WHITLEY,2011,115.3,global_mean,146.15220356768103
MI_ALLEGAN,2011,175.3,global_mean,146.15220356768103
MI_ARENAC,2011,160.6,global_mean,146.15220356768103
MI_BARRY,2011,153.0,global_mean,146.15220356768103
MI_BAY,2011,169.3,global_mean,146.15220356768103
MI_BERRIEN,2011,163.0,global_mean,146.15220356768103
MI_BRANCH,2011,156.4,global_mean,146.15220356768103
MI_CALHOUN,2011,144.5,global_mean,146.15220356768103
MI_CASS,2011,168.0,global_mean,146.15220356768103
MI_CLINTON,2011,151.9,global_mean,146.15220356768103
MI_EATON,2011,147.5,global_mean,146.15220356768103
MI_GENESEE,2011,134.4,global_mean,146.15220356768103
MI_GRATIOT,2011,155.5,global_mean,146.15220356768103
MI_HILLSDALE,2011,139.4,global_mean,146.15220356768103
MI_HURON,2011,175.6,global_mean,146.15220356768103
MI_INGHAM,2011,148.4,global_mean,146.15220356768103
MI_IONIA,2011,165.1,global_mean,146.15220356768103
MI_JACKSON,2011,130.1,global_mean,146.15220356768103
MI_KALAMAZOO,2011,162.3,global_mean,146.15220356768103
MI_KENT,2011,163.3,global_mean,146.15220356768103
MI_LAPEER,2011,139.1,global_mean,146.15220356768103
MI_LENAWEE,2011,149.6,global_mean,146.15220356768103
MI_LIVINGSTON,2011,139.5,global_mean,146.15220356768103
MI_MACOMB,2011,149.5,global_mean,146.15220356768103
MI_MIDLAND,2011,161.8,global_mean,146.15220356768103
MI_MONROE,2011,156.6,global_mean,146.15220356768103
MI_MONTCALM,2011,146.8,global_mean,146.15220356768103
MI_MUSKEGON,2011,140.3,global_mean,146.15220356768103
MI_NEWAYGO,2011,128.5,global_mean,146.15220356768103
MI_OAKLAND,2011,129.4,global_mean,146.15220356768103
MI_OCEANA,2011,127.5,global_mean,146.15220356768103
MI_OTTAWA,2011,148.7,global_mean,146.15220356768103
MI_SAGINAW,2011,150.2,global_mean,146.15220356768103
MI_SANILAC,2011,161.8,global_mean,146.15220356768103
MI_SHIAWASSEE,2011,141.5,global_mean,146.15220356768103
MI_TUSCOLA,2011,156.4,global_mean,146.15220356768103
MI_VAN_BUREN,2011,179.6,global_mean,146.15220356768103
MI_WASHTENAW,2011,144.5,global_mean,146.15220356768103
MI_WAYNE,2011,138.2,global_mean,146.15220356768103
MN_BLUE_EARTH,2011,171.1,global_mean,146.15220356768103
MN_BROWN,2011,162.8,global_mean,146.15220356768103
MN_CHIPPEWA,2011,155.1,global_mean,146.15220356768103
MN_FILLMORE,2011,178.6,global_mean,146.15220356768103
MN_GOODHUE,2011,177.2,global_mean,146.15220356768103
MN_HOUSTON,2011,171.9,global_mean,146.15220356768103
MN_MARTIN,2011,173.6,global_mean,146.15220356768103
MN_MURRAY,2011,166.4,global_mean,146.15220356768103
MN_NICOLLET,2011,160.4,global_mean,146.15220356768103
MN_NOBLES,2011,174.6,global_mean,146.15220356768103
MN_PIPESTONE,2011,152.2,global_mean,146.15220356768103
MN_REDWOOD,2011,149.1,global_mean,146.15220356768103
MN_RENVILLE,2011,146.4,global_mean,146.15220356768103
MN_ROCK,2011,180.6,global_mean,146.15220356768103
MN_WABASHA,2011,180.2,global_mean,146.15220356768103
MN_WINONA,2011,178.3,global_mean,146.15220356768103
MN_YELLOW_MEDICINE,2011,155.2,global_mean,146.15220356768103
MO_ADAIR,2011,121.8,global_mean,146.15220356768103
MO_ATCHISON,2011,149.5,global_mean,146.15220356768103
MO_AUDRAIN,2011,105.2,global_mean,146.15220356768103
MO_BARTON,2011,49.1,global_mean,146.15220356768103
MO_BENTON,2011,83.5,global_mean,146.15220356768103
MO_BOLLINGER,2011,105.1,global_mean,146.15220356768103
MO_BOONE,2011,94.2,global_mean,146.15220356768103
MO_BUCHANAN,2011,134.4,global_mean,146.15220356768103
MO_BUTLER,2011,133.1,global_mean,146.15220356768103
MO_CALDWELL,2011,113.5,global_mean,146.15220356768103
MO_CALLAWAY,2011,127.4,global_mean,146.15220356768103
MO_CAPE_GIRARDEAU,2011,114.5,global_mean,146.15220356768103
MO_CARROLL,2011,132.6,global_mean,146.15220356768103
MO_CASS,2011,65.2,global_mean,146.15220356768103
MO_CHARITON,2011,121.3,global_mean,146.15220356768103
MO_CLARK,2011,100.6,global_mean,146.15220356768103
MO_CLAY,2011,130.6,global_mean,146.15220356768103
MO_CLINTON,2011,137.4,global_mean,146.15220356768103
MO_COLE,2011,136.5,global_mean,146.15220356768103
MO_COOPER,2011,87.0,global_mean,146.15220356768103
MO_DADE,2011,36.8,global_mean,146.15220356768103
MO_DAVIESS,2011,123.6,global_mean,146.15220356768103
MO_FRANKLIN,2011,102.0,global_mean,146.15220356768103
MO_GASCONADE,2011,82.0,global_mean,146.15220356768103
MO_GENTRY,2011,128.7,global_mean,146.15220356768103
MO_GRUNDY,2011,131.6,global_mean,146.15220356768103
MO_HARRISON,2011,108.0,global_mean,146.15220356768103
MO_HENRY,2011,41.8,global_mean,146.15220356768103
MO_HOLT,2011,149.5,global_mean,146.15220356768103
MO_HOWARD,2011,118.8,global_mean,146.15220356768103
MO_JACKSON,2011,114.5,global_mean,146.15220356768103
MO_JASPER,2011,34.4,global_mean,146.15220356768103
MO_JEFFERSON,2011,108.1,global_mean,146.15220356768103
MO_JOHNSON,2011,91.3,global_mean,146.15220356768103
MO_LAFAYETTE,2011,137.5,global_mean,146.15220356768103
MO_LEWIS,2011,92.7,global_mean,146.15220356768103
MO_LINCOLN,2011,95.0,global_mean,146.15220356768103
MO_LINN,2011,116.4,global_mean,146.15220356768103
MO_LIVINGSTON,2011,121.2,global_mean,146.15220356768103
MO_MARION,2011,115.3,global_mean,146.15220356768103
MO_MERCER,2011,119.1,global_mean,146.15220356768103
MO_MISSISSIPPI,2011,155.0,global_mean,146.15220356768103
MO_MONROE,2011,91.7,global_mean,146.15220356768103
MO_MONTGOMERY,2011,81.8,global_mean,146.15220356768103
MO_MORGAN,2011,63.5,global_mean,146.15220356768103
MO_NEW_MADRID,2011,171.0,global_mean,146.15220356768103
MO_NODAWAY,2011,122.1,global_mean,146.15220356768103
MO_PERRY,2011,104.7,global_mean,146.15220356768103
MO_PETTIS,2011,90.4,global_mean,146.15220356768103
MO_PIKE,2011,112.7,global_mean,146.15220356768103
MO_PUTNAM,2011,116.0,global_mean,146.15220356768103
MO_RALLS,2011,106.7,global_mean,146.15220356768103
MO_RAY,2011,128.8,global_mean,146.15220356768103
MO_SALINE,2011,142.0,global_mean,146.15220356768103
MO_SCHUYLER,2011,111.6,global_mean,146.15220356768103
MO_SCOTT,2011,158.2,global_mean,146.15220356768103
MO_SHELBY,2011,107.6,global_mean,146.15220356768103
MO_STODDARD,2011,145.3,global_mean,146.15220356768103
MO_SULLIVAN,2011,118.1,global_mean,146.15220356768103
MO_WARREN,2011,98.0,global_mean,146.15220356768103
MO_WORTH,2011,112.5,global_mean,146.15220356768103
OH_ADAMS,2011,143.9,global_mean,146.15220356768103
OH_ALLEN,2011,153.0,global_mean,146.15220356768103
OH_ASHLAND,2011,140.8,global_mean,146.15220356768103
OH_ASHTABULA,2011,149.7,global_mean,146.15220356768103
OH_AUGLAIZE,2011,165.4,global_mean,146.15220356768103
OH_BROWN,2011,149.7,global_mean,146.15220356768103
OH_BUTLER,2011,127.6,global_mean,146.15220356768103
OH_CHAMPAIGN,2011,139.9,global_mean,146.15220356768103
OH_CLARK,2011,163.9,global_mean,146.15220356768103
OH_CLERMONT,2011,162.9,global_mean,146.15220356768103
OH_CLINTON,2011,167.1,global_mean,146.15220356768103
OH_COLUMBIANA,2011,138.7,global_mean,146.15220356768103
OH_COSHOCTON,2011,145.1,global_mean,146.15220356768103
OH_CRAWFORD,2011,182.0,global_mean,146.15220356768103
OH_DARKE,2011,126.8,global_mean,146.15220356768103
OH_DEFIANCE,2011,133.0,global_mean,146.15220356768103
OH_DELAWARE,2011,152.0,global_mean,146.15220356768103
OH_ERIE,2011,140.8,global_mean,146.15220356768103
OH_FAIRFIELD,2011,159.0,global_mean,146.15220356768103
OH_FULTON,2011,154.0,global_mean,146.15220356768103
OH_GREENE,2011,170.6,global_mean,146.15220356768103
OH_GUERNSEY,2011,130.3,global_mean,146.15220356768103
OH_HAMILTON,2011,135.0,global_mean,146.15220356768103
OH_HANCOCK,2011,165.6,global_mean,146.15220356768103
OH_HARDIN,2011,169.0,global_mean,146.15220356768103
OH_HENRY,2011,143.8,global_mean,146.15220356768103
OH_HIGHLAND,2011,156.6,global_mean,146.15220356768103
OH_HOCKING,2011,145.3,global_mean,146.15220356768103
OH_HOLMES,2011,152.9,global_mean,146.15220356768103
OH_HURON,2011,155.9,global_mean,146.15220356768103
OH_KNOX,2011,144.7,global_mean,146.15220356768103
OH_LICKING,2011,152.7,global_mean,146.15220356768103
OH_LOGAN,2011,163.1,global_mean,146.15220356768103
OH_LORAIN,2011,150.6,global_mean,146.15220356768103
OH_LUCAS,2011,159.8,global_mean,146.15220356768103
OH_MADISON,2011,166.7,global_mean,146.15220356768103
OH_MAHONING,2011,138.6,global_mean,146.15220356768103
OH_MARION,2011,170.2,global_mean,146.15220356768103
OH_MEDINA,2011,134.2,global_mean,146.15220356768103
OH_MERCER,2011,155.8,global_mean,146.15220356768103
OH_MIAMI,2011,129.8,global_mean,146.15220356768103
OH_MONTGOMERY,2011,127.7,global_mean,146.15220356768103
OH_MORGAN,2011,116.7,global_mean,146.15220356768103
OH_MORROW,2011,160.7,global_mean,146.15220356768103
OH_MUSKINGUM,2011,150.0,global_mean,146.15220356768103
OH_OTTAWA,2011,156.8,global_mean,146.15220356768103
OH_PAULDING,2011,127.3,global_mean,146.15220356768103
OH_PERRY,2011,147.7,global_mean,146.15220356768103
OH_PICKAWAY,2011,154.8,global_mean,146.15220356768103
OH_PIKE,2011,159.3,global_mean,146.15220356768103
OH_PORTAGE,2011,137.8,global_mean,146.15220356768103
OH_PREBLE,2011,135.8,global_mean,146.15220356768103
OH_PUTNAM,2011,169.4,global_mean,146.15220356768103
OH_RICHLAND,2011,145.1,global_mean,146.15220356768103
OH_ROSS,2011,157.5,global_mean,146.15220356768103
OH_SANDUSKY,2011,164.1,global_mean,146.15220356768103
OH_SENECA,2011,160.0,global_mean,146.15220356768103
OH_SHELBY,2011,149.2,global_mean,146.15220356768103
OH_STARK,2011,145.2,global_mean,146.15220356768103
OH_SUMMIT,2011,123.5,global_mean,146.15220356768103
OH_TRUMBULL,2011,140.9,global_mean,146.15220356768103
OH_TUSCARAWAS,2011,147.8,global_mean,146.15220356768103
OH_UNION,2011,165.5,global_mean,146.15220356768103
OH_VAN_WERT,2011,130.4,global_mean,146.15220356768103
OH_WARREN,2011,159.2,global_mean,146.15220356768103
OH_WAYNE,2011,142.0,global_mean,146.15220356768103
OH_WILLIAMS,2011,145.5,global_mean,146.15220356768103
OH_WOOD,2011,172.1,global_mean,146.15220356768103
OH_WYANDOT,2011,167.2,global_mean,146.15220356768103
WI_ADAMS,2011,129.5,global_mean,146.15220356768103
WI_BUFFALO,2011,159.3,global_mean,146.15220356768103
WI_COLUMBIA,2011,159.6,global_mean,146.15220356768103
WI_CRAWFORD,2011,144.0,global_mean,146.15220356768103
WI_DANE,2011,162.4,global_mean,146.15220356768103
WI_DODGE,2011,170.6,global_mean,146.15220356768103
WI_DUNN,2011,156.1,global_mean,146.15220356768103
WI_EAU_CLAIRE,2011,147.8,global_mean,146.15220356768103
WI_FOND_DU_LAC,2011,175.7,global_mean,146.15220356768103
WI_GRANT,2011,170.1,global_mean,146.15220356768103
WI_GREEN,2011,163.7,global_mean,146.15220356768103
WI_GREEN_LAKE,2011,155.3,global_mean,146.15220356768103
WI_IOWA,2011,170.1,global_mean,146.15220356768103
WI_JACKSON,2011,149.6,global_mean,146.15220356768103
WI_JEFFERSON,2011,157.8,global_mean,146.15220356768103
WI_JUNEAU,2011,156.6,global_mean,146.15220356768103
WI_KENOSHA,2011,163.1,global_mean,146.15220356768103
WI_LAFAYETTE,2011,178.5,global_mean,146.15220356768103
WI_LA_CROSSE,2011,156.3,global_mean,146.15220356768103
WI_MARINETTE,2011,120.9,global_mean,146.15220356768103
WI_MARQUETTE,2011,115.4,global_mean,146.15220356768103
WI_MONROE,2011,149.1,global_mean,146.15220356768103
WI_OCONTO,2011,136.8,global_mean,146.15220356768103
WI_OUTAGAMIE,2011,144.8,global_mean,146.15220356768103
WI_PEPIN,2011,156.8,global_mean,146.15220356768103
WI_PORTAGE,2011,156.8,global_mean,146.15220356768103
WI_RACINE,2011,151.3,global_mean,146.15220356768103
WI_RICHLAND,2011,135.8,global_mean,146.15220356768103
WI_ROCK,2011,160.4,global_mean,146.15220356768103
WI_SAUK,2011,148.4,global_mean,146.15220356768103
WI_SHEBOYGAN,2011,151.8,global_mean,146.15220356768103
WI_TREMPEALEAU,2011,153.5,global_mean,146.15220356768103
WI_VERNON,2011,153.1,global_mean,146.15220356768103
WI_WALWORTH,2011,163.3,global_mean,146.15220356768103
WI_WASHINGTON,2011,157.4,global_mean,146.15220356768103
WI_WAUKESHA,2011,147.6,global_mean,146.15220356768103
WI_WAUSHARA,2011,172.9,global_mean,146.15220356768103
WI_WINNEBAGO,2011,148.1,global_mean,146.15220356768103
IA_ADAIR,2011,152.8,county_trend,172.44727272727275
IA_ADAMS,2011,151.7,county_trend,161.98000000000005
IA_ALLAMAKEE,2011,173.3,county_trend,182.45272727272726
IA_APPANOOSE,2011,120.1,county_trend,125.33454545454549
IA_AUDUBON,2011,176.6,county_trend,188.11454545454546
IA_BENTON,2011,157.2,county_trend,187.00545454545448
IA_BLACK_HAWK,2011,186.1,county_trend,180.2327272727272
IA_BOONE,2011,182.5,county_trend,180.84727272727272
IA_BREMER,2011,196.5,county_trend,185.86181818181814
IA_BUCHANAN,2011,187.0,county_trend,176.3872727272727
IA_BUENA_VISTA,2011,180.2,county_trend,189.09454545454545
IA_BUTLER,2011,186.7,county_trend,189.6472727272728
IA_CALHOUN,2011,181.9,county_trend,183.17454545454547
IA_CARROLL,2011,180.2,county_trend,196.73636363636362
IA_CASS,2011,175.2,county_trend,183.2945454545454
IA_CEDAR,2011,184.9,county_trend,186.07454545454544
IA_CERRO_GORDO,2011,169.3,county_trend,178.68909090909088
IA_CHEROKEE,2011,176.7,county_trend,202.56181818181818
IA_CHICKASAW,2011,188.8,county_trend,182.1927272727272
IA_CLARKE,2011,107.7,county_trend,121.44000000000003
IA_CLAY,2011,185.4,county_trend,186.7218181818181
IA_CLAYTON,2011,186.8,county_trend,182.18000000000004
IA_CLINTON,2011,180.0,county_trend,181.76363636363632
IA_CRAWFORD,2011,181.8,county_trend,197.98363636363638
IA_DALLAS,2011,172.1,county_trend,175.3254545454545
IA_DAVIS,2011,97.8,county_trend,124.93272727272725
IA_DECATUR,2011,126.1,county_trend,128.95272727272726
IA_DELAWARE,2011,186.5,county_trend,179.66545454545457
IA_DES_MOINES,2011,146.6,county_trend,164.39999999999998
IA_DICKINSON,2011,169.3,county_trend,187.12727272727273
IA_DUBUQUE,2011,185.1,county_trend,182.1490909090909
IA_EMMET,2011,169.6,county_trend,191.27818181818174
IA_FAYETTE,2011,186.6,county_trend,172.3272727272727
IA_FLOYD,2011,181.1,county_trend,182.98727272727274
IA_FRANKLIN,2011,189.7,county_trend,178.53636363636363
IA_FREMONT,2011,155.6,county_trend,170.72909090909093
IA_GREENE,2011,183.4,county_trend,184.15090909090912
IA_GRUNDY,2011,172.8,county_trend,194.2945454545454
IA_GUTHRIE,2011,169.4,county_trend,170.0327272727273
IA_HAMILTON,2011,180.6,county_trend,174.94363636363633
IA_HANCOCK,2011,179.8,county_trend,185.49272727272728
IA_HARDIN,2011,186.7,county_trend,181.97818181818178
IA_HARRISON,2011,169.9,county_trend,180.4490909090909
IA_HENRY,2011,123.2,county_trend,155.72727272727275
IA_HOWARD,2011,185.8,county_trend,187.57818181818186
IA_HUMBOLDT,2011,185.5,county_trend,181.51818181818174
IA_IDA,2011,182.9,county_trend,204.82727272727274
IA_IOWA,2011,171.6,county_trend,177.93090909090904
IA_JACKSON,2011,178.3,county_trend,168.43272727272722
IA_JASPER,2011,171.1,county_trend,181.23818181818183
IA_JEFFERSON,2011,112.4,county_trend,145.4618181818182
IA_JOHNSON,2011,171.9,county_trend,167.56545454545454
IA_JONES,2011,171.4,county_trend,181.35454545454544
IA_KEOKUK,2011,152.4,county_trend,151.12909090909088
IA_KOSSUTH,2011,179.9,county_trend,193.47454545454545
IA_LEE,2011,105.2,county_trend,150.56727272727272
IA_LINN,2011,169.1,county_trend,182.99636363636358
IA_LOUISA,2011,148.9,county_trend,161.50909090909096
IA_LUCAS,2011,114.9,county_trend,114.25090909090908
IA_LYON,2011,185.4,county_trend,197.84181818181816
IA_MADISON,2011,145.1,county_trend,159.19272727272724
IA_MAHASKA,2011,165.0,county_trend,165.8472727272727
IA_MARION,2011,152.6,county_trend,147.43272727272725
IA_MARSHALL,2011,166.3,county_trend,193.3018181818182
IA_MILLS,2011,155.0,county_trend,179.48363636363632
IA_MITCHELL,2011,180.1,county_trend,190.3709090909091
IA_MONONA,2011,158.3,county_trend,178.81636363636358
IA_MONROE,2011,112.5,county_trend,130.22909090909093
IA_MONTGOMERY,2011,153.2,county_trend,175.5381818181818
IA_MUSCATINE,2011,164.6,county_trend,164.46909090909094
IA_OSCEOLA,2011,184.4,county_trend,198.65090909090904
IA_PAGE,2011,136.2,county_trend,163.36363636363635
IA_PALO_ALTO,2011,174.6,county_trend,186.62
IA_PLYMOUTH,2011,164.5,county_trend,196.16727272727272
IA_POCAHONTAS,2011,181.2,county_trend,187.48545454545447
IA_POLK,2011,160.6,county_trend,165.35454545454553
IA_POTTAWATTAMIE,2011,170.9,county_trend,189.25272727272724
IA_POWESHIEK,2011,179.0,county_trend,179.68363636363637
IA_RINGGOLD,2011,118.7,county_trend,122.15272727272723
IA_SAC,2011,183.4,county_trend,193.05090909090904
IA_SCOTT,2011,174.2,county_trend,173.37999999999997
IA_SHELBY,2011,173.6,county_trend,199.9363636363637
IA_SIOUX,2011,177.6,county_trend,199.37818181818182
IA_STORY,2011,163.2,county_trend,177.50727272727264
IA_TAMA,2011,162.0,county_trend,186.79090909090905
IA_TAYLOR,2011,140.5,county_trend,141.92545454545458
IA_UNION,2011,132.6,county_trend,146.35818181818183
IA_VAN_BUREN,2011,100.9,county_trend,135.99090909090913
IA_WAPELLO,2011,127.3,county_trend,141.13454545454542
IA_WARREN,2011,129.1,county_trend,139.71272727272725
IA_WASHINGTON,2011,156.3,county_trend,168.89090909090913
IA_WAYNE,2011,126.0,county_trend,115.99999999999999
IA_WEBSTER,2011,190.6,county_trend,179.47636363636363
IA_WINNESHIEK,2011,186.2,county_trend,190.16545454545454
IA_WOODBURY,2011,173.3,county_trend,183.86909090909086
IA_WRIGHT,2011,189.9,county_trend,175.58545454545455
IL_ADAMS,2011,135.8,county_trend,146.65454545454543
IL_ALEXANDER,2011,109.2,county_trend,161.43636363636364
IL_BOND,2011,124.2,county_trend,152.81818181818187
IL_BOONE,2011,180.1,county_trend,176.98181818181817
IL_BROWN,2011,127.0,county_trend,140.10909090909092
IL_BUREAU,2011,177.3,county_trend,185.69090909090914
IL_CALHOUN,2011,144.3,county_trend,174.79999999999998
IL_CARROLL,2011,183.3,county_trend,196.16363636363633
IL_CASS,2011,164.3,county_trend,176.4181818181818
IL_CHAMPAIGN,2011,164.1,county_trend,190.9090909090909
IL_CHRISTIAN,2011,154.8,county_trend,182.78181818181818
IL_CLARK,2011,138.3,county_trend,161.9818181818182
IL_CLAY,2011,121.5,county_trend,140.36363636363635
IL_CLINTON,2011,123.8,county_trend,161.16363636363636
IL_COLES,2011,151.7,county_trend,174.6
IL_CRAWFORD,2011,144.4,county_trend,153.25454545454545
IL_CUMBERLAND,2011,146.9,county_trend,162.96363636363634
IL_DE_WITT,2011,177.6,county_trend,184.69090909090912
IL_DOUGLAS,2011,153.6,county_trend,181.4
IL_EDGAR,2011,154.5,county_trend,176.25454545454545
IL_EDWARDS,2011,138.0,county_trend,149.72727272727275
IL_EFFINGHAM,2011,153.7,county_trend,167.67272727272726
IL_FAYETTE,2011,137.9,county_trend,155.43636363636367
IL_FORD,2011,137.3,county_trend,178.56363636363636
IL_FRANKLIN,2011,116.3,county_trend,135.5090909090909
IL_FULTON,2011,151.2,county_trend,170.9636363636364
IL_GALLATIN,2011,144.5,county_trend,155.65454545454546
IL_GREENE,2011,158.7,county_trend,161.6727272727273
IL_GRUNDY,2011,155.6,county_trend,178.69090909090906
IL_HAMILTON,2011,122.8,county_trend,154.19999999999996
IL_HANCOCK,2011,134.9,county_trend,162.00000000000003
IL_HENDERSON,2011,159.5,county_trend,175.67272727272723
IL_HENRY,2011,174.4,county_trend,179.79999999999998
IL_IROQUOIS,2011,155.1,county_trend,173.61818181818182
IL_JACKSON,2011,118.4,county_trend,141.63636363636365
IL_JASPER,2011,146.0,county_trend,153.36363636363637
IL_JEFFERSON,2011,111.8,county_trend,126.39999999999999
IL_JERSEY,2011,149.1,county_trend,167.23636363636365
IL_JOHNSON,2011,127.3,county_trend,132.47272727272733
IL_JO_DAVIESS,2011,171.9,county_trend,182.00000000000003
IL_KANE,2011,175.2,county_trend,186.05454545454543
IL_KANKAKEE,2011,153.3,county_trend,173.49090909090913
IL_KENDALL,2011,165.3,county_trend,185.8181818181818
IL_KNOX,2011,169.5,county_trend,183.67272727272726
IL_LAWRENCE,2011,142.0,county_trend,152.83636363636367
IL_LEE,2011,170.9,county_trend,182.0
IL_LIVINGSTON,2011,155.8,county_trend,190.01818181818186
IL_LOGAN,2011,173.4,county_trend,183.36363636363632
IL_MACON,2011,153.2,county_trend,189.69090909090912
IL_MACOUPIN,2011,131.1,county_trend,154.85454545454547
IL_MADISON,2011,118.6,county_trend,152.58181818181816
IL_MARION,2011,139.1,county_trend,148.4363636363636
IL_MARSHALL,2011,178.4,county_trend,183.3090909090909
IL_MASON,2011,142.7,county_trend,167.0
IL_MASSAC,2011,129.3,county_trend,152.4181818181818
IL_MCDONOUGH,2011,166.9,county_trend,181.90909090909088
IL_MCHENRY,2011,175.7,county_trend,170.89090909090908
IL_MCLEAN,2011,159.6,county_trend,192.45454545454544
IL_MENARD,2011,169.4,county_trend,181.09090909090907
IL_MERCER,2011,161.9,county_trend,176.05454545454546
IL_MONROE,2011,117.4,county_trend,147.18181818181816
IL_MONTGOMERY,2011,138.6,county_trend,163.85454545454544
IL_MORGAN,2011,157.2,county_trend,176.03636363636366
IL_MOULTRIE,2011,156.3,county_trend,182.39999999999998
IL_OGLE,2011,179.5,county_trend,187.36363636363637
IL_PEORIA,2011,168.9,county_trend,180.14545454545456
IL_PERRY,2011,115.6,county_trend,128.60000000000002
IL_PIATT,2011,157.1,county_trend,182.6363636363636
IL_PIKE,2011,150.7,county_trend,151.63636363636368
IL_PULASKI,2011,137.9,county_trend,160.2363636363636
IL_PUTNAM,2011,175.6,county_trend,184.4909090909091
IL_RANDOLPH,2011,111.2,county_trend,138.61818181818177
IL_RICHLAND,2011,128.3,county_trend,139.76363636363635
IL_ROCK_ISLAND,2011,176.4,county_trend,180.81818181818187
IL_SALINE,2011,132.3,county_trend,156.34545454545454
IL_SANGAMON,2011,165.7,county_trend,182.1818181818182
IL_SCHUYLER,2011,144.6,county_trend,160.4
IL_SCOTT,2011,145.4,county_trend,162.72727272727272
IL_SHELBY,2011,146.3,county_trend,176.0545454545454
IL_STARK,2011,181.2,county_trend,183.85454545454547
IL_STEPHENSON,2011,181.6,county_trend,188.45454545454544
IL_TAZEWELL,2011,172.7,county_trend,186.1636363636363
IL_UNION,2011,111.2,county_trend,146.39999999999998
IL_VERMILION,2011,148.1,county_trend,184.63636363636368
IL_WABASH,2011,140.6,county_trend,152.78181818181815
IL_WARREN,2011,177.4,county_trend,188.96363636363634
IL_WASHINGTON,2011,120.2,county_trend,150.45454545454544
IL_WAYNE,2011,122.4,county_trend,147.2727272727272
IL_WHITE,2011,144.1,county_trend,159.8
IL_WHITESIDE,2011,162.6,county_trend,181.0727272727273
IL_WILL,2011,162.5,county_trend,173.92727272727274
IL_WILLIAMSON,2011,125.0,county_trend,149.89090909090908
IL_WINNEBAGO,2011,162.2,county_trend,182.90909090909088
IL_WOODFORD,2011,186.5,county_trend,193.85454545454544
IN_ADAMS,2011,146.9,county_trend,155.79454545454547
IN_ALLEN,2011,131.6,county_trend,168.49090909090913
IN_BARTHOLOMEW,2011,120.7,county_trend,148.48
IN_BENTON,2011,165.5,county_trend,184.60181818181817
IN_BLACKFORD,2011,160.8,county_trend,158.68363636363637
IN_BOONE,2011,159.1,county_trend,173.82545454545456
IN_CARROLL,2011,167.7,county_trend,189.20909090909092
IN_CASS,2011,149.1,county_trend,170.83272727272728
IN_CLARK,2011,115.9,county_trend,139.58181818181816
IN_CLAY,2011,141.4,county_trend,154.91272727272727
IN_CLINTON,2011,175.9,county_trend,188.48909090909086
IN_DAVIESS,2011,156.7,county_trend,171.72181818181818
IN_DEARBORN,2011,109.6,county_trend,137.52545454545452
IN_DECATUR,2011,124.8,county_trend,164.99090909090907
IN_DELAWARE,2011,146.1,county_trend,153.54545454545456
IN_DUBOIS,2011,153.2,county_trend,160.56181818181818
IN_FAYETTE,2011,133.2,county_trend,160.13454545454542
IN_FLOYD,2011,98.8,county_trend,143.9047123095119
IN_FOUNTAIN,2011,154.0,county_trend,186.92545454545453
IN_FRANKLIN,2011,126.5,county_trend,159.59090909090912
IN_FULTON,2011,155.0,county_trend,173.11454545454538
IN_GREENE,2011,130.9,county_trend,143.1290909090909
IN_HAMILTON,2011,124.9,county_trend,174.62181818181813
IN_HANCOCK,2011,146.8,county_trend,163.4290909090909
IN_HARRISON,2011,105.7,county_trend,137.4727272727273
IN_HENDRICKS,2011,130.3,county_trend,164.68909090909088
IN_HENRY,2011,149.9,county_trend,169.85272727272726
IN_HOWARD,2011,163.9,county_trend,185.17454545454547
IN_HUNTINGTON,2011,137.3,county_trend,171.87272727272725
IN_JACKSON,2011,121.1,county_trend,133.4018181818182
IN_JASPER,2011,157.9,county_trend,174.73454545454547
IN_JAY,2011,153.3,county_trend,147.43090909090904
IN_JEFFERSON,2011,114.4,county_trend,113.5098522167488
IN_JENNINGS,2011,116.3,county_trend,140.40909090909088
IN_JOHNSON,2011,110.0,county_trend,151.30363636363634
IN_KOSCIUSKO,2011,152.0,county_trend,166.29090909090908
IN_LAGRANGE,2011,127.3,county_trend,135.79636363636365
IN_LAKE,2011,154.2,county_trend,170.91454545454545
IN_LAWRENCE,2011,128.3,county_trend,150.5763636363636
IN_MADISON,2011,156.4,county_trend,171.47454545454545
IN_MARSHALL,2011,157.9,county_trend,165.77454545454543
IN_MARTIN,2011,140.1,county_trend,162.04181818181814
IN_MIAMI,2011,136.9,county_trend,168.85272727272724
IN_MONROE,2011,124.8,county_trend,145.02181818181816
IN_MONTGOMERY,2011,166.7,county_trend,184.51999999999998
IN_MORGAN,2011,113.2,county_trend,152.6672727272727
IN_NEWTON,2011,166.3,county_trend,185.69090909090912
IN_NOBLE,2011,131.9,county_trend,151.05636363636364
IN_ORANGE,2011,131.9,county_trend,161.99454545454546
IN_OWEN,2011,120.1,county_trend,143.23636363636365
IN_PARKE,2011,148.6,county_trend,168.99818181818185
IN_PERRY,2011,129.8,county_trend,152.53272727272724
IN_PORTER,2011,153.1,county_trend,172.88545454545454
IN_POSEY,2011,152.6,county_trend,161.26363636363635
IN_PULASKI,2011,153.6,county_trend,169.33636363636361
IN_PUTNAM,2011,142.4,county_trend,166.37090909090907
IN_RANDOLPH,2011,143.3,county_trend,158.50727272727275
IN_RIPLEY,2011,113.0,county_trend,143.28181818181818
IN_RUSH,2011,141.5,county_trend,164.6745454545454
IN_SCOTT,2011,128.8,county_trend,138.75090909090912
IN_SHELBY,2011,116.6,county_trend,151.65454545454546
IN_SPENCER,2011,132.6,county_trend,156.2945454545455
IN_ST._JOSEPH,2011,153.1,county_trend,164.99090909090907
IN_STARKE,2011,136.9,county_trend,150.72
IN_STEUBEN,2011,120.1,county_trend,137.38545454545456
IN_SULLIVAN,2011,155.2,county_trend,167.210909090909
IN_TIPPECANOE,2011,160.2,county_trend,183.27272727272722
IN_TIPTON,2011,165.5,county_trend,190.13090909090906
IN_UNION,2011,141.2,county_trend,181.51090909090905
IN_VANDERBURGH,2011,149.0,county_trend,157.25454545454545
IN_VERMILLION,2011,152.4,county_trend,173.56727272727275
IN_VIGO,2011,139.5,county_trend,154.00363636363633
IN_WARREN,2011,159.9,county_trend,183.45090909090905
IN_WARRICK,2011,139.1,county_trend,151.50363636363636
IN_WASHINGTON,2011,123.1,county_trend,143.38363636363636
IN_WAYNE,2011,118.7,county_trend,161.3
IN_WELLS,2011,147.6,county_trend,165.83818181818182
IN_WHITE,2011,168.5,county_trend,183.42727272727265
IN_WHITLEY,2011,115.3,county_trend,161.4490909090909
MI_ALLEGAN,2011,175.3,county_trend,155.9272727272727
MI_ARENAC,2011,160.6,county_trend,157.05454545454543
MI_BARRY,2011,153.0,county_trend,145.30909090909086
MI_BAY,2011,169.3,county_trend,166.07272727272726
MI_BERRIEN,2011,163.0,county_trend,158.18181818181816
MI_BRANCH,2011,156.4,county_trend,136.65454545454548
MI_CALHOUN,2011,144.5,county_trend,139.05454545454546
MI_CASS,2011,168.0,county_trend,166.65454545454548
MI_CLINTON,2011,151.9,county_trend,148.6727272727273
MI_EATON,2011,147.5,county_trend,149.9272727272727
MI_GENESEE,2011,134.4,county_trend,141.0
MI_GRATIOT,2011,155.5,county_trend,150.6181818181818
MI_HILLSDALE,2011,139.4,county_trend,143.87272727272725
MI_HURON,2011,175.6,county_trend,184.16363636363633
MI_INGHAM,2011,148.4,county_trend,153.3272727272727
MI_IONIA,2011,165.1,county_trend,156.76363636363638
MI_JACKSON,2011,130.1,county_trend,134.4181818181818
MI_KALAMAZOO,2011,162.3,county_trend,149.14545454545456
MI_KENT,2011,163.3,county_trend,145.74545454545452
MI_LAPEER,2011,139.1,county_trend,147.16363636363639
MI_LENAWEE,2011,149.6,county_trend,159.59999999999997
MI_LIVINGSTON,2011,139.5,county_trend,141.39999999999995
MI_MACOMB,2011,149.5,county_trend,157.5090909090909
MI_MIDLAND,2011,161.8,county_trend,159.98181818181817
MI_MONROE,2011,156.6,county_trend,163.9090909090909
MI_MONTCALM,2011,146.8,county_trend,138.67272727272723
MI_MUSKEGON,2011,140.3,county_trend,143.84022038567497
MI_NEWAYGO,2011,128.5,county_trend,129.8181818181818
MI_OAKLAND,2011,129.4,county_trend,127.65500000000003
MI_OCEANA,2011,127.5,county_trend,136.61999999999998
MI_OTTAWA,2011,148.7,county_trend,147.58181818181816
MI_SAGINAW,2011,150.2,county_trend,160.81818181818184
MI_SANILAC,2011,161.8,county_trend,168.6363636363636
MI_SHIAWASSEE,2011,141.5,county_trend,150.4545454545454
MI_TUSCOLA,2011,156.4,county_trend,170.5818181818182
MI_VAN_BUREN,2011,179.6,county_trend,157.54545454545456
MI_WASHTENAW,2011,144.5,county_trend,141.29090909090908
MI_WAYNE,2011,138.2,county_trend,145.79000000000002
MN_BLUE_EARTH,2011,171.1,county_trend,187.36363636363632
MN_BROWN,2011,162.8,county_trend,189.90909090909088
MN_CHIPPEWA,2011,155.1,county_trend,174.10909090909087
MN_FILLMORE,2011,178.6,county_trend,190.14545454545456
MN_GOODHUE,2011,177.2,county_trend,191.45454545454547
MN_HOUSTON,2011,171.9,county_trend,182.96363636363634
MN_MARTIN,2011,173.6,county_trend,196.98181818181808
MN_MURRAY,2011,166.4,county_trend,189.36363636363635
MN_NICOLLET,2011,160.4,county_trend,182.6909090909091
MN_NOBLES,2011,174.6,county_trend,190.32727272727269
MN_PIPESTONE,2011,152.2,county_trend,173.05454545454546
MN_REDWOOD,2011,149.1,county_trend,189.18181818181816
MN_RENVILLE,2011,146.4,county_trend,184.67454545454544
MN_ROCK,2011,180.6,county_trend,190.6363636363636
MN_WABASHA,2011,180.2,county_trend,188.50909090909096
MN_WINONA,2011,178.3,county_trend,185.38181818181812
MN_YELLOW_MEDICINE,2011,155.2,county_trend,169.61636363636362
MO_ADAIR,2011,121.8,county_trend,111.57999999999996
MO_ATCHISON,2011,149.5,county_trend,171.9509090909091
MO_AUDRAIN,2011,105.2,county_trend,129.8563636363636
MO_BARTON,2011,49.1,county_trend,127.1872727272727
MO_BENTON,2011,83.5,county_trend,127.56545454545454
MO_BOLLINGER,2011,105.1,county_trend,136.22
MO_BOONE,2011,94.2,county_trend,125.1454545454545
MO_BUCHANAN,2011,134.4,county_trend,149.8072727272727
MO_BUTLER,2011,133.1,county_trend,147.17636363636365
MO_CALDWELL,2011,113.5,county_trend,119.05454545454545
MO_CALLAWAY,2011,127.4,county_trend,137.06727272727272
MO_CAPE_GIRARDEAU,2011,114.5,county_trend,148.70727272727274
MO_CARROLL,2011,132.6,county_trend,136.86181818181817
MO_CASS,2011,65.2,county_trend,129.03090909090912
MO_CHARITON,2011,121.3,county_trend,133.58727272727268
MO_CLARK,2011,100.6,county_trend,126.74363636363638
MO_CLAY,2011,130.6,county_trend,148.36363636363637
MO_CLINTON,2011,137.4,county_trend,147.63818181818183
MO_COLE,2011,136.5,county_trend,140.85454545454544
MO_COOPER,2011,87.0,county_trend,139.64363636363635
MO_DADE,2011,36.8,county_trend,114.96363636363633
MO_DAVIESS,2011,123.6,county_trend,122.99818181818179
MO_FRANKLIN,2011,102.0,county_trend,145.9581818181818
MO_GASCONADE,2011,82.0,county_trend,135.30909090909086
MO_GENTRY,2011,128.7,county_trend,123.52363636363634
MO_GRUNDY,2011,131.6,county_trend,121.1327272727273
MO_HARRISON,2011,108.0,county_trend,118.95636363636363
MO_HENRY,2011,41.8,county_trend,102.5181818181818
MO_HOLT,2011,149.5,county_trend,164.89272727272729
MO_HOWARD,2011,118.8,county_trend,139.76545454545453
MO_JACKSON,2011,114.5,county_trend,146.20909090909086
MO_JASPER,2011,34.4,county_trend,116.77818181818179
MO_JEFFERSON,2011,108.1,county_trend,131.7509090909091
MO_JOHNSON,2011,91.3,county_trend,128.4854545454545
MO_LAFAYETTE,2011,137.5,county_trend,158.15090909090907
MO_LEWIS,2011,92.7,county_trend,118.0
MO_LINCOLN,2011,95.0,county_trend,134.35454545454544
MO_LINN,2011,116.4,county_trend,131.31818181818176
MO_LIVINGSTON,2011,121.2,county_trend,128.81090909090906
MO_MARION,2011,115.3,county_trend,135.06181818181818
MO_MERCER,2011,119.1,county_trend,115.89090909090908
MO_MISSISSIPPI,2011,155.0,county_trend,168.5545454545454
MO_MONROE,2011,91.7,county_trend,115.99454545454543
MO_MONTGOMERY,2011,81.8,county_trend,117.79454545454544
MO_MORGAN,2011,63.5,county_trend,111.67090909090908
MO_NEW_MADRID,2011,171.0,county_trend,169.42363636363635
MO_NODAWAY,2011,122.1,county_trend,138.12727272727275
MO_PERRY,2011,104.7,county_trend,143.51818181818183
MO_PETTIS,2011,90.4,county_trend,118.05999999999997
MO_PIKE,2011,112.7,county_trend,134.21636363636358
MO_PUTNAM,2011,116.0,county_trend,117.00363636363632
MO_RALLS,2011,106.7,county_trend,130.1090909090909
MO_RAY,2011,128.8,county_trend,145.83636363636361
MO_SALINE,2011,142.0,county_trend,158.09272727272725
MO_SCHUYLER,2011,111.6,county_trend,99.50181818181821
MO_SCOTT,2011,158.2,county_trend,168.70727272727268
MO_SHELBY,2011,107.6,county_trend,117.85818181818182
MO_STODDARD,2011,145.3,county_trend,159.59818181818179
MO_SULLIVAN,2011,118.1,county_trend,105.23272727272723
MO_WARREN,2011,98.0,county_trend,134.89454545454547
MO_WORTH,2011,112.5,county_trend,117.17272727272727
OH_ADAMS,2011,143.9,county_trend,128.43636363636364
OH_ALLEN,2011,153.0,county_trend,154.78727272727275
OH_ASHLAND,2011,140.8,county_trend,160.44909090909084
OH_ASHTABULA,2011,149.7,county_trend,147.44727272727275
OH_AUGLAIZE,2011,165.4,county_trend,152.92727272727274
OH_BROWN,2011,149.7,county_trend,150.14727272727265
OH_BUTLER,2011,127.6,county_trend,153.2854545454545
OH_CHAMPAIGN,2011,139.9,county_trend,176.51818181818183
OH_CLARK,2011,163.9,county_trend,176.41454545454542
OH_CLERMONT,2011,162.9,county_trend,155.38727272727272
OH_CLINTON,2011,167.1,county_trend,172.83272727272723
OH_COLUMBIANA,2011,138.7,county_trend,156.86363636363637
OH_COSHOCTON,2011,145.1,county_trend,165.97090909090906
OH_CRAWFORD,2011,182.0,county_trend,171.13090909090903
OH_DARKE,2011,126.8,county_trend,166.1
OH_DEFIANCE,2011,133.0,county_trend,144.94909090909087
OH_DELAWARE,2011,152.0,county_trend,166.90000000000003
OH_ERIE,2011,140.8,county_trend,175.36909090909086
OH_FAIRFIELD,2011,159.0,county_trend,164.97636363636363
OH_FULTON,2011,154.0,county_trend,172.94727272727263
OH_GREENE,2011,170.6,county_trend,187.12545454545452
OH_GUERNSEY,2011,130.3,county_trend,132.56731601731593
OH_HAMILTON,2011,135.0,county_trend,154.84727272727275
OH_HANCOCK,2011,165.6,county_trend,156.94363636363633
OH_HARDIN,2011,169.0,county_trend,160.8781818181818
OH_HENRY,2011,143.8,county_trend,171.14545454545453
OH_HIGHLAND,2011,156.6,county_trend,151.92545454545458
OH_HOCKING,2011,145.3,county_trend,140.4257575757576
OH_HOLMES,2011,152.9,county_trend,165.51454545454544
OH_HURON,2011,155.9,county_trend,168.34727272727272
OH_KNOX,2011,144.7,county_trend,157.85090909090908
OH_LICKING,2011,152.7,county_trend,159.84545454545452
OH_LOGAN,2011,163.1,county_trend,164.21454545454546
OH_LORAIN,2011,150.6,county_trend,152.7109090909091
OH_LUCAS,2011,159.8,county_trend,171.93818181818182
OH_MADISON,2011,166.7,county_trend,174.86727272727273
OH_MAHONING,2011,138.6,county_trend,144.14909090909094
OH_MARION,2011,170.2,county_trend,168.12545454545455
OH_MEDINA,2011,134.2,county_trend,160.45454545454544
OH_MERCER,2011,155.8,county_trend,154.31272727272727
OH_MIAMI,2011,129.8,county_trend,175.70909090909083
OH_MONTGOMERY,2011,127.7,county_trend,149.72
OH_MORGAN,2011,116.7,county_trend,137.73090909090908
OH_MORROW,2011,160.7,county_trend,154.97090909090915
OH_MUSKINGUM,2011,150.0,county_trend,163.38727272727274
OH_OTTAWA,2011,156.8,county_trend,169.89090909090902
OH_PAULDING,2011,127.3,county_trend,158.73090909090905
OH_PERRY,2011,147.7,county_trend,162.99272727272728
OH_PICKAWAY,2011,154.8,county_trend,160.46000000000004
OH_PIKE,2011,159.3,county_trend,153.99650349650355
OH_PORTAGE,2011,137.8,county_trend,135.39307359307355
OH_PREBLE,2011,135.8,county_trend,157.59272727272722
OH_PUTNAM,2011,169.4,county_trend,152.88181818181818
OH_RICHLAND,2011,145.1,county_trend,157.30727272727268
OH_ROSS,2011,157.5,county_trend,156.65272727272722
OH_SANDUSKY,2011,164.1,county_trend,164.82181818181823
OH_SENECA,2011,160.0,county_trend,157.53272727272727
OH_SHELBY,2011,149.2,county_trend,164.21090909090907
OH_STARK,2011,145.2,county_trend,159.68363636363637
OH_SUMMIT,2011,123.5,county_trend,146.76785714285708
OH_TRUMBULL,2011,140.9,county_trend,161.71636363636364
OH_TUSCARAWAS,2011,147.8,county_trend,165.26727272727265
OH_UNION,2011,165.5,county_trend,167.63636363636363
OH_VAN_WERT,2011,130.4,county_trend,153.45454545454544
OH_WARREN,2011,159.2,county_trend,160.99090909090904
OH_WAYNE,2011,142.0,county_trend,159.22545454545454
OH_WILLIAMS,2011,145.5,county_trend,154.32727272727269
OH_WOOD,2011,172.1,county_trend,165.82000000000002
OH_WYANDOT,2011,167.2,county_trend,165.2054545454546
WI_ADAMS,2011,129.5,county_trend,162.38181818181818
WI_BUFFALO,2011,159.3,county_trend,155.70909090909092
WI_COLUMBIA,2011,159.6,county_trend,163.65454545454543
WI_CRAWFORD,2011,144.0,county_trend,162.2181818181818
WI_DANE,2011,162.4,county_trend,169.36363636363635
WI_DODGE,2011,170.6,county_trend,162.76363636363632
WI_DUNN,2011,156.1,county_trend,147.3090909090909
WI_EAU_CLAIRE,2011,147.8,county_trend,152.4363636363636
WI_FOND_DU_LAC,2011,175.7,county_trend,165.5818181818182
WI_GRANT,2011,170.1,county_trend,181.49090909090904
WI_GREEN,2011,163.7,county_trend,174.56363636363636
WI_GREEN_LAKE,2011,155.3,county_trend,150.96363636363643
WI_IOWA,2011,170.1,county_trend,184.5090909090909
WI_JACKSON,2011,149.6,county_trend,154.34545454545457
WI_JEFFERSON,2011,157.8,county_trend,162.98181818181817
WI_JUNEAU,2011,156.6,county_trend,147.54545454545453
WI_KENOSHA,2011,163.1,county_trend,165.39999999999995
WI_LAFAYETTE,2011,178.5,county_trend,175.85454545454542
WI_LA_CROSSE,2011,156.3,county_trend,167.25454545454545
WI_MARINETTE,2011,120.9,county_trend,115.34545454545452
WI_MARQUETTE,2011,115.4,county_trend,131.5090909090909
WI_MONROE,2011,149.1,county_trend,147.6
WI_OCONTO,2011,136.8,county_trend,127.76363636363638
WI_OUTAGAMIE,2011,144.8,county_trend,144.05454545454538
WI_PEPIN,2011,156.8,county_trend,157.01818181818177
WI_PORTAGE,2011,156.8,county_trend,146.98181818181817
WI_RACINE,2011,151.3,county_trend,161.27272727272725
WI_RICHLAND,2011,135.8,county_trend,157.87272727272725
WI_ROCK,2011,160.4,county_trend,171.0909090909091
WI_SAUK,2011,148.4,county_trend,153.4727272727273
WI_SHEBOYGAN,2011,151.8,county_trend,142.39999999999998
WI_TREMPEALEAU,2011,153.5,county_trend,152.56363636363636
WI_VERNON,2011,153.1,county_trend,159.03636363636357
WI_WALWORTH,2011,163.3,county_trend,167.20000000000002
WI_WASHINGTON,2011,157.4,county_trend,149.12727272727273
WI_WAUKESHA,2011,147.6,county_trend,148.78181818181818
WI_WAUSHARA,2011,172.9,county_trend,144.78181818181818
WI_WINNEBAGO,2011,148.1,county_trend,141.12727272727273
IA_ADAIR,2011,152.8,ridge,149.42027336228668
IA_ADAMS,2011,151.7,ridge,152.0039406880327
IA_ALLAMAKEE,2011,173.3,ridge,157.8986175975819
IA_APPANOOSE,2011,120.1,ridge,149.14738471466472
IA_AUDUBON,2011,176.6,ridge,150.25549730389073
IA_BENTON,2011,157.2,ridge,155.80166070306083
IA_BLACK_HAWK,2011,186.1,ridge,157.09458029006873
IA_BOONE,2011,182.5,ridge,151.73962132498943
IA_BREMER,2011,196.5,ridge,157.7859564310365
IA_BUCHANAN,2011,187.0,ridge,157.71552877731693
IA_BUENA_VISTA,2011,180.2,ridge,154.40133269601543
IA_BUTLER,2011,186.7,ridge,157.60513081444049
IA_CALHOUN,2011,181.9,ridge,151.46712690094742
IA_CARROLL,2011,180.2,ridge,150.45534034893436
IA_CASS,2011,175.2,ridge,149.66200421760894
IA_CEDAR,2011,184.9,ridge,155.5711887185158
IA_CERRO_GORDO,2011,169.3,ridge,158.66678573730064
IA_CHEROKEE,2011,176.7,ridge,153.1673530945144
IA_CHICKASAW,2011,188.8,ridge,159.91214638459795
IA_CLARKE,2011,107.7,ridge,151.18077561789985
IA_CLAY,2011,185.4,ridge,155.6309103691063
IA_CLAYTON,2011,186.8,ridge,157.32417881667976
IA_CLINTON,2011,180.0,ridge,156.4641747891781
IA_CRAWFORD,2011,181.8,ridge,149.88386539574623
IA_DALLAS,2011,172.1,ridge,149.89425087203267
IA_DAVIS,2011,97.8,ridge,147.2122541282201
IA_DECATUR,2011,126.1,ridge,152.87581376221968
IA_DELAWARE,2011,186.5,ridge,158.62404866548215
IA_DES_MOINES,2011,146.6,ridge,150.46751148973448
IA_DICKINSON,2011,169.3,ridge,156.2163174410685
IA_DUBUQUE,2011,185.1,ridge,157.57288630883912
IA_EMMET,2011,169.6,ridge,156.5977211851675
IA_FAYETTE,2011,186.6,ridge,158.25309362616332
IA_FLOYD,2011,181.1,ridge,159.02697107049295
IA_FRANKLIN,2011,189.7,ridge,157.49540007777304
IA_FREMONT,2011,155.6,ridge,154.4383984756369
IA_GREENE,2011,183.4,ridge,150.42355814755464
IA_GRUNDY,2011,172.8,ridge,157.70993663899114
IA_GUTHRIE,2011,169.4,ridge,150.18992547163182
IA_HAMILTON,2011,180.6,ridge,154.75184946285773
IA_HANCOCK,2011,179.8,ridge,157.8552263474837
IA_HARDIN,2011,186.7,ridge,156.224969116909
IA_HARRISON,2011,169.9,ridge,148.55767788642964
IA_HENRY,2011,123.2,ridge,149.38491394224232
IA_HOWARD,2011,185.8,ridge,162.93141207023368
IA_HUMBOLDT,2011,185.5,ridge,154.81974445791366
IA_IDA,2011,182.9,ridge,151.2147232307727
IA_IOWA,2011,171.6,ridge,151.60253175257293
IA_JACKSON,2011,178.3,ridge,155.66406640234663
IA_JASPER,2011,171.1,ridge,152.28859410656142
IA_JEFFERSON,2011,112.4,ridge,148.69556771406542
IA_JOHNSON,2011,171.9,ridge,151.93789608841416
IA_JONES,2011,171.4,ridge,157.02883828873752
IA_KEOKUK,2011,152.4,ridge,148.6081703418443
IA_KOSSUTH,2011,179.9,ridge,156.9737628231496
IA_LEE,2011,105.2,ridge,148.92310213225136
IA_LINN,2011,169.1,ridge,156.3827997584142
IA_LOUISA,2011,148.9,ridge,150.69532933889002
IA_LUCAS,2011,114.9,ridge,149.80397400302763
IA_LYON,2011,185.4,ridge,153.88066487206635
IA_MADISON,2011,145.1,ridge,148.93973618174923
IA_MAHASKA,2011,165.0,ridge,147.81746677436837
IA_MARION,2011,152.6,ridge,147.39899456106127
IA_MARSHALL,2011,166.3,ridge,155.29975052148106
IA_MILLS,2011,155.0,ridge,151.88214884688995
IA_MITCHELL,2011,180.1,ridge,161.6391126012304
IA_MONONA,2011,158.3,ridge,148.26774902905572
IA_MONROE,2011,112.5,ridge,146.96365155170483
IA_MONTGOMERY,2011,153.2,ridge,151.34362002861656
IA_MUSCATINE,2011,164.6,ridge,152.9143147478896
IA_OSCEOLA,2011,184.4,ridge,154.9932754744024
IA_PAGE,2011,136.2,ridge,154.75843043946634
IA_PALO_ALTO,2011,174.6,ridge,155.51162853319522
IA_PLYMOUTH,2011,164.5,ridge,151.80774368959314
IA_POCAHONTAS,2011,181.2,ridge,154.260834750392
IA_POLK,2011,160.6,ridge,150.55294660245343
IA_POTTAWATTAMIE,2011,170.9,ridge,149.01262387689522
IA_POWESHIEK,2011,179.0,ridge,152.76119607823864
IA_RINGGOLD,2011,118.7,ridge,153.26237227337597
IA_SAC,2011,183.4,ridge,151.82220273179382
IA_SCOTT,2011,174.2,ridge,156.31105597967115
IA_SHELBY,2011,173.6,ridge,149.82812514184218
IA_SIOUX,2011,177.6,ridge,153.4485718467642
IA_STORY,2011,163.2,ridge,153.3866127256728
IA_TAMA,2011,162.0,ridge,155.73134327220149
IA_TAYLOR,2011,140.5,ridge,154.56971518087306
IA_UNION,2011,132.6,ridge,151.91730473747387
IA_VAN_BUREN,2011,100.9,ridge,147.71547140237593
IA_WAPELLO,2011,127.3,ridge,147.23276449503103
IA_WARREN,2011,129.1,ridge,148.82446964428016
IA_WASHINGTON,2011,156.3,ridge,149.31466902214598
IA_WAYNE,2011,126.0,ridge,150.9684432936715
IA_WEBSTER,2011,190.6,ridge,152.9531628374206
IA_WINNESHIEK,2011,186.2,ridge,160.3211985727401
IA_WOODBURY,2011,173.3,ridge,149.5294140438664
IA_WRIGHT,2011,189.9,ridge,156.48892195019621
IL_ADAMS,2011,135.8,ridge,145.0461434433219
IL_ALEXANDER,2011,109.2,ridge,136.81073533314398
IL_BOND,2011,124.2,ridge,149.68566093714983
IL_BOONE,2011,180.1,ridge,154.09725248579463
IL_BROWN,2011,127.0,ridge,146.92392759284706
IL_BUREAU,2011,177.3,ridge,150.7247923925662
IL_CALHOUN,2011,144.3,ridge,151.23290446542183
IL_CARROLL,2011,183.3,ridge,151.73302725595283
IL_CASS,2011,164.3,ridge,150.0680439802435
IL_CHAMPAIGN,2011,164.1,ridge,151.75010650674648
IL_CHRISTIAN,2011,154.8,ridge,156.57778247874214
IL_CLARK,2011,138.3,ridge,145.9255422741103
IL_CLAY,2011,121.5,ridge,144.2642889779058
IL_CLINTON,2011,123.8,ridge,145.827354607566
IL_COLES,2011,151.7,ridge,151.09859416752957
IL_CRAWFORD,2011,144.4,ridge,144.11931848305144
IL_CUMBERLAND,2011,146.9,ridge,149.6974538886876
IL_DE_WITT,2011,177.6,ridge,154.4488574026703
IL_DOUGLAS,2011,153.6,ridge,153.12847355815637
IL_EDGAR,2011,154.5,ridge,147.53593551375494
IL_EDWARDS,2011,138.0,ridge,139.76550531737257
IL_EFFINGHAM,2011,153.7,ridge,149.55977279069467
IL_FAYETTE,2011,137.9,ridge,151.11982430519302
IL_FORD,2011,137.3,ridge,150.4168639749747
IL_FRANKLIN,2011,116.3,ridge,136.7207257944062
IL_FULTON,2011,151.2,ridge,146.70608730985052
IL_GALLATIN,2011,144.5,ridge,137.27309114261277
IL_GREENE,2011,158.7,ridge,150.95739909935645
IL_GRUNDY,2011,155.6,ridge,149.03045745758533
IL_HAMILTON,2011,122.8,ridge,138.41219761262045
IL_HANCOCK,2011,134.9,ridge,146.23204767662355
IL_HENDERSON,2011,159.5,ridge,148.1319425364926
IL_HENRY,2011,174.4,ridge,151.94262587761452
IL_IROQUOIS,2011,155.1,ridge,147.26782298375673
IL_JACKSON,2011,118.4,ridge,135.18421609209014
IL_JASPER,2011,146.0,ridge,146.17410423876996
IL_JEFFERSON,2011,111.8,ridge,140.62295049136583
IL_JERSEY,2011,149.1,ridge,149.83762212745182
IL_JOHNSON,2011,127.3,ridge,132.0894499780679
IL_JO_DAVIESS,2011,171.9,ridge,151.2173522757239
IL_KANE,2011,175.2,ridge,151.3523952393681
IL_KANKAKEE,2011,153.3,ridge,147.28459962345963
IL_KENDALL,2011,165.3,ridge,149.83479114620414
IL_KNOX,2011,169.5,ridge,148.9058367632537
IL_LAWRENCE,2011,142.0,ridge,142.9173586439226
IL_LEE,2011,170.9,ridge,152.34595573700756
IL_LIVINGSTON,2011,155.8,ridge,150.48525774152085
IL_LOGAN,2011,173.4,ridge,154.2667806162649
IL_MACON,2011,153.2,ridge,155.410665682811
IL_MACOUPIN,2011,131.1,ridge,152.57969684102753
IL_MADISON,2011,118.6,ridge,148.2110236277786
IL_MARION,2011,139.1,ridge,145.996787047525
IL_MARSHALL,2011,178.4,ridge,148.28442211947885
IL_MASON,2011,142.7,ridge,150.8180400860888
IL_MASSAC,2011,129.3,ridge,133.2542537618458
IL_MCDONOUGH,2011,166.9,ridge,147.22039160525097
IL_MCHENRY,2011,175.7,ridge,152.1137479571841
IL_MCLEAN,2011,159.6,ridge,152.18417190325167
IL_MENARD,2011,169.4,ridge,151.21309203169565
IL_MERCER,2011,161.9,ridge,150.25234820525435
IL_MONROE,2011,117.4,ridge,141.86721368868774
IL_MONTGOMERY,2011,138.6,ridge,155.5374367504371
IL_MORGAN,2011,157.2,ridge,151.60435184426305
IL_MOULTRIE,2011,156.3,ridge,155.59172467763017
IL_OGLE,2011,179.5,ridge,153.16629077480746
IL_PEORIA,2011,168.9,ridge,147.94886595028765
IL_PERRY,2011,115.6,ridge,139.80215343354539
IL_PIATT,2011,157.1,ridge,154.46257570298476
IL_PIKE,2011,150.7,ridge,147.5689117136431
IL_PULASKI,2011,137.9,ridge,135.13593351291186
IL_PUTNAM,2011,175.6,ridge,147.06046617053917
IL_RANDOLPH,2011,111.2,ridge,138.7802346863739
IL_RICHLAND,2011,128.3,ridge,142.54171634579166
IL_ROCK_ISLAND,2011,176.4,ridge,150.33618646517743
IL_SALINE,2011,132.3,ridge,135.5198120607183
IL_SANGAMON,2011,165.7,ridge,154.5909178934478
IL_SCHUYLER,2011,144.6,ridge,145.92701557893943
IL_SCOTT,2011,145.4,ridge,150.5740685557967
IL_SHELBY,2011,146.3,ridge,154.75005828539395
IL_STARK,2011,181.2,ridge,151.34017313370381
IL_STEPHENSON,2011,181.6,ridge,154.93938255491918
IL_TAZEWELL,2011,172.7,ridge,149.62854030519273
IL_UNION,2011,111.2,ridge,133.935939550728
IL_VERMILION,2011,148.1,ridge,147.17037226834006
IL_WABASH,2011,140.6,ridge,140.32823964063215
IL_WARREN,2011,177.4,ridge,149.2462448835956
IL_WASHINGTON,2011,120.2,ridge,142.1862174631368
IL_WAYNE,2011,122.4,ridge,140.3713589672978
IL_WHITE,2011,144.1,ridge,139.18164936464882
IL_WHITESIDE,2011,162.6,ridge,151.37105871496897
IL_WILL,2011,162.5,ridge,148.9358138180254
IL_WILLIAMSON,2011,125.0,ridge,133.63763097129674
IL_WINNEBAGO,2011,162.2,ridge,154.14865334171353
IL_WOODFORD,2011,186.5,ridge,150.07071737627024
IN_ADAMS,2011,146.9,ridge,130.51306708603516
IN_ALLEN,2011,131.6,ridge,133.7712385437397
IN_BARTHOLOMEW,2011,120.7,ridge,130.00371740629456
IN_BENTON,2011,165.5,ridge,140.37366293519324
IN_BLACKFORD,2011,160.8,ridge,132.09063318791596
IN_BOONE,2011,159.1,ridge,134.3323742339326
IN_CARROLL,2011,167.7,ridge,134.18064392093711
IN_CASS,2011,149.1,ridge,134.2213663418495
IN_CLARK,2011,115.9,ridge,130.09043920536462
IN_CLAY,2011,141.4,ridge,136.12334896135613
IN_CLINTON,2011,175.9,ridge,134.30718008582227
IN_DAVIESS,2011,156.7,ridge,135.02602391531772
IN_DEARBORN,2011,109.6,ridge,128.46181914966965
IN_DECATUR,2011,124.8,ridge,133.6932913757133
IN_DELAWARE,2011,146.1,ridge,132.30315994184724
IN_DUBOIS,2011,153.2,ridge,128.40074651475464
IN_FAYETTE,2011,133.2,ridge,132.12926564569548
IN_FLOYD,2011,98.8,ridge,131.12463201682573
IN_FOUNTAIN,2011,154.0,ridge,136.81507590837413
IN_FRANKLIN,2011,126.5,ridge,130.81613643594486
IN_FULTON,2011,155.0,ridge,135.53875963522214
IN_GREENE,2011,130.9,ridge,135.37233369325412
IN_HAMILTON,2011,124.9,ridge,132.80636529029596
IN_HANCOCK,2011,146.8,ridge,132.3914066395731
IN_HARRISON,2011,105.7,ridge,131.74734042766707
IN_HENDRICKS,2011,130.3,ridge,132.57505822430699
IN_HENRY,2011,149.9,ridge,132.94358194085518
IN_HOWARD,2011,163.9,ridge,133.27651246800218
IN_HUNTINGTON,2011,137.3,ridge,132.19248958902003
IN_JACKSON,2011,121.1,ridge,128.66664057555116
IN_JASPER,2011,157.9,ridge,135.77055365949732
IN_JAY,2011,153.3,ridge,130.81741727914738
IN_JEFFERSON,2011,114.4,ridge,129.8938790985178
IN_JENNINGS,2011,116.3,ridge,131.03923049702888
IN_JOHNSON,2011,110.0,ridge,131.59405404971187
IN_KOSCIUSKO,2011,152.0,ridge,135.98469923578446
IN_LAGRANGE,2011,127.3,ridge,137.0500882620742
IN_LAKE,2011,154.2,ridge,142.95351366169754
IN_LAWRENCE,2011,128.3,ridge,128.9909427439643
IN_MADISON,2011,156.4,ridge,132.72424735550646
IN_MARSHALL,2011,157.9,ridge,137.74027983447584
IN_MARTIN,2011,140.1,ridge,129.2153938355563
IN_MIAMI,2011,136.9,ridge,133.79256627699408
IN_MONROE,2011,124.8,ridge,130.18680221480759
IN_MONTGOMERY,2011,166.7,ridge,135.80732517915396
IN_MORGAN,2011,113.2,ridge,132.19349366550745
IN_NEWTON,2011,166.3,ridge,137.26348407881034
IN_NOBLE,2011,131.9,ridge,135.70503011513105
IN_ORANGE,2011,131.9,ridge,128.13789266775478
IN_OWEN,2011,120.1,ridge,132.47354244836404
IN_PARKE,2011,148.6,ridge,134.1329778546368
IN_PERRY,2011,129.8,ridge,126.7235476737337
IN_PORTER,2011,153.1,ridge,138.58874334477466
IN_POSEY,2011,152.6,ridge,133.94158445007469
IN_PULASKI,2011,153.6,ridge,131.49761060340506
IN_PUTNAM,2011,142.4,ridge,133.94506350004258
IN_RANDOLPH,2011,143.3,ridge,132.02889873414455
IN_RIPLEY,2011,113.0,ridge,130.89551870912135
IN_RUSH,2011,141.5,ridge,132.72328950525096
IN_SCOTT,2011,128.8,ridge,129.9732709349048
IN_SHELBY,2011,116.6,ridge,133.42338424398878
IN_SPENCER,2011,132.6,ridge,129.260773621754
IN_ST._JOSEPH,2011,153.1,ridge,140.41519140782748
IN_STARKE,2011,136.9,ridge,133.05381366502854
IN_STEUBEN,2011,120.1,ridge,136.16539913094851
IN_SULLIVAN,2011,155.2,ridge,137.60005098592228
IN_TIPPECANOE,2011,160.2,ridge,136.64374175582705
IN_TIPTON,2011,165.5,ridge,133.06792219987057
IN_UNION,2011,141.2,ridge,131.09404940287826
IN_VANDERBURGH,2011,149.0,ridge,132.7227211696319
IN_VERMILLION,2011,152.4,ridge,137.02563121048752
IN_VIGO,2011,139.5,ridge,138.0203662290264
IN_WARREN,2011,159.9,ridge,140.25794111470566
IN_WARRICK,2011,139.1,ridge,130.0249692514879
IN_WASHINGTON,2011,123.1,ridge,129.06706391044005
IN_WAYNE,2011,118.7,ridge,131.5048562455371
IN_WELLS,2011,147.6,ridge,131.1581300242766
IN_WHITE,2011,168.5,ridge,134.85892400789436
IN_WHITLEY,2011,115.3,ridge,134.7180867667974
MI_ALLEGAN,2011,175.3,ridge,123.01236358909807
MI_ARENAC,2011,160.6,ridge,132.76442205936866
MI_BARRY,2011,153.0,ridge,113.67808869168287
MI_BAY,2011,169.3,ridge,132.6087445652137
MI_BERRIEN,2011,163.0,ridge,112.02373461690041
MI_BRANCH,2011,156.4,ridge,110.79141982007425
MI_CALHOUN,2011,144.5,ridge,111.90347820338926
MI_CASS,2011,168.0,ridge,112.68130474636557
MI_CLINTON,2011,151.9,ridge,115.15889372987553
MI_EATON,2011,147.5,ridge,112.46976296518824
MI_GENESEE,2011,134.4,ridge,120.32966647042825
MI_GRATIOT,2011,155.5,ridge,122.4032372380671
MI_HILLSDALE,2011,139.4,ridge,109.32924736265133
MI_HURON,2011,175.6,ridge,137.17115252207353
MI_INGHAM,2011,148.4,ridge,112.42157401502297
MI_IONIA,2011,165.1,ridge,120.13665200955468
MI_JACKSON,2011,130.1,ridge,111.33901042511181
MI_KALAMAZOO,2011,162.3,ridge,113.33828518583461
MI_KENT,2011,163.3,ridge,123.61950142869175
MI_LAPEER,2011,139.1,ridge,119.75816055091573
MI_LENAWEE,2011,149.6,ridge,109.79336987321645
MI_LIVINGSTON,2011,139.5,ridge,113.11971264159135
MI_MACOMB,2011,149.5,ridge,118.46534331955367
MI_MIDLAND,2011,161.8,ridge,131.30401637939096
MI_MONROE,2011,156.6,ridge,104.31386566749921
MI_MONTCALM,2011,146.8,ridge,128.77733574905642
MI_MUSKEGON,2011,140.3,ridge,134.73165103263534
MI_NEWAYGO,2011,128.5,ridge,133.19864796180573
MI_OAKLAND,2011,129.4,ridge,116.14402038451288
MI_OCEANA,2011,127.5,ridge,137.02692043328472
MI_OTTAWA,2011,148.7,ridge,127.46065332293124
MI_SAGINAW,2011,150.2,ridge,128.87034143629842
MI_SANILAC,2011,161.8,ridge,129.94216122193814
MI_SHIAWASSEE,2011,141.5,ridge,118.04827032312102
MI_TUSCOLA,2011,156.4,ridge,126.58903281956384
MI_VAN_BUREN,2011,179.6,ridge,116.59878719340362
MI_WASHTENAW,2011,144.5,ridge,110.9044524168689
MI_WAYNE,2011,138.2,ridge,111.87263462205286
MN_BLUE_EARTH,2011,171.1,ridge,160.6482861566135
MN_BROWN,2011,162.8,ridge,158.09539166319365
MN_CHIPPEWA,2011,155.1,ridge,151.04511574574354
MN_FILLMORE,2011,178.6,ridge,166.13970680478482
MN_GOODHUE,2011,177.2,ridge,165.06123294303933
MN_HOUSTON,2011,171.9,ridge,160.94284233872722
MN_MARTIN,2011,173.6,ridge,159.3158312520027
MN_MURRAY,2011,166.4,ridge,149.7294940017472
MN_NICOLLET,2011,160.4,ridge,159.26549761332757
MN_NOBLES,2011,174.6,ridge,152.47871234089644
MN_PIPESTONE,2011,152.2,ridge,150.45589464989996
MN_REDWOOD,2011,149.1,ridge,157.84820731523055
MN_RENVILLE,2011,146.4,ridge,156.94910400333694
MN_ROCK,2011,180.6,ridge,152.74327599733857
MN_WABASHA,2011,180.2,ridge,164.69084383847385
MN_WINONA,2011,178.3,ridge,162.4557408245566
MN_YELLOW_MEDICINE,2011,155.2,ridge,149.1341171943648
MO_ADAIR,2011,121.8,ridge,120.85572965220543
MO_ATCHISON,2011,149.5,ridge,130.34202397823498
MO_AUDRAIN,2011,105.2,ridge,128.2622983239384
MO_BARTON,2011,49.1,ridge,113.0930714386855
MO_BENTON,2011,83.5,ridge,117.7445681753795
MO_BOLLINGER,2011,105.1,ridge,116.52216489739996
MO_BOONE,2011,94.2,ridge,121.82646844705852
MO_BUCHANAN,2011,134.4,ridge,130.7143322148462
MO_BUTLER,2011,133.1,ridge,127.13147304712527
MO_CALDWELL,2011,113.5,ridge,127.29987744551312
MO_CALLAWAY,2011,127.4,ridge,125.21304490879565
MO_CAPE_GIRARDEAU,2011,114.5,ridge,119.09178763628556
MO_CARROLL,2011,132.6,ridge,125.26085538969645
MO_CASS,2011,65.2,ridge,128.1773781513129
MO_CHARITON,2011,121.3,ridge,122.85833180228067
MO_CLARK,2011,100.6,ridge,120.52266678358937
MO_CLAY,2011,130.6,ridge,129.02432006571047
MO_CLINTON,2011,137.4,ridge,129.52714223866693
MO_COLE,2011,136.5,ridge,123.34202005960441
MO_COOPER,2011,87.0,ridge,120.92633348936326
MO_DADE,2011,36.8,ridge,110.53108769379389
MO_DAVIESS,2011,123.6,ridge,126.7806500559227
MO_FRANKLIN,2011,102.0,ridge,124.52864966132523
MO_GASCONADE,2011,82.0,ridge,124.53546365112187
MO_GENTRY,2011,128.7,ridge,128.27634648574897
MO_GRUNDY,2011,131.6,ridge,124.69831132262989
MO_HARRISON,2011,108.0,ridge,126.80325187174635
MO_HENRY,2011,41.8,ridge,118.1976616314532
MO_HOLT,2011,149.5,ridge,131.89522911857912
MO_HOWARD,2011,118.8,ridge,121.01178851158238
MO_JACKSON,2011,114.5,ridge,129.83606904157932
MO_JASPER,2011,34.4,ridge,110.1060948577393
MO_JEFFERSON,2011,108.1,ridge,121.51631303107142
MO_JOHNSON,2011,91.3,ridge,124.0940691579444
MO_LAFAYETTE,2011,137.5,ridge,126.76817222197154
MO_LEWIS,2011,92.7,ridge,122.54274297858004
MO_LINCOLN,2011,95.0,ridge,127.4993678113296
MO_LINN,2011,116.4,ridge,121.21347145682148
MO_LIVINGSTON,2011,121.2,ridge,124.81986935695478
MO_MARION,2011,115.3,ridge,123.79141773022803
MO_MERCER,2011,119.1,ridge,125.05121538591642
MO_MISSISSIPPI,2011,155.0,ridge,120.953725656867
MO_MONROE,2011,91.7,ridge,124.21122854887665
MO_MONTGOMERY,2011,81.8,ridge,126.88155396845609
MO_MORGAN,2011,63.5,ridge,120.61491245167134
MO_NEW_MADRID,2011,171.0,ridge,132.2217140817208
MO_NODAWAY,2011,122.1,ridge,130.07450797985422
MO_PERRY,2011,104.7,ridge,116.08124067705721
MO_PETTIS,2011,90.4,ridge,121.3745510611283
MO_PIKE,2011,112.7,ridge,127.56852735831927
MO_PUTNAM,2011,116.0,ridge,120.95818723144772
MO_RALLS,2011,106.7,ridge,125.99644162839283
MO_RAY,2011,128.8,ridge,127.76843387893302
MO_SALINE,2011,142.0,ridge,124.62222095235973
MO_SCHUYLER,2011,111.6,ridge,121.94044348616714
MO_SCOTT,2011,158.2,ridge,124.31850657728614
MO_SHELBY,2011,107.6,ridge,123.05899350997302
MO_STODDARD,2011,145.3,ridge,132.25595107417806
MO_SULLIVAN,2011,118.1,ridge,120.06209080752272
MO_WARREN,2011,98.0,ridge,125.98939783512627
MO_WORTH,2011,112.5,ridge,128.0646342398593
OH_ADAMS,2011,143.9,ridge,118.35910834591832
OH_ALLEN,2011,153.0,ridge,116.55085007178864
OH_ASHLAND,2011,140.8,ridge,120.21336079307805
OH_ASHTABULA,2011,149.7,ridge,124.71780213997839
OH_AUGLAIZE,2011,165.4,ridge,115.34114501905663
OH_BROWN,2011,149.7,ridge,118.00060583963338
OH_BUTLER,2011,127.6,ridge,115.90800945672086
OH_CHAMPAIGN,2011,139.9,ridge,118.24108278099614
OH_CLARK,2011,163.9,ridge,117.88175974057455
OH_CLERMONT,2011,162.9,ridge,116.14761877000751
OH_CLINTON,2011,167.1,ridge,119.11351625657724
OH_COLUMBIANA,2011,138.7,ridge,125.34657150366898
OH_COSHOCTON,2011,145.1,ridge,119.40039552656529
OH_CRAWFORD,2011,182.0,ridge,120.78325175583275
OH_DARKE,2011,126.8,ridge,117.42189865250006
OH_DEFIANCE,2011,133.0,ridge,123.63210623600925
OH_DELAWARE,2011,152.0,ridge,118.94747757584675
OH_ERIE,2011,140.8,ridge,119.93823744327977
OH_FAIRFIELD,2011,159.0,ridge,116.92037505123287
OH_FULTON,2011,154.0,ridge,122.63606472947335
OH_GREENE,2011,170.6,ridge,117.54406453477806
OH_GUERNSEY,2011,130.3,ridge,120.07082560831637
OH_HAMILTON,2011,135.0,ridge,114.83786313717032
OH_HANCOCK,2011,165.6,ridge,120.50674322433872
OH_HARDIN,2011,169.0,ridge,118.02504946903424
OH_HENRY,2011,143.8,ridge,123.8087194051279
OH_HIGHLAND,2011,156.6,ridge,118.38239356236203
OH_HOCKING,2011,145.3,ridge,117.51701445758376
OH_HOLMES,2011,152.9,ridge,120.67957279677816
OH_HURON,2011,155.9,ridge,120.47901330606618
OH_KNOX,2011,144.7,ridge,118.06839375777737
OH_LICKING,2011,152.7,ridge,117.4391382141304
OH_LOGAN,2011,163.1,ridge,117.97300103742955
OH_LORAIN,2011,150.6,ridge,119.08493434872247
OH_LUCAS,2011,159.8,ridge,119.63134966136724
OH_MADISON,2011,166.7,ridge,119.19502158398437
OH_MAHONING,2011,138.6,ridge,125.35950251801997
OH_MARION,2011,170.2,ridge,119.44964012876997
OH_MEDINA,2011,134.2,ridge,120.66068004769203
OH_MERCER,2011,155.8,ridge,116.51559325626346
OH_MIAMI,2011,129.8,ridge,116.54623610757692
OH_MONTGOMERY,2011,127.7,ridge,115.82042434142649
OH_MORGAN,2011,116.7,ridge,118.09925712705413
OH_MORROW,2011,160.7,ridge,119.63475283835778
OH_MUSKINGUM,2011,150.0,ridge,117.82402783401314
OH_OTTAWA,2011,156.8,ridge,121.60719858200729
OH_PAULDING,2011,127.3,ridge,123.47696729123113
OH_PERRY,2011,147.7,ridge,117.69715097322606
OH_PICKAWAY,2011,154.8,ridge,117.48758236668999
OH_PIKE,2011,159.3,ridge,117.48826815277367
OH_PORTAGE,2011,137.8,ridge,123.623499632501
OH_PREBLE,2011,135.8,ridge,117.75921830775096
OH_PUTNAM,2011,169.4,ridge,122.25368953134864
OH_RICHLAND,2011,145.1,ridge,120.15892067663701
OH_ROSS,2011,157.5,ridge,116.26978593936731
OH_SANDUSKY,2011,164.1,ridge,124.8999478106346
OH_SENECA,2011,160.0,ridge,121.6217436543581
OH_SHELBY,2011,149.2,ridge,116.32349939859273
OH_STARK,2011,145.2,ridge,123.01163259734699
OH_SUMMIT,2011,123.5,ridge,122.1653587995915
OH_TRUMBULL,2011,140.9,ridge,124.47959161894212
OH_TUSCARAWAS,2011,147.8,ridge,121.80956085251377
OH_UNION,2011,165.5,ridge,118.73381595252539
OH_VAN_WERT,2011,130.4,ridge,117.26861953715493
OH_WARREN,2011,159.2,ridge,116.98860777088751
OH_WAYNE,2011,142.0,ridge,121.09847406445462
OH_WILLIAMS,2011,145.5,ridge,121.6717180336668
OH_WOOD,2011,172.1,ridge,123.75299365804511
OH_WYANDOT,2011,167.2,ridge,119.19576306622366
WI_ADAMS,2011,129.5,ridge,128.56882209423682
WI_BUFFALO,2011,159.3,ridge,134.62787422687447
WI_COLUMBIA,2011,159.6,ridge,131.57465741583937
WI_CRAWFORD,2011,144.0,ridge,132.46760080515105
WI_DANE,2011,162.4,ridge,135.96334949852525
WI_DODGE,2011,170.6,ridge,133.9250637324685
WI_DUNN,2011,156.1,ridge,135.87295727914594
WI_EAU_CLAIRE,2011,147.8,ridge,133.76889828656246
WI_FOND_DU_LAC,2011,175.7,ridge,133.942368051392
WI_GRANT,2011,170.1,ridge,135.2363242340683
WI_GREEN,2011,163.7,ridge,137.4552193391818
WI_GREEN_LAKE,2011,155.3,ridge,131.25481798334198
WI_IOWA,2011,170.1,ridge,137.58655583128277
WI_JACKSON,2011,149.6,ridge,131.29568540735815
WI_JEFFERSON,2011,157.8,ridge,134.0382217525579
WI_JUNEAU,2011,156.6,ridge,129.96696101681255
WI_KENOSHA,2011,163.1,ridge,130.63455500240286
WI_LAFAYETTE,2011,178.5,ridge,137.36619051190456
WI_LA_CROSSE,2011,156.3,ridge,132.95831641128171
WI_MARINETTE,2011,120.9,ridge,157.7632402738114
WI_MARQUETTE,2011,115.4,ridge,128.11650710221159
WI_MONROE,2011,149.1,ridge,131.2505438853005
WI_OCONTO,2011,136.8,ridge,152.5540327406723
WI_OUTAGAMIE,2011,144.8,ridge,135.1453069866653
WI_PEPIN,2011,156.8,ridge,135.65461505420097
WI_PORTAGE,2011,156.8,ridge,131.76159187965175
WI_RACINE,2011,151.3,ridge,133.0719565534595
WI_RICHLAND,2011,135.8,ridge,133.72885817866265
WI_ROCK,2011,160.4,ridge,136.92328339236857
WI_SAUK,2011,148.4,ridge,134.46116938734113
WI_SHEBOYGAN,2011,151.8,ridge,134.67553822663587
WI_TREMPEALEAU,2011,153.5,ridge,134.4317517636731
WI_VERNON,2011,153.1,ridge,133.4352475973018
WI_WALWORTH,2011,163.3,ridge,133.80532135372218
WI_WASHINGTON,2011,157.4,ridge,134.55851540880536
WI_WAUKESHA,2011,147.6,ridge,134.0738236745815
WI_WAUSHARA,2011,172.9,ridge,129.12477489939425
WI_WINNEBAGO,2011,148.1,ridge,133.5093957548385
IA_ADAIR,2011,152.8,random_forest,147.9796404491511
IA_ADAMS,2011,151.7,random_forest,144.71849197838623
IA_ALLAMAKEE,2011,173.3,random_forest,157.67215986826795
IA_APPANOOSE,2011,120.1,random_forest,140.45301098420575
IA_AUDUBON,2011,176.6,random_forest,147.09404358424666
IA_BENTON,2011,157.2,random_forest,147.4765333595095
IA_BLACK_HAWK,2011,186.1,random_forest,156.6596194390716
IA_BOONE,2011,182.5,random_forest,144.06278413478304
IA_BREMER,2011,196.5,random_forest,155.08350492378864
IA_BUCHANAN,2011,187.0,random_forest,152.09151538309237
IA_BUENA_VISTA,2011,180.2,random_forest,146.8289834820025
IA_BUTLER,2011,186.7,random_forest,156.5209474907753
IA_CALHOUN,2011,181.9,random_forest,148.31513611606078
IA_CARROLL,2011,180.2,random_forest,148.81918390121564
IA_CASS,2011,175.2,random_forest,147.48030361901192
IA_CEDAR,2011,184.9,random_forest,149.0678525560117
IA_CERRO_GORDO,2011,169.3,random_forest,161.7785347407563
IA_CHEROKEE,2011,176.7,random_forest,149.61920790269852
IA_CHICKASAW,2011,188.8,random_forest,161.4441321304621
IA_CLARKE,2011,107.7,random_forest,144.75135793766836
IA_CLAY,2011,185.4,random_forest,156.71791490374963
IA_CLAYTON,2011,186.8,random_forest,157.0993246006213
IA_CLINTON,2011,180.0,random_forest,146.43023370405095
IA_CRAWFORD,2011,181.8,random_forest,147.77681144956924
IA_DALLAS,2011,172.1,random_forest,147.1677582511387
IA_DAVIS,2011,97.8,random_forest,139.51501733558584
IA_DECATUR,2011,126.1,random_forest,144.2683736379491
IA_DELAWARE,2011,186.5,random_forest,150.88152005480956
IA_DES_MOINES,2011,146.6,random_forest,137.59534060486303
IA_DICKINSON,2011,169.3,random_forest,165.35089789820685
IA_DUBUQUE,2011,185.1,random_forest,149.01305265181662
IA_EMMET,2011,169.6,random_forest,158.358281808028
IA_FAYETTE,2011,186.6,random_forest,158.93641421837282
IA_FLOYD,2011,181.1,random_forest,161.2141853064164
IA_FRANKLIN,2011,189.7,random_forest,151.47833214594814
IA_FREMONT,2011,155.6,random_forest,144.77405899257005
IA_GREENE,2011,183.4,random_forest,146.6184379791917
IA_GRUNDY,2011,172.8,random_forest,148.55205409623431
IA_GUTHRIE,2011,169.4,random_forest,148.0030691788426
IA_HAMILTON,2011,180.6,random_forest,145.9969599346863
IA_HANCOCK,2011,179.8,random_forest,164.52126657149904
IA_HARDIN,2011,186.7,random_forest,146.90964769023174
IA_HARRISON,2011,169.9,random_forest,146.19055855823325
IA_HENRY,2011,123.2,random_forest,138.05718136450713
IA_HOWARD,2011,185.8,random_forest,163.08754045931002
IA_HUMBOLDT,2011,185.5,random_forest,149.5738632971158
IA_IDA,2011,182.9,random_forest,149.63197428168982
IA_IOWA,2011,171.6,random_forest,142.5707368694793
IA_JACKSON,2011,178.3,random_forest,147.47945572884245
IA_JASPER,2011,171.1,random_forest,141.97658337136104
IA_JEFFERSON,2011,112.4,random_forest,140.1179734038748
IA_JOHNSON,2011,171.9,random_forest,144.5885589798106
IA_JONES,2011,171.4,random_forest,148.05204791184292
IA_KEOKUK,2011,152.4,random_forest,140.62817306643313
IA_KOSSUTH,2011,179.9,random_forest,157.89028069906038
IA_LEE,2011,105.2,random_forest,138.84382906532005
IA_LINN,2011,169.1,random_forest,151.84799620108976
IA_LOUISA,2011,148.9,random_forest,137.33617542790557
IA_LUCAS,2011,114.9,random_forest,144.49818322618654
IA_LYON,2011,185.4,random_forest,162.1683437206562
IA_MADISON,2011,145.1,random_forest,144.2242505440007
IA_MAHASKA,2011,165.0,random_forest,142.55386471912138
IA_MARION,2011,152.6,random_forest,142.9258531331646
IA_MARSHALL,2011,166.3,random_forest,145.39427547897773
IA_MILLS,2011,155.0,random_forest,143.19140059317604
IA_MITCHELL,2011,180.1,random_forest,162.74740732849688
IA_MONONA,2011,158.3,random_forest,147.5881286672671
IA_MONROE,2011,112.5,random_forest,141.44111601037284
IA_MONTGOMERY,2011,153.2,random_forest,143.11012783910178
IA_MUSCATINE,2011,164.6,random_forest,141.2251676347764
IA_OSCEOLA,2011,184.4,random_forest,163.82243368973477
IA_PAGE,2011,136.2,random_forest,143.41844791380888
IA_PALO_ALTO,2011,174.6,random_forest,153.37741388166762
IA_PLYMOUTH,2011,164.5,random_forest,148.63934045105103
IA_POCAHONTAS,2011,181.2,random_forest,149.2906394371584
IA_POLK,2011,160.6,random_forest,146.39663661062644
IA_POTTAWATTAMIE,2011,170.9,random_forest,145.17271932587897
IA_POWESHIEK,2011,179.0,random_forest,144.13961606292193
IA_RINGGOLD,2011,118.7,random_forest,144.08895231159028
IA_SAC,2011,183.4,random_forest,150.23133198402041
IA_SCOTT,2011,174.2,random_forest,147.14084356432392
IA_SHELBY,2011,173.6,random_forest,144.88321125828017
IA_SIOUX,2011,177.6,random_forest,156.29104962058128
IA_STORY,2011,163.2,random_forest,146.2007904406276
IA_TAMA,2011,162.0,random_forest,146.28520347752402
IA_TAYLOR,2011,140.5,random_forest,142.88674575937594
IA_UNION,2011,132.6,random_forest,145.1898771204535
IA_VAN_BUREN,2011,100.9,random_forest,139.18867553647948
IA_WAPELLO,2011,127.3,random_forest,141.14816861423324
IA_WARREN,2011,129.1,random_forest,145.41785230854708
IA_WASHINGTON,2011,156.3,random_forest,138.54718416324852
IA_WAYNE,2011,126.0,random_forest,143.5022328962689
IA_WEBSTER,2011,190.6,random_forest,146.86293775200787
IA_WINNESHIEK,2011,186.2,random_forest,159.79015288658408
IA_WOODBURY,2011,173.3,random_forest,147.95813867813987
IA_WRIGHT,2011,189.9,random_forest,148.11400006754565
IL_ADAMS,2011,135.8,random_forest,143.6198356795431
IL_ALEXANDER,2011,109.2,random_forest,134.68358555315584
IL_BOND,2011,124.2,random_forest,135.37932149870574
IL_BOONE,2011,180.1,random_forest,161.2687955782361
IL_BROWN,2011,127.0,random_forest,143.58238901161337
IL_BUREAU,2011,177.3,random_forest,142.30795826928423
IL_CALHOUN,2011,144.3,random_forest,137.8132164396274
IL_CARROLL,2011,183.3,random_forest,155.0612073528412
IL_CASS,2011,164.3,random_forest,141.47951370399258
IL_CHAMPAIGN,2011,164.1,random_forest,127.344583041235
IL_CHRISTIAN,2011,154.8,random_forest,137.90127275513404
IL_CLARK,2011,138.3,random_forest,125.19946430784998
IL_CLAY,2011,121.5,random_forest,137.64074613702013
IL_CLINTON,2011,123.8,random_forest,135.2611548450617
IL_COLES,2011,151.7,random_forest,134.86359333271295
IL_CRAWFORD,2011,144.4,random_forest,137.476885482553
IL_CUMBERLAND,2011,146.9,random_forest,134.20429752539212
IL_DE_WITT,2011,177.6,random_forest,130.58464178326312
IL_DOUGLAS,2011,153.6,random_forest,135.9574659125515
IL_EDGAR,2011,154.5,random_forest,125.39002227028452
IL_EDWARDS,2011,138.0,random_forest,141.9549514779514
IL_EFFINGHAM,2011,153.7,random_forest,136.84989044596657
IL_FAYETTE,2011,137.9,random_forest,135.14655872127616
IL_FORD,2011,137.3,random_forest,128.83675332814246
IL_FRANKLIN,2011,116.3,random_forest,140.2055011945651
IL_FULTON,2011,151.2,random_forest,136.6122075974767
IL_GALLATIN,2011,144.5,random_forest,143.21116916831357
IL_GREENE,2011,158.7,random_forest,135.41067918001198
IL_GRUNDY,2011,155.6,random_forest,133.45943655633954
IL_HAMILTON,2011,122.8,random_forest,143.39542375972906
IL_HANCOCK,2011,134.9,random_forest,139.43477116045318
IL_HENDERSON,2011,159.5,random_forest,139.1551043209844
IL_HENRY,2011,174.4,random_forest,144.39522946281193
IL_IROQUOIS,2011,155.1,random_forest,129.34493544404253
IL_JACKSON,2011,118.4,random_forest,140.75797381014604
IL_JASPER,2011,146.0,random_forest,136.5921242388064
IL_JEFFERSON,2011,111.8,random_forest,142.51675176875813
IL_JERSEY,2011,149.1,random_forest,137.30192391270987
IL_JOHNSON,2011,127.3,random_forest,139.8670705598311
IL_JO_DAVIESS,2011,171.9,random_forest,161.77242783015282
IL_KANE,2011,175.2,random_forest,143.06342277605984
IL_KANKAKEE,2011,153.3,random_forest,134.91958083921992
IL_KENDALL,2011,165.3,random_forest,135.1812388206003
IL_KNOX,2011,169.5,random_forest,139.74008869998445
IL_LAWRENCE,2011,142.0,random_forest,138.77175912491396
IL_LEE,2011,170.9,random_forest,150.61205880355664
IL_LIVINGSTON,2011,155.8,random_forest,129.30824840887192
IL_LOGAN,2011,173.4,random_forest,135.7942242426447
IL_MACON,2011,153.2,random_forest,136.41071549106186
IL_MACOUPIN,2011,131.1,random_forest,135.33210289600447
IL_MADISON,2011,118.6,random_forest,135.0163098776312
IL_MARION,2011,139.1,random_forest,138.46726256597205
IL_MARSHALL,2011,178.4,random_forest,134.17010943807043
IL_MASON,2011,142.7,random_forest,137.16214389988062
IL_MASSAC,2011,129.3,random_forest,136.0605124359114
IL_MCDONOUGH,2011,166.9,random_forest,139.37960708006156
IL_MCHENRY,2011,175.7,random_forest,149.98016814532798
IL_MCLEAN,2011,159.6,random_forest,128.91483081323727
IL_MENARD,2011,169.4,random_forest,135.75869832211535
IL_MERCER,2011,161.9,random_forest,141.24727988399383
IL_MONROE,2011,117.4,random_forest,137.66696561130513
IL_MONTGOMERY,2011,138.6,random_forest,138.2790864620819
IL_MORGAN,2011,157.2,random_forest,141.47318560386688
IL_MOULTRIE,2011,156.3,random_forest,137.04541184665817
IL_OGLE,2011,179.5,random_forest,155.83861648043836
IL_PEORIA,2011,168.9,random_forest,133.96837278833408
IL_PERRY,2011,115.6,random_forest,138.9989347605523
IL_PIATT,2011,157.1,random_forest,135.5333452299839
IL_PIKE,2011,150.7,random_forest,141.33876381842688
IL_PULASKI,2011,137.9,random_forest,135.67908777025565
IL_PUTNAM,2011,175.6,random_forest,135.96460481963263
IL_RANDOLPH,2011,111.2,random_forest,139.17372476504846
IL_RICHLAND,2011,128.3,random_forest,138.51303673474794
IL_ROCK_ISLAND,2011,176.4,random_forest,145.69595259208083
IL_SALINE,2011,132.3,random_forest,140.8808652890565
IL_SANGAMON,2011,165.7,random_forest,138.29787816748996
IL_SCHUYLER,2011,144.6,random_forest,140.97641240460865
IL_SCOTT,2011,145.4,random_forest,142.8037084374335
IL_SHELBY,2011,146.3,random_forest,136.24976933896727
IL_STARK,2011,181.2,random_forest,141.4436496131586
IL_STEPHENSON,2011,181.6,random_forest,163.5999889819611
IL_TAZEWELL,2011,172.7,random_forest,132.1648998389499
IL_UNION,2011,111.2,random_forest,135.689342760579
IL_VERMILION,2011,148.1,random_forest,127.50967599082011
IL_WABASH,2011,140.6,random_forest,142.38083108869637
IL_WARREN,2011,177.4,random_forest,139.60246743513062
IL_WASHINGTON,2011,120.2,random_forest,135.84299636896205
IL_WAYNE,2011,122.4,random_forest,141.27293436800633
IL_WHITE,2011,144.1,random_forest,144.15427139708595
IL_WHITESIDE,2011,162.6,random_forest,145.2684327566739
IL_WILL,2011,162.5,random_forest,134.68338761451466
IL_WILLIAMSON,2011,125.0,random_forest,140.2978575040744
IL_WINNEBAGO,2011,162.2,random_forest,158.21819412254067
IL_WOODFORD,2011,186.5,random_forest,130.890009448182
IN_ADAMS,2011,146.9,random_forest,127.06659553402184
IN_ALLEN,2011,131.6,random_forest,126.81606297803619
IN_BARTHOLOMEW,2011,120.7,random_forest,120.03348420631433
IN_BENTON,2011,165.5,random_forest,126.14792916600739
IN_BLACKFORD,2011,160.8,random_forest,128.1795509182444
IN_BOONE,2011,159.1,random_forest,126.26557709143489
IN_CARROLL,2011,167.7,random_forest,127.85555398396725
IN_CASS,2011,149.1,random_forest,130.06504163579535
IN_CLARK,2011,115.9,random_forest,110.70950902575551
IN_CLAY,2011,141.4,random_forest,123.37195992344755
IN_CLINTON,2011,175.9,random_forest,129.87281721757526
IN_DAVIESS,2011,156.7,random_forest,121.84498737155593
IN_DEARBORN,2011,109.6,random_forest,113.42540621117783
IN_DECATUR,2011,124.8,random_forest,119.79645233818042
IN_DELAWARE,2011,146.1,random_forest,129.02619816766838
IN_DUBOIS,2011,153.2,random_forest,117.04109229536054
IN_FAYETTE,2011,133.2,random_forest,128.18941871129064
IN_FLOYD,2011,98.8,random_forest,111.8731270249438
IN_FOUNTAIN,2011,154.0,random_forest,125.03213306653417
IN_FRANKLIN,2011,126.5,random_forest,120.97676702595564
IN_FULTON,2011,155.0,random_forest,130.13032909508908
IN_GREENE,2011,130.9,random_forest,119.04005156330354
IN_HAMILTON,2011,124.9,random_forest,125.33954414868317
IN_HANCOCK,2011,146.8,random_forest,128.8692815201456
IN_HARRISON,2011,105.7,random_forest,112.45186934315487
IN_HENDRICKS,2011,130.3,random_forest,126.04870257220412
IN_HENRY,2011,149.9,random_forest,128.16141839736852
IN_HOWARD,2011,163.9,random_forest,129.31803972341513
IN_HUNTINGTON,2011,137.3,random_forest,128.34147463842436
IN_JACKSON,2011,121.1,random_forest,115.36489270372726
IN_JASPER,2011,157.9,random_forest,127.62115328837164
IN_JAY,2011,153.3,random_forest,128.56688200837684
IN_JEFFERSON,2011,114.4,random_forest,109.07419545918697
IN_JENNINGS,2011,116.3,random_forest,113.23540951277012
IN_JOHNSON,2011,110.0,random_forest,123.04896190078121
IN_KOSCIUSKO,2011,152.0,random_forest,129.37530253535388
IN_LAGRANGE,2011,127.3,random_forest,130.05950859937838
IN_LAKE,2011,154.2,random_forest,130.90601350734156
IN_LAWRENCE,2011,128.3,random_forest,115.88435618559564
IN_MADISON,2011,156.4,random_forest,130.3160834635905
IN_MARSHALL,2011,157.9,random_forest,129.90843724287362
IN_MARTIN,2011,140.1,random_forest,116.1931952340971
IN_MIAMI,2011,136.9,random_forest,129.41805182849754
IN_MONROE,2011,124.8,random_forest,119.43110982883483
IN_MONTGOMERY,2011,166.7,random_forest,126.20747632557655
IN_MORGAN,2011,113.2,random_forest,123.34799495341022
IN_NEWTON,2011,166.3,random_forest,128.79661290542592
IN_NOBLE,2011,131.9,random_forest,128.01066354246217
IN_ORANGE,2011,131.9,random_forest,116.30515967523529
IN_OWEN,2011,120.1,random_forest,124.06044527798956
IN_PARKE,2011,148.6,random_forest,125.55770160864446
IN_PERRY,2011,129.8,random_forest,113.50592344255855
IN_PORTER,2011,153.1,random_forest,125.5602825263989
IN_POSEY,2011,152.6,random_forest,144.2513048683938
IN_PULASKI,2011,153.6,random_forest,129.6231344283789
IN_PUTNAM,2011,142.4,random_forest,124.76315410102981
IN_RANDOLPH,2011,143.3,random_forest,129.26937697605476
IN_RIPLEY,2011,113.0,random_forest,113.20298797975647
IN_RUSH,2011,141.5,random_forest,128.17430283819317
IN_SCOTT,2011,128.8,random_forest,114.79199864077103
IN_SHELBY,2011,116.6,random_forest,124.52768997074361
IN_SPENCER,2011,132.6,random_forest,134.1847421448688
IN_ST._JOSEPH,2011,153.1,random_forest,128.62087331472821
IN_STARKE,2011,136.9,random_forest,130.75263635035566
IN_STEUBEN,2011,120.1,random_forest,129.4083510895596
IN_SULLIVAN,2011,155.2,random_forest,122.20323991067633
IN_TIPPECANOE,2011,160.2,random_forest,128.59548242636046
IN_TIPTON,2011,165.5,random_forest,129.16824635451903
IN_UNION,2011,141.2,random_forest,126.35740810210818
IN_VANDERBURGH,2011,149.0,random_forest,142.93770862375152
IN_VERMILLION,2011,152.4,random_forest,123.69540008737631
IN_VIGO,2011,139.5,random_forest,120.55809232544968
IN_WARREN,2011,159.9,random_forest,126.67824085537788
IN_WARRICK,2011,139.1,random_forest,141.4111560181212
IN_WASHINGTON,2011,123.1,random_forest,113.17356659222551
IN_WAYNE,2011,118.7,random_forest,127.732959351145
IN_WELLS,2011,147.6,random_forest,126.94640988286744
IN_WHITE,2011,168.5,random_forest,128.61587465111532
IN_WHITLEY,2011,115.3,random_forest,128.52216432460625
MI_ALLEGAN,2011,175.3,random_forest,124.57517264427847
MI_ARENAC,2011,160.6,random_forest,110.51283856379796
MI_BARRY,2011,153.0,random_forest,131.7257943240851
MI_BAY,2011,169.3,random_forest,135.7738760379832
MI_BERRIEN,2011,163.0,random_forest,125.97436578768807
MI_BRANCH,2011,156.4,random_forest,130.70694220965032
MI_CALHOUN,2011,144.5,random_forest,129.26042636512568
MI_CASS,2011,168.0,random_forest,127.42042255537122
MI_CLINTON,2011,151.9,random_forest,140.44806788450256
MI_EATON,2011,147.5,random_forest,136.5171591103147
MI_GENESEE,2011,134.4,random_forest,134.4313934088128
MI_GRATIOT,2011,155.5,random_forest,141.03284896917276
MI_HILLSDALE,2011,139.4,random_forest,128.18081014553388
MI_HURON,2011,175.6,random_forest,125.02240407766321
MI_INGHAM,2011,148.4,random_forest,133.405359935812
MI_IONIA,2011,165.1,random_forest,139.49482814949178
MI_JACKSON,2011,130.1,random_forest,128.55558597945242
MI_KALAMAZOO,2011,162.3,random_forest,129.3332133918516
MI_KENT,2011,163.3,random_forest,137.38323146640855
MI_LAPEER,2011,139.1,random_forest,125.47119445120191
MI_LENAWEE,2011,149.6,random_forest,130.98539340772726
MI_LIVINGSTON,2011,139.5,random_forest,132.09221053492456
MI_MACOMB,2011,149.5,random_forest,127.07902594367474
MI_MIDLAND,2011,161.8,random_forest,140.56155353570486
MI_MONROE,2011,156.6,random_forest,120.09146965967614
MI_MONTCALM,2011,146.8,random_forest,138.63232187726513
MI_MUSKEGON,2011,140.3,random_forest,119.52506318459893
MI_NEWAYGO,2011,128.5,random_forest,132.93624562521867
MI_OAKLAND,2011,129.4,random_forest,131.94428866467126
MI_OCEANA,2011,127.5,random_forest,123.17728547814401
MI_OTTAWA,2011,148.7,random_forest,116.50442266718771
MI_SAGINAW,2011,150.2,random_forest,141.7629501152534
MI_SANILAC,2011,161.8,random_forest,115.11661496148488
MI_SHIAWASSEE,2011,141.5,random_forest,139.01182170268743
MI_TUSCOLA,2011,156.4,random_forest,130.19831932853157
MI_VAN_BUREN,2011,179.6,random_forest,128.88380129782425
MI_WASHTENAW,2011,144.5,random_forest,130.2776523576722
MI_WAYNE,2011,138.2,random_forest,133.37974958007106
MN_BLUE_EARTH,2011,171.1,random_forest,162.62989901140148
MN_BROWN,2011,162.8,random_forest,162.39528054614965
MN_CHIPPEWA,2011,155.1,random_forest,165.23148185984078
MN_FILLMORE,2011,178.6,random_forest,161.5105371928388
MN_GOODHUE,2011,177.2,random_forest,170.02117884962644
MN_HOUSTON,2011,171.9,random_forest,158.35091699168225
MN_MARTIN,2011,173.6,random_forest,162.01400064163292
MN_MURRAY,2011,166.4,random_forest,168.98301797348165
MN_NICOLLET,2011,160.4,random_forest,169.3423765645377
MN_NOBLES,2011,174.6,random_forest,162.35567243226575
MN_PIPESTONE,2011,152.2,random_forest,167.16578428497948
MN_REDWOOD,2011,149.1,random_forest,171.12185911135626
MN_RENVILLE,2011,146.4,random_forest,171.59577799708563
MN_ROCK,2011,180.6,random_forest,159.0139391932825
MN_WABASHA,2011,180.2,random_forest,166.77724458115648
MN_WINONA,2011,178.3,random_forest,160.1106291424808
MN_YELLOW_MEDICINE,2011,155.2,random_forest,166.83298217190406
MO_ADAIR,2011,121.8,random_forest,134.16629740605848
MO_ATCHISON,2011,149.5,random_forest,140.93701081242017
MO_AUDRAIN,2011,105.2,random_forest,134.89784133646134
MO_BARTON,2011,49.1,random_forest,129.1610764271873
MO_BENTON,2011,83.5,random_forest,128.8754218200041
MO_BOLLINGER,2011,105.1,random_forest,134.01248566009696
MO_BOONE,2011,94.2,random_forest,131.82522221018297
MO_BUCHANAN,2011,134.4,random_forest,135.82352530298834
MO_BUTLER,2011,133.1,random_forest,139.99291631972247
MO_CALDWELL,2011,113.5,random_forest,134.38767919231557
MO_CALLAWAY,2011,127.4,random_forest,133.44113963637625
MO_CAPE_GIRARDEAU,2011,114.5,random_forest,137.61056855530637
MO_CARROLL,2011,132.6,random_forest,133.49205796600452
MO_CASS,2011,65.2,random_forest,127.31012497858626
MO_CHARITON,2011,121.3,random_forest,133.4522194687457
MO_CLARK,2011,100.6,random_forest,133.4845393595643
MO_CLAY,2011,130.6,random_forest,131.74270515545325
MO_CLINTON,2011,137.4,random_forest,132.70072084818815
MO_COLE,2011,136.5,random_forest,133.12008994654988
MO_COOPER,2011,87.0,random_forest,132.79171788635895
MO_DADE,2011,36.8,random_forest,120.05909435494054
MO_DAVIESS,2011,123.6,random_forest,136.93485645050617
MO_FRANKLIN,2011,102.0,random_forest,130.30259055317373
MO_GASCONADE,2011,82.0,random_forest,129.17660983250545
MO_GENTRY,2011,128.7,random_forest,140.8561534714404
MO_GRUNDY,2011,131.6,random_forest,137.71363657011847
MO_HARRISON,2011,108.0,random_forest,140.09549208810589
MO_HENRY,2011,41.8,random_forest,125.56318857945905
MO_HOLT,2011,149.5,random_forest,140.39756264773763
MO_HOWARD,2011,118.8,random_forest,133.3454463814076
MO_JACKSON,2011,114.5,random_forest,129.5648491558054
MO_JASPER,2011,34.4,random_forest,129.5880631245178
MO_JEFFERSON,2011,108.1,random_forest,136.27457966587292
MO_JOHNSON,2011,91.3,random_forest,128.69283877608504
MO_LAFAYETTE,2011,137.5,random_forest,131.3405403616163
MO_LEWIS,2011,92.7,random_forest,136.75476521190436
MO_LINCOLN,2011,95.0,random_forest,132.56066185562412
MO_LINN,2011,116.4,random_forest,133.64414905468817
MO_LIVINGSTON,2011,121.2,random_forest,136.03851711047744
MO_MARION,2011,115.3,random_forest,134.96977185295168
MO_MERCER,2011,119.1,random_forest,139.92339172327894
MO_MISSISSIPPI,2011,155.0,random_forest,135.20395957093194
MO_MONROE,2011,91.7,random_forest,133.2417394602032
MO_MONTGOMERY,2011,81.8,random_forest,135.63504234100924
MO_MORGAN,2011,63.5,random_forest,131.02350713329255
MO_NEW_MADRID,2011,171.0,random_forest,140.8441695401449
MO_NODAWAY,2011,122.1,random_forest,141.39896942928488
MO_PERRY,2011,104.7,random_forest,138.6848546397733
MO_PETTIS,2011,90.4,random_forest,129.43755933937592
MO_PIKE,2011,112.7,random_forest,132.75731392507836
MO_PUTNAM,2011,116.0,random_forest,136.5958888364156
MO_RALLS,2011,106.7,random_forest,133.66316413096712
MO_RAY,2011,128.8,random_forest,132.39517080225409
MO_SALINE,2011,142.0,random_forest,129.7488230025864
MO_SCHUYLER,2011,111.6,random_forest,136.5114086102285
MO_SCOTT,2011,158.2,random_forest,138.53890175043097
MO_SHELBY,2011,107.6,random_forest,134.5909790330623
MO_STODDARD,2011,145.3,random_forest,139.84261337107725
MO_SULLIVAN,2011,118.1,random_forest,135.3317750587064
MO_WARREN,2011,98.0,random_forest,129.58075392799333
MO_WORTH,2011,112.5,random_forest,141.09095776810233
OH_ADAMS,2011,143.9,random_forest,111.42952367576545
OH_ALLEN,2011,153.0,random_forest,127.82641016339622
OH_ASHLAND,2011,140.8,random_forest,127.15037550455679
OH_ASHTABULA,2011,149.7,random_forest,117.49802828335578
OH_AUGLAIZE,2011,165.4,random_forest,126.55517484142652
OH_BROWN,2011,149.7,random_forest,112.90663482009563
OH_BUTLER,2011,127.6,random_forest,114.17008728766663
OH_CHAMPAIGN,2011,139.9,random_forest,127.94997633428724
OH_CLARK,2011,163.9,random_forest,128.82529623178834
OH_CLERMONT,2011,162.9,random_forest,111.33133852883479
OH_CLINTON,2011,167.1,random_forest,120.33736428383914
OH_COLUMBIANA,2011,138.7,random_forest,121.6194373780695
OH_COSHOCTON,2011,145.1,random_forest,128.8452467983229
OH_CRAWFORD,2011,182.0,random_forest,127.86218771118646
OH_DARKE,2011,126.8,random_forest,128.9287132973896
OH_DEFIANCE,2011,133.0,random_forest,124.35137676329141
OH_DELAWARE,2011,152.0,random_forest,131.04375700086658
OH_ERIE,2011,140.8,random_forest,127.66249977846387
OH_FAIRFIELD,2011,159.0,random_forest,118.54725699210137
OH_FULTON,2011,154.0,random_forest,132.27206332887658
OH_GREENE,2011,170.6,random_forest,127.37260258637964
OH_GUERNSEY,2011,130.3,random_forest,128.60611505333176
OH_HAMILTON,2011,135.0,random_forest,112.39853707823495
OH_HANCOCK,2011,165.6,random_forest,128.1613774179055
OH_HARDIN,2011,169.0,random_forest,128.07505710453836
OH_HENRY,2011,143.8,random_forest,127.25050588987384
OH_HIGHLAND,2011,156.6,random_forest,114.31358431944712
OH_HOCKING,2011,145.3,random_forest,113.60612762440044
OH_HOLMES,2011,152.9,random_forest,126.71980763975674
OH_HURON,2011,155.9,random_forest,128.4166107887252
OH_KNOX,2011,144.7,random_forest,124.206969182407
OH_LICKING,2011,152.7,random_forest,121.58487706723051
OH_LOGAN,2011,163.1,random_forest,128.32293036396177
OH_LORAIN,2011,150.6,random_forest,128.60434009205264
OH_LUCAS,2011,159.8,random_forest,127.00889490417151
OH_MADISON,2011,166.7,random_forest,127.20242342924367
OH_MAHONING,2011,138.6,random_forest,121.05052213789966
OH_MARION,2011,170.2,random_forest,129.55276085939687
OH_MEDINA,2011,134.2,random_forest,126.18563430651871
OH_MERCER,2011,155.8,random_forest,127.83251815363394
OH_MIAMI,2011,129.8,random_forest,128.69306762879413
OH_MONTGOMERY,2011,127.7,random_forest,127.1138399790793
OH_MORGAN,2011,116.7,random_forest,114.76917003947474
OH_MORROW,2011,160.7,random_forest,126.19484139084018
OH_MUSKINGUM,2011,150.0,random_forest,116.66748463182687
OH_OTTAWA,2011,156.8,random_forest,129.14155928118115
OH_PAULDING,2011,127.3,random_forest,124.92703438564135
OH_PERRY,2011,147.7,random_forest,114.78338529470561
OH_PICKAWAY,2011,154.8,random_forest,120.32659882482179
OH_PIKE,2011,159.3,random_forest,112.11526664451726
OH_PORTAGE,2011,137.8,random_forest,121.63273793350757
OH_PREBLE,2011,135.8,random_forest,128.94227069153834
OH_PUTNAM,2011,169.4,random_forest,127.28286253793343
OH_RICHLAND,2011,145.1,random_forest,128.39188583978301
OH_ROSS,2011,157.5,random_forest,115.69950219664891
OH_SANDUSKY,2011,164.1,random_forest,129.6265194393585
OH_SENECA,2011,160.0,random_forest,129.0470489532474
OH_SHELBY,2011,149.2,random_forest,128.20125363690067
OH_STARK,2011,145.2,random_forest,125.93326817602822
OH_SUMMIT,2011,123.5,random_forest,123.86274696575006
OH_TRUMBULL,2011,140.9,random_forest,119.82956095186346
OH_TUSCARAWAS,2011,147.8,random_forest,127.60243337390008
OH_UNION,2011,165.5,random_forest,128.8619459636163
OH_VAN_WERT,2011,130.4,random_forest,126.42604426193657
OH_WARREN,2011,159.2,random_forest,116.54900624812849
OH_WAYNE,2011,142.0,random_forest,126.08664947441969
OH_WILLIAMS,2011,145.5,random_forest,128.35031717234136
OH_WOOD,2011,172.1,random_forest,127.96135160025317
OH_WYANDOT,2011,167.2,random_forest,129.09974498638098
WI_ADAMS,2011,129.5,random_forest,143.2983219505609
WI_BUFFALO,2011,159.3,random_forest,147.64797321163573
WI_COLUMBIA,2011,159.6,random_forest,144.09199422702122
WI_CRAWFORD,2011,144.0,random_forest,146.14581670956912
WI_DANE,2011,162.4,random_forest,147.7975338055403
WI_DODGE,2011,170.6,random_forest,143.0637269971833
WI_DUNN,2011,156.1,random_forest,142.14914258697357
WI_EAU_CLAIRE,2011,147.8,random_forest,142.40302398149672
WI_FOND_DU_LAC,2011,175.7,random_forest,139.1119207705592
WI_GRANT,2011,170.1,random_forest,146.44337975355742
WI_GREEN,2011,163.7,random_forest,147.65918209671125
WI_GREEN_LAKE,2011,155.3,random_forest,142.861117133445
WI_IOWA,2011,170.1,random_forest,149.4242539745823
WI_JACKSON,2011,149.6,random_forest,142.42109474518696
WI_JEFFERSON,2011,157.8,random_forest,144.92505494928545
WI_JUNEAU,2011,156.6,random_forest,144.23850303674595
WI_KENOSHA,2011,163.1,random_forest,120.71582997130159
WI_LAFAYETTE,2011,178.5,random_forest,150.27152298171896
WI_LA_CROSSE,2011,156.3,random_forest,145.83573394310537
WI_MARINETTE,2011,120.9,random_forest,124.70677336860447
WI_MARQUETTE,2011,115.4,random_forest,143.57502903784652
WI_MONROE,2011,149.1,random_forest,145.9664239801498
WI_OCONTO,2011,136.8,random_forest,127.33472400744968
WI_OUTAGAMIE,2011,144.8,random_forest,142.27643353484234
WI_PEPIN,2011,156.8,random_forest,144.04451565034427
WI_PORTAGE,2011,156.8,random_forest,141.89557278523915
WI_RACINE,2011,151.3,random_forest,124.38477319446265
WI_RICHLAND,2011,135.8,random_forest,145.84863063393874
WI_ROCK,2011,160.4,random_forest,148.39945993516602
WI_SAUK,2011,148.4,random_forest,144.65548960539633
WI_SHEBOYGAN,2011,151.8,random_forest,136.67405044567153
WI_TREMPEALEAU,2011,153.5,random_forest,146.78576266478893
WI_VERNON,2011,153.1,random_forest,146.1663165209206
WI_WALWORTH,2011,163.3,random_forest,142.98056866194352
WI_WASHINGTON,2011,157.4,random_forest,136.69238945035934
WI_WAUKESHA,2011,147.6,random_forest,135.69849564633208
WI_WAUSHARA,2011,172.9,random_forest,142.10664007467855
WI_WINNEBAGO,2011,148.1,random_forest,137.65091580420216
IA_ADAIR,2011,152.8,xgboost,134.28636169433594
IA_ADAMS,2011,151.7,xgboost,139.06597900390625
IA_ALLAMAKEE,2011,173.3,xgboost,147.2744903564453
IA_APPANOOSE,2011,120.1,xgboost,144.09718322753906
IA_AUDUBON,2011,176.6,xgboost,145.94512939453125
IA_BENTON,2011,157.2,xgboost,146.6446075439453
IA_BLACK_HAWK,2011,186.1,xgboost,145.97401428222656
IA_BOONE,2011,182.5,xgboost,146.304931640625
IA_BREMER,2011,196.5,xgboost,146.36770629882812
IA_BUCHANAN,2011,187.0,xgboost,144.71102905273438
IA_BUENA_VISTA,2011,180.2,xgboost,145.1759490966797
IA_BUTLER,2011,186.7,xgboost,144.144287109375
IA_CALHOUN,2011,181.9,xgboost,144.6349639892578
IA_CARROLL,2011,180.2,xgboost,146.4021759033203
IA_CASS,2011,175.2,xgboost,146.10232543945312
IA_CEDAR,2011,184.9,xgboost,146.17514038085938
IA_CERRO_GORDO,2011,169.3,xgboost,146.70191955566406
IA_CHEROKEE,2011,176.7,xgboost,151.33786010742188
IA_CHICKASAW,2011,188.8,xgboost,151.48948669433594
IA_CLARKE,2011,107.7,xgboost,138.73709106445312
IA_CLAY,2011,185.4,xgboost,151.72071838378906
IA_CLAYTON,2011,186.8,xgboost,146.80174255371094
IA_CLINTON,2011,180.0,xgboost,145.49205017089844
IA_CRAWFORD,2011,181.8,xgboost,146.4524688720703
IA_DALLAS,2011,172.1,xgboost,146.38148498535156
IA_DAVIS,2011,97.8,xgboost,137.53298950195312
IA_DECATUR,2011,126.1,xgboost,138.60340881347656
IA_DELAWARE,2011,186.5,xgboost,148.05517578125
IA_DES_MOINES,2011,146.6,xgboost,143.1084442138672
IA_DICKINSON,2011,169.3,xgboost,148.89158630371094
IA_DUBUQUE,2011,185.1,xgboost,147.20274353027344
IA_EMMET,2011,169.6,xgboost,150.8614501953125
IA_FAYETTE,2011,186.6,xgboost,149.14346313476562
IA_FLOYD,2011,181.1,xgboost,147.0001983642578
IA_FRANKLIN,2011,189.7,xgboost,147.69656372070312
IA_FREMONT,2011,155.6,xgboost,147.56068420410156
IA_GREENE,2011,183.4,xgboost,147.06210327148438
IA_GRUNDY,2011,172.8,xgboost,145.56236267089844
IA_GUTHRIE,2011,169.4,xgboost,147.24420166015625
IA_HAMILTON,2011,180.6,xgboost,141.7097930908203
IA_HANCOCK,2011,179.8,xgboost,150.0104217529297
IA_HARDIN,2011,186.7,xgboost,145.435302734375
IA_HARRISON,2011,169.9,xgboost,142.6795654296875
IA_HENRY,2011,123.2,xgboost,138.5734100341797
IA_HOWARD,2011,185.8,xgboost,151.68695068359375
IA_HUMBOLDT,2011,185.5,xgboost,141.8817138671875
IA_IDA,2011,182.9,xgboost,143.2212371826172
IA_IOWA,2011,171.6,xgboost,145.99246215820312
IA_JACKSON,2011,178.3,xgboost,148.88145446777344
IA_JASPER,2011,171.1,xgboost,147.8529510498047
IA_JEFFERSON,2011,112.4,xgboost,137.9835662841797
IA_JOHNSON,2011,171.9,xgboost,145.34573364257812
IA_JONES,2011,171.4,xgboost,144.509521484375
IA_KEOKUK,2011,152.4,xgboost,147.6781463623047
IA_KOSSUTH,2011,179.9,xgboost,149.5095977783203
IA_LEE,2011,105.2,xgboost,137.88095092773438
IA_LINN,2011,169.1,xgboost,144.8773956298828
IA_LOUISA,2011,148.9,xgboost,144.19729614257812
IA_LUCAS,2011,114.9,xgboost,149.02835083007812
IA_LYON,2011,185.4,xgboost,153.4282684326172
IA_MADISON,2011,145.1,xgboost,137.9693145751953
IA_MAHASKA,2011,165.0,xgboost,147.77772521972656
IA_MARION,2011,152.6,xgboost,147.0537872314453
IA_MARSHALL,2011,166.3,xgboost,143.55201721191406
IA_MILLS,2011,155.0,xgboost,146.2130889892578
IA_MITCHELL,2011,180.1,xgboost,151.00405883789062
IA_MONONA,2011,158.3,xgboost,146.16128540039062
IA_MONROE,2011,112.5,xgboost,142.8466033935547
IA_MONTGOMERY,2011,153.2,xgboost,149.31781005859375
IA_MUSCATINE,2011,164.6,xgboost,151.0943603515625
IA_OSCEOLA,2011,184.4,xgboost,157.158447265625
IA_PAGE,2011,136.2,xgboost,148.75747680664062
IA_PALO_ALTO,2011,174.6,xgboost,149.94549560546875
IA_PLYMOUTH,2011,164.5,xgboost,148.0869903564453
IA_POCAHONTAS,2011,181.2,xgboost,141.6597900390625
IA_POLK,2011,160.6,xgboost,148.5833740234375
IA_POTTAWATTAMIE,2011,170.9,xgboost,147.87289428710938
IA_POWESHIEK,2011,179.0,xgboost,147.89414978027344
IA_RINGGOLD,2011,118.7,xgboost,139.12229919433594
IA_SAC,2011,183.4,xgboost,143.15884399414062
IA_SCOTT,2011,174.2,xgboost,147.27154541015625
IA_SHELBY,2011,173.6,xgboost,144.47325134277344
IA_SIOUX,2011,177.6,xgboost,152.82766723632812
IA_STORY,2011,163.2,xgboost,145.7499237060547
IA_TAMA,2011,162.0,xgboost,143.61534118652344
IA_TAYLOR,2011,140.5,xgboost,139.9617462158203
IA_UNION,2011,132.6,xgboost,138.1238250732422
IA_VAN_BUREN,2011,100.9,xgboost,138.33741760253906
IA_WAPELLO,2011,127.3,xgboost,142.14605712890625
IA_WARREN,2011,129.1,xgboost,149.71981811523438
IA_WASHINGTON,2011,156.3,xgboost,147.13037109375
IA_WAYNE,2011,126.0,xgboost,138.89642333984375
IA_WEBSTER,2011,190.6,xgboost,145.20018005371094
IA_WINNESHIEK,2011,186.2,xgboost,148.97900390625
IA_WOODBURY,2011,173.3,xgboost,146.7879638671875
IA_WRIGHT,2011,189.9,xgboost,144.33497619628906
IL_ADAMS,2011,135.8,xgboost,137.35018920898438
IL_ALEXANDER,2011,109.2,xgboost,120.48915100097656
IL_BOND,2011,124.2,xgboost,130.78111267089844
IL_BOONE,2011,180.1,xgboost,164.05325317382812
IL_BROWN,2011,127.0,xgboost,144.88677978515625
IL_BUREAU,2011,177.3,xgboost,149.0357666015625
IL_CALHOUN,2011,144.3,xgboost,133.40133666992188
IL_CARROLL,2011,183.3,xgboost,165.76394653320312
IL_CASS,2011,164.3,xgboost,144.71595764160156
IL_CHAMPAIGN,2011,164.1,xgboost,133.14735412597656
IL_CHRISTIAN,2011,154.8,xgboost,141.3593292236328
IL_CLARK,2011,138.3,xgboost,131.42527770996094
IL_CLAY,2011,121.5,xgboost,123.46753692626953
IL_CLINTON,2011,123.8,xgboost,129.4784698486328
IL_COLES,2011,151.7,xgboost,138.62152099609375
IL_CRAWFORD,2011,144.4,xgboost,132.3040313720703
IL_CUMBERLAND,2011,146.9,xgboost,132.07403564453125
IL_DE_WITT,2011,177.6,xgboost,135.57028198242188
IL_DOUGLAS,2011,153.6,xgboost,138.31752014160156
IL_EDGAR,2011,154.5,xgboost,129.38900756835938
IL_EDWARDS,2011,138.0,xgboost,129.46139526367188
IL_EFFINGHAM,2011,153.7,xgboost,131.2551727294922
IL_FAYETTE,2011,137.9,xgboost,134.51429748535156
IL_FORD,2011,137.3,xgboost,137.55209350585938
IL_FRANKLIN,2011,116.3,xgboost,121.95091247558594
IL_FULTON,2011,151.2,xgboost,142.9075164794922
IL_GALLATIN,2011,144.5,xgboost,131.3390655517578
IL_GREENE,2011,158.7,xgboost,132.2786865234375
IL_GRUNDY,2011,155.6,xgboost,141.82235717773438
IL_HAMILTON,2011,122.8,xgboost,122.31098175048828
IL_HANCOCK,2011,134.9,xgboost,139.9729461669922
IL_HENDERSON,2011,159.5,xgboost,145.74392700195312
IL_HENRY,2011,174.4,xgboost,150.57135009765625
IL_IROQUOIS,2011,155.1,xgboost,145.41891479492188
IL_JACKSON,2011,118.4,xgboost,129.59466552734375
IL_JASPER,2011,146.0,xgboost,129.43382263183594
IL_JEFFERSON,2011,111.8,xgboost,130.41380310058594
IL_JERSEY,2011,149.1,xgboost,132.23202514648438
IL_JOHNSON,2011,127.3,xgboost,130.10693359375
IL_JO_DAVIESS,2011,171.9,xgboost,166.40438842773438
IL_KANE,2011,175.2,xgboost,152.27896118164062
IL_KANKAKEE,2011,153.3,xgboost,141.74606323242188
IL_KENDALL,2011,165.3,xgboost,137.24745178222656
IL_KNOX,2011,169.5,xgboost,149.8831787109375
IL_LAWRENCE,2011,142.0,xgboost,126.16692352294922
IL_LEE,2011,170.9,xgboost,156.4991912841797
IL_LIVINGSTON,2011,155.8,xgboost,138.35459899902344
IL_LOGAN,2011,173.4,xgboost,144.15077209472656
IL_MACON,2011,153.2,xgboost,143.2436065673828
IL_MACOUPIN,2011,131.1,xgboost,133.80303955078125
IL_MADISON,2011,118.6,xgboost,132.3363494873047
IL_MARION,2011,139.1,xgboost,128.06793212890625
IL_MARSHALL,2011,178.4,xgboost,144.39739990234375
IL_MASON,2011,142.7,xgboost,145.44387817382812
IL_MASSAC,2011,129.3,xgboost,128.0098419189453
IL_MCDONOUGH,2011,166.9,xgboost,143.78355407714844
IL_MCHENRY,2011,175.7,xgboost,159.6969451904297
IL_MCLEAN,2011,159.6,xgboost,141.2304229736328
IL_MENARD,2011,169.4,xgboost,146.7066192626953
IL_MERCER,2011,161.9,xgboost,153.97857666015625
IL_MONROE,2011,117.4,xgboost,127.0781021118164
IL_MONTGOMERY,2011,138.6,xgboost,134.58409118652344
IL_MORGAN,2011,157.2,xgboost,143.40866088867188
IL_MOULTRIE,2011,156.3,xgboost,145.30760192871094
IL_OGLE,2011,179.5,xgboost,166.17030334472656
IL_PEORIA,2011,168.9,xgboost,143.9170379638672
IL_PERRY,2011,115.6,xgboost,128.55758666992188
IL_PIATT,2011,157.1,xgboost,135.8592071533203
IL_PIKE,2011,150.7,xgboost,135.62643432617188
IL_PULASKI,2011,137.9,xgboost,121.15657806396484
IL_PUTNAM,2011,175.6,xgboost,146.69903564453125
IL_RANDOLPH,2011,111.2,xgboost,129.6194305419922
IL_RICHLAND,2011,128.3,xgboost,120.71209716796875
IL_ROCK_ISLAND,2011,176.4,xgboost,151.9635467529297
IL_SALINE,2011,132.3,xgboost,132.20518493652344
IL_SANGAMON,2011,165.7,xgboost,145.83323669433594
IL_SCHUYLER,2011,144.6,xgboost,143.3003692626953
IL_SCOTT,2011,145.4,xgboost,144.33395385742188
IL_SHELBY,2011,146.3,xgboost,138.82559204101562
IL_STARK,2011,181.2,xgboost,149.84336853027344
IL_STEPHENSON,2011,181.6,xgboost,170.97763061523438
IL_TAZEWELL,2011,172.7,xgboost,140.4040985107422
IL_UNION,2011,111.2,xgboost,127.63206481933594
IL_VERMILION,2011,148.1,xgboost,135.80255126953125
IL_WABASH,2011,140.6,xgboost,132.1338348388672
IL_WARREN,2011,177.4,xgboost,147.35528564453125
IL_WASHINGTON,2011,120.2,xgboost,126.85307312011719
IL_WAYNE,2011,122.4,xgboost,130.40975952148438
IL_WHITE,2011,144.1,xgboost,123.10204315185547
IL_WHITESIDE,2011,162.6,xgboost,149.90505981445312
IL_WILL,2011,162.5,xgboost,145.9842071533203
IL_WILLIAMSON,2011,125.0,xgboost,121.57562255859375
IL_WINNEBAGO,2011,162.2,xgboost,163.3843994140625
IL_WOODFORD,2011,186.5,xgboost,143.34153747558594
IN_ADAMS,2011,146.9,xgboost,132.84872436523438
IN_ALLEN,2011,131.6,xgboost,131.5059356689453
IN_BARTHOLOMEW,2011,120.7,xgboost,124.04331970214844
IN_BENTON,2011,165.5,xgboost,141.7154998779297
IN_BLACKFORD,2011,160.8,xgboost,134.7613067626953
IN_BOONE,2011,159.1,xgboost,135.06570434570312
IN_CARROLL,2011,167.7,xgboost,138.87403869628906
IN_CASS,2011,149.1,xgboost,134.0900115966797
IN_CLARK,2011,115.9,xgboost,108.53781127929688
IN_CLAY,2011,141.4,xgboost,132.71145629882812
IN_CLINTON,2011,175.9,xgboost,137.67825317382812
IN_DAVIESS,2011,156.7,xgboost,127.63410949707031
IN_DEARBORN,2011,109.6,xgboost,119.40538787841797
IN_DECATUR,2011,124.8,xgboost,127.9659652709961
IN_DELAWARE,2011,146.1,xgboost,136.75152587890625
IN_DUBOIS,2011,153.2,xgboost,110.56283569335938
IN_FAYETTE,2011,133.2,xgboost,138.0955047607422
IN_FLOYD,2011,98.8,xgboost,111.37618255615234
IN_FOUNTAIN,2011,154.0,xgboost,136.53140258789062
IN_FRANKLIN,2011,126.5,xgboost,131.77151489257812
IN_FULTON,2011,155.0,xgboost,135.16195678710938
IN_GREENE,2011,130.9,xgboost,127.97248077392578
IN_HAMILTON,2011,124.9,xgboost,134.78671264648438
IN_HANCOCK,2011,146.8,xgboost,137.73382568359375
IN_HARRISON,2011,105.7,xgboost,109.30667877197266
IN_HENDRICKS,2011,130.3,xgboost,134.07908630371094
IN_HENRY,2011,149.9,xgboost,138.08432006835938
IN_HOWARD,2011,163.9,xgboost,136.83311462402344
IN_HUNTINGTON,2011,137.3,xgboost,132.90414428710938
IN_JACKSON,2011,121.1,xgboost,113.94684600830078
IN_JASPER,2011,157.9,xgboost,134.9712677001953
IN_JAY,2011,153.3,xgboost,135.75282287597656
IN_JEFFERSON,2011,114.4,xgboost,106.25125122070312
IN_JENNINGS,2011,116.3,xgboost,112.03068542480469
IN_JOHNSON,2011,110.0,xgboost,129.21636962890625
IN_KOSCIUSKO,2011,152.0,xgboost,132.8727264404297
IN_LAGRANGE,2011,127.3,xgboost,127.38925170898438
IN_LAKE,2011,154.2,xgboost,140.85206604003906
IN_LAWRENCE,2011,128.3,xgboost,117.2916488647461
IN_MADISON,2011,156.4,xgboost,137.8833465576172
IN_MARSHALL,2011,157.9,xgboost,129.5881805419922
IN_MARTIN,2011,140.1,xgboost,117.85578918457031
IN_MIAMI,2011,136.9,xgboost,134.81033325195312
IN_MONROE,2011,124.8,xgboost,127.39132690429688
IN_MONTGOMERY,2011,166.7,xgboost,138.03045654296875
IN_MORGAN,2011,113.2,xgboost,132.12254333496094
IN_NEWTON,2011,166.3,xgboost,138.56871032714844
IN_NOBLE,2011,131.9,xgboost,130.02386474609375
IN_ORANGE,2011,131.9,xgboost,114.45367431640625
IN_OWEN,2011,120.1,xgboost,132.2559356689453
IN_PARKE,2011,148.6,xgboost,133.87313842773438
IN_PERRY,2011,129.8,xgboost,113.25125885009766
IN_PORTER,2011,153.1,xgboost,132.57948303222656
IN_POSEY,2011,152.6,xgboost,141.90220642089844
IN_PULASKI,2011,153.6,xgboost,128.99794006347656
IN_PUTNAM,2011,142.4,xgboost,135.04798889160156
IN_RANDOLPH,2011,143.3,xgboost,137.8324737548828
IN_RIPLEY,2011,113.0,xgboost,121.78349304199219
IN_RUSH,2011,141.5,xgboost,135.63052368164062
IN_SCOTT,2011,128.8,xgboost,116.19617462158203
IN_SHELBY,2011,116.6,xgboost,130.4244842529297
IN_SPENCER,2011,132.6,xgboost,127.74523162841797
IN_ST._JOSEPH,2011,153.1,xgboost,133.10958862304688
IN_STARKE,2011,136.9,xgboost,129.02586364746094
IN_STEUBEN,2011,120.1,xgboost,129.89759826660156
IN_SULLIVAN,2011,155.2,xgboost,127.55609893798828
IN_TIPPECANOE,2011,160.2,xgboost,145.07928466796875
IN_TIPTON,2011,165.5,xgboost,136.83909606933594
IN_UNION,2011,141.2,xgboost,133.11354064941406
IN_VANDERBURGH,2011,149.0,xgboost,140.91273498535156
IN_VERMILLION,2011,152.4,xgboost,133.42202758789062
IN_VIGO,2011,139.5,xgboost,129.98707580566406
IN_WARREN,2011,159.9,xgboost,145.00938415527344
IN_WARRICK,2011,139.1,xgboost,133.0220947265625
IN_WASHINGTON,2011,123.1,xgboost,109.19550323486328
IN_WAYNE,2011,118.7,xgboost,137.96556091308594
IN_WELLS,2011,147.6,xgboost,131.46463012695312
IN_WHITE,2011,168.5,xgboost,138.5102081298828
IN_WHITLEY,2011,115.3,xgboost,131.25271606445312
MI_ALLEGAN,2011,175.3,xgboost,128.2114715576172
MI_ARENAC,2011,160.6,xgboost,123.83029174804688
MI_BARRY,2011,153.0,xgboost,133.67227172851562
MI_BAY,2011,169.3,xgboost,138.13320922851562
MI_BERRIEN,2011,163.0,xgboost,119.78043365478516
MI_BRANCH,2011,156.4,xgboost,132.18896484375
MI_CALHOUN,2011,144.5,xgboost,130.32676696777344
MI_CASS,2011,168.0,xgboost,123.46646881103516
MI_CLINTON,2011,151.9,xgboost,140.73199462890625
MI_EATON,2011,147.5,xgboost,134.1103973388672
MI_GENESEE,2011,134.4,xgboost,138.43296813964844
MI_GRATIOT,2011,155.5,xgboost,145.04415893554688
MI_HILLSDALE,2011,139.4,xgboost,128.70167541503906
MI_HURON,2011,175.6,xgboost,132.38282775878906
MI_INGHAM,2011,148.4,xgboost,134.263916015625
MI_IONIA,2011,165.1,xgboost,140.43150329589844
MI_JACKSON,2011,130.1,xgboost,133.529052734375
MI_KALAMAZOO,2011,162.3,xgboost,130.2482452392578
MI_KENT,2011,163.3,xgboost,137.7814178466797
MI_LAPEER,2011,139.1,xgboost,131.5443878173828
MI_LENAWEE,2011,149.6,xgboost,134.24734497070312
MI_LIVINGSTON,2011,139.5,xgboost,133.25242614746094
MI_MACOMB,2011,149.5,xgboost,136.14834594726562
MI_MIDLAND,2011,161.8,xgboost,143.40692138671875
MI_MONROE,2011,156.6,xgboost,126.38594818115234
MI_MONTCALM,2011,146.8,xgboost,141.93568420410156
MI_MUSKEGON,2011,140.3,xgboost,120.35565948486328
MI_NEWAYGO,2011,128.5,xgboost,133.6042022705078
MI_OAKLAND,2011,129.4,xgboost,132.92837524414062
MI_OCEANA,2011,127.5,xgboost,122.8551025390625
MI_OTTAWA,2011,148.7,xgboost,126.23992156982422
MI_SAGINAW,2011,150.2,xgboost,138.41468811035156
MI_SANILAC,2011,161.8,xgboost,124.521484375
MI_SHIAWASSEE,2011,141.5,xgboost,140.8877716064453
MI_TUSCOLA,2011,156.4,xgboost,135.3992919921875
MI_VAN_BUREN,2011,179.6,xgboost,125.33060455322266
MI_WASHTENAW,2011,144.5,xgboost,134.07711791992188
MI_WAYNE,2011,138.2,xgboost,139.45184326171875
MN_BLUE_EARTH,2011,171.1,xgboost,165.87156677246094
MN_BROWN,2011,162.8,xgboost,164.01551818847656
MN_CHIPPEWA,2011,155.1,xgboost,171.98260498046875
MN_FILLMORE,2011,178.6,xgboost,155.47677612304688
MN_GOODHUE,2011,177.2,xgboost,172.01242065429688
MN_HOUSTON,2011,171.9,xgboost,156.73193359375
MN_MARTIN,2011,173.6,xgboost,162.2927703857422
MN_MURRAY,2011,166.4,xgboost,171.25747680664062
MN_NICOLLET,2011,160.4,xgboost,167.7897186279297
MN_NOBLES,2011,174.6,xgboost,164.79554748535156
MN_PIPESTONE,2011,152.2,xgboost,170.8649444580078
MN_REDWOOD,2011,149.1,xgboost,173.94842529296875
MN_RENVILLE,2011,146.4,xgboost,174.7456512451172
MN_ROCK,2011,180.6,xgboost,162.96426391601562
MN_WABASHA,2011,180.2,xgboost,162.58355712890625
MN_WINONA,2011,178.3,xgboost,156.18447875976562
MN_YELLOW_MEDICINE,2011,155.2,xgboost,170.60751342773438
MO_ADAIR,2011,121.8,xgboost,122.90258026123047
MO_ATCHISON,2011,149.5,xgboost,138.26315307617188
MO_AUDRAIN,2011,105.2,xgboost,128.2013702392578
MO_BARTON,2011,49.1,xgboost,116.6583480834961
MO_BENTON,2011,83.5,xgboost,122.99580383300781
MO_BOLLINGER,2011,105.1,xgboost,129.07740783691406
MO_BOONE,2011,94.2,xgboost,124.93637084960938
MO_BUCHANAN,2011,134.4,xgboost,133.51284790039062
MO_BUTLER,2011,133.1,xgboost,136.38272094726562
MO_CALDWELL,2011,113.5,xgboost,123.85645294189453
MO_CALLAWAY,2011,127.4,xgboost,124.99070739746094
MO_CAPE_GIRARDEAU,2011,114.5,xgboost,134.72511291503906
MO_CARROLL,2011,132.6,xgboost,124.4371109008789
MO_CASS,2011,65.2,xgboost,119.52460479736328
MO_CHARITON,2011,121.3,xgboost,130.65255737304688
MO_CLARK,2011,100.6,xgboost,126.76892852783203
MO_CLAY,2011,130.6,xgboost,125.70164489746094
MO_CLINTON,2011,137.4,xgboost,128.29747009277344
MO_COLE,2011,136.5,xgboost,122.19771575927734
MO_COOPER,2011,87.0,xgboost,121.23573303222656
MO_DADE,2011,36.8,xgboost,114.85831451416016
MO_DAVIESS,2011,123.6,xgboost,126.62828826904297
MO_FRANKLIN,2011,102.0,xgboost,118.320556640625
MO_GASCONADE,2011,82.0,xgboost,117.42696380615234
MO_GENTRY,2011,128.7,xgboost,131.0411376953125
MO_GRUNDY,2011,131.6,xgboost,121.6061782836914
MO_HARRISON,2011,108.0,xgboost,128.8758087158203
MO_HENRY,2011,41.8,xgboost,117.51824951171875
MO_HOLT,2011,149.5,xgboost,140.66493225097656
MO_HOWARD,2011,118.8,xgboost,126.94774627685547
MO_JACKSON,2011,114.5,xgboost,124.4817886352539
MO_JASPER,2011,34.4,xgboost,114.2476806640625
MO_JEFFERSON,2011,108.1,xgboost,127.32853698730469
MO_JOHNSON,2011,91.3,xgboost,121.3708267211914
MO_LAFAYETTE,2011,137.5,xgboost,124.33777618408203
MO_LEWIS,2011,92.7,xgboost,131.7855682373047
MO_LINCOLN,2011,95.0,xgboost,123.78453826904297
MO_LINN,2011,116.4,xgboost,127.31216430664062
MO_LIVINGSTON,2011,121.2,xgboost,128.71356201171875
MO_MARION,2011,115.3,xgboost,128.44647216796875
MO_MERCER,2011,119.1,xgboost,125.9475326538086
MO_MISSISSIPPI,2011,155.0,xgboost,134.1104278564453
MO_MONROE,2011,91.7,xgboost,127.61339569091797
MO_MONTGOMERY,2011,81.8,xgboost,127.7762451171875
MO_MORGAN,2011,63.5,xgboost,119.54186248779297
MO_NEW_MADRID,2011,171.0,xgboost,136.56651306152344
MO_NODAWAY,2011,122.1,xgboost,135.65206909179688
MO_PERRY,2011,104.7,xgboost,131.6298828125
MO_PETTIS,2011,90.4,xgboost,125.81800079345703
MO_PIKE,2011,112.7,xgboost,125.78870391845703
MO_PUTNAM,2011,116.0,xgboost,119.3117446899414
MO_RALLS,2011,106.7,xgboost,128.8050079345703
MO_RAY,2011,128.8,xgboost,122.01685333251953
MO_SALINE,2011,142.0,xgboost,132.3361358642578
MO_SCHUYLER,2011,111.6,xgboost,120.07484436035156
MO_SCOTT,2011,158.2,xgboost,136.54624938964844
MO_SHELBY,2011,107.6,xgboost,127.8837661743164
MO_STODDARD,2011,145.3,xgboost,136.13912963867188
MO_SULLIVAN,2011,118.1,xgboost,123.6899185180664
MO_WARREN,2011,98.0,xgboost,121.96583557128906
MO_WORTH,2011,112.5,xgboost,126.33724212646484
OH_ADAMS,2011,143.9,xgboost,111.1961898803711
OH_ALLEN,2011,153.0,xgboost,118.60009765625
OH_ASHLAND,2011,140.8,xgboost,120.6367416381836
OH_ASHTABULA,2011,149.7,xgboost,114.62203979492188
OH_AUGLAIZE,2011,165.4,xgboost,118.85042572021484
OH_BROWN,2011,149.7,xgboost,111.45793914794922
OH_BUTLER,2011,127.6,xgboost,116.39905548095703
OH_CHAMPAIGN,2011,139.9,xgboost,124.56063079833984
OH_CLARK,2011,163.9,xgboost,124.59817504882812
OH_CLERMONT,2011,162.9,xgboost,107.3747787475586
OH_CLINTON,2011,167.1,xgboost,118.83849334716797
OH_COLUMBIANA,2011,138.7,xgboost,114.23126983642578
OH_COSHOCTON,2011,145.1,xgboost,115.26515197753906
OH_CRAWFORD,2011,182.0,xgboost,116.89733123779297
OH_DARKE,2011,126.8,xgboost,127.02903747558594
OH_DEFIANCE,2011,133.0,xgboost,118.68079376220703
OH_DELAWARE,2011,152.0,xgboost,120.36528015136719
OH_ERIE,2011,140.8,xgboost,120.65580749511719
OH_FAIRFIELD,2011,159.0,xgboost,116.19171142578125
OH_FULTON,2011,154.0,xgboost,124.43883514404297
OH_GREENE,2011,170.6,xgboost,123.66561126708984
OH_GUERNSEY,2011,130.3,xgboost,117.08111572265625
OH_HAMILTON,2011,135.0,xgboost,107.4269790649414
OH_HANCOCK,2011,165.6,xgboost,120.75733947753906
OH_HARDIN,2011,169.0,xgboost,117.9766845703125
OH_HENRY,2011,143.8,xgboost,119.86851501464844
OH_HIGHLAND,2011,156.6,xgboost,114.39114379882812
OH_HOCKING,2011,145.3,xgboost,109.6859130859375
OH_HOLMES,2011,152.9,xgboost,115.2842788696289
OH_HURON,2011,155.9,xgboost,116.46304321289062
OH_KNOX,2011,144.7,xgboost,110.92496490478516
OH_LICKING,2011,152.7,xgboost,113.44970703125
OH_LOGAN,2011,163.1,xgboost,119.58320617675781
OH_LORAIN,2011,150.6,xgboost,120.7375259399414
OH_LUCAS,2011,159.8,xgboost,122.36870574951172
OH_MADISON,2011,166.7,xgboost,123.6666488647461
OH_MAHONING,2011,138.6,xgboost,115.20345306396484
OH_MARION,2011,170.2,xgboost,119.24152374267578
OH_MEDINA,2011,134.2,xgboost,116.86543273925781
OH_MERCER,2011,155.8,xgboost,124.08531951904297
OH_MIAMI,2011,129.8,xgboost,125.93770599365234
OH_MONTGOMERY,2011,127.7,xgboost,123.18963623046875
OH_MORGAN,2011,116.7,xgboost,109.73213195800781
OH_MORROW,2011,160.7,xgboost,114.3856201171875
OH_MUSKINGUM,2011,150.0,xgboost,113.71141052246094
OH_OTTAWA,2011,156.8,xgboost,121.42208862304688
OH_PAULDING,2011,127.3,xgboost,120.74304962158203
OH_PERRY,2011,147.7,xgboost,111.43318176269531
OH_PICKAWAY,2011,154.8,xgboost,117.31305694580078
OH_PIKE,2011,159.3,xgboost,104.3193359375
OH_PORTAGE,2011,137.8,xgboost,114.7742919921875
OH_PREBLE,2011,135.8,xgboost,127.49911499023438
OH_PUTNAM,2011,169.4,xgboost,119.35456085205078
OH_RICHLAND,2011,145.1,xgboost,117.67990112304688
OH_ROSS,2011,157.5,xgboost,110.7440414428711
OH_SANDUSKY,2011,164.1,xgboost,122.04837799072266
OH_SENECA,2011,160.0,xgboost,121.0823974609375
OH_SHELBY,2011,149.2,xgboost,123.15813446044922
OH_STARK,2011,145.2,xgboost,117.26636505126953
OH_SUMMIT,2011,123.5,xgboost,117.4616470336914
OH_TRUMBULL,2011,140.9,xgboost,116.21226501464844
OH_TUSCARAWAS,2011,147.8,xgboost,112.20915222167969
OH_UNION,2011,165.5,xgboost,120.41202545166016
OH_VAN_WERT,2011,130.4,xgboost,121.11956787109375
OH_WARREN,2011,159.2,xgboost,117.32952117919922
OH_WAYNE,2011,142.0,xgboost,116.40812683105469
OH_WILLIAMS,2011,145.5,xgboost,120.5122299194336
OH_WOOD,2011,172.1,xgboost,121.42523193359375
OH_WYANDOT,2011,167.2,xgboost,118.4325942993164
WI_ADAMS,2011,129.5,xgboost,139.27239990234375
WI_BUFFALO,2011,159.3,xgboost,140.34530639648438
WI_COLUMBIA,2011,159.6,xgboost,145.39366149902344
WI_CRAWFORD,2011,144.0,xgboost,134.61569213867188
WI_DANE,2011,162.4,xgboost,154.3313446044922
WI_DODGE,2011,170.6,xgboost,147.10031127929688
WI_DUNN,2011,156.1,xgboost,144.37353515625
WI_EAU_CLAIRE,2011,147.8,xgboost,141.26980590820312
WI_FOND_DU_LAC,2011,175.7,xgboost,139.37303161621094
WI_GRANT,2011,170.1,xgboost,139.5763397216797
WI_GREEN,2011,163.7,xgboost,153.9936065673828
WI_GREEN_LAKE,2011,155.3,xgboost,143.8919219970703
WI_IOWA,2011,170.1,xgboost,153.39535522460938
WI_JACKSON,2011,149.6,xgboost,143.26710510253906
WI_JEFFERSON,2011,157.8,xgboost,150.7633819580078
WI_JUNEAU,2011,156.6,xgboost,144.2887420654297
WI_KENOSHA,2011,163.1,xgboost,122.91230010986328
WI_LAFAYETTE,2011,178.5,xgboost,153.44625854492188
WI_LA_CROSSE,2011,156.3,xgboost,132.4051971435547
WI_MARINETTE,2011,120.9,xgboost,126.84846496582031
WI_MARQUETTE,2011,115.4,xgboost,138.97877502441406
WI_MONROE,2011,149.1,xgboost,134.63519287109375
WI_OCONTO,2011,136.8,xgboost,134.5337677001953
WI_OUTAGAMIE,2011,144.8,xgboost,147.9920654296875
WI_PEPIN,2011,156.8,xgboost,141.0775604248047
WI_PORTAGE,2011,156.8,xgboost,142.3646697998047
WI_RACINE,2011,151.3,xgboost,125.81327056884766
WI_RICHLAND,2011,135.8,xgboost,137.80894470214844
WI_ROCK,2011,160.4,xgboost,155.11520385742188
WI_SAUK,2011,148.4,xgboost,148.08590698242188
WI_SHEBOYGAN,2011,151.8,xgboost,132.34136962890625
WI_TREMPEALEAU,2011,153.5,xgboost,139.72610473632812
WI_VERNON,2011,153.1,xgboost,134.35958862304688
WI_WALWORTH,2011,163.3,xgboost,145.13632202148438
WI_WASHINGTON,2011,157.4,xgboost,125.2472915649414
WI_WAUKESHA,2011,147.6,xgboost,128.3953399658203
WI_WAUSHARA,2011,172.9,xgboost,142.57386779785156
WI_WINNEBAGO,2011,148.1,xgboost,141.95228576660156
IA_ADAIR,2012,104.4,global_mean,146.2394847020934
IA_ADAMS,2012,109.8,global_mean,146.2394847020934
IA_ALLAMAKEE,2012,153.6,global_mean,146.2394847020934
IA_APPANOOSE,2012,44.5,global_mean,146.2394847020934
IA_AUDUBON,2012,114.8,global_mean,146.2394847020934
IA_BENTON,2012,129.3,global_mean,146.2394847020934
IA_BLACK_HAWK,2012,126.4,global_mean,146.2394847020934
IA_BOONE,2012,147.1,global_mean,146.2394847020934
IA_BREMER,2012,133.3,global_mean,146.2394847020934
IA_BUCHANAN,2012,140.4,global_mean,146.2394847020934
IA_BUENA_VISTA,2012,148.2,global_mean,146.2394847020934
IA_BUTLER,2012,122.0,global_mean,146.2394847020934
IA_CALHOUN,2012,134.8,global_mean,146.2394847020934
IA_CARROLL,2012,105.3,global_mean,146.2394847020934
IA_CASS,2012,120.4,global_mean,146.2394847020934
IA_CEDAR,2012,158.9,global_mean,146.2394847020934
IA_CERRO_GORDO,2012,124.8,global_mean,146.2394847020934
IA_CHEROKEE,2012,158.7,global_mean,146.2394847020934
IA_CHICKASAW,2012,125.8,global_mean,146.2394847020934
IA_CLARKE,2012,76.7,global_mean,146.2394847020934
IA_CLAY,2012,170.1,global_mean,146.2394847020934
IA_CLAYTON,2012,152.9,global_mean,146.2394847020934
IA_CLINTON,2012,139.6,global_mean,146.2394847020934
IA_CRAWFORD,2012,131.3,global_mean,146.2394847020934
IA_DALLAS,2012,129.0,global_mean,146.2394847020934
IA_DAVIS,2012,52.4,global_mean,146.2394847020934
IA_DECATUR,2012,61.2,global_mean,146.2394847020934
IA_DELAWARE,2012,129.8,global_mean,146.2394847020934
IA_DES_MOINES,2012,143.7,global_mean,146.2394847020934
IA_DICKINSON,2012,160.9,global_mean,146.2394847020934
IA_DUBUQUE,2012,149.4,global_mean,146.2394847020934
IA_EMMET,2012,166.6,global_mean,146.2394847020934
IA_FAYETTE,2012,151.0,global_mean,146.2394847020934
IA_FLOYD,2012,123.2,global_mean,146.2394847020934
IA_FRANKLIN,2012,150.0,global_mean,146.2394847020934
IA_FREMONT,2012,131.2,global_mean,146.2394847020934
IA_GREENE,2012,124.6,global_mean,146.2394847020934
IA_GRUNDY,2012,161.5,global_mean,146.2394847020934
IA_GUTHRIE,2012,113.4,global_mean,146.2394847020934
IA_HAMILTON,2012,138.0,global_mean,146.2394847020934
IA_HANCOCK,2012,143.3,global_mean,146.2394847020934
IA_HARDIN,2012,163.6,global_mean,146.2394847020934
IA_HARRISON,2012,130.9,global_mean,146.2394847020934
IA_HENRY,2012,132.0,global_mean,146.2394847020934
IA_HOWARD,2012,137.8,global_mean,146.2394847020934
IA_HUMBOLDT,2012,146.1,global_mean,146.2394847020934
IA_IDA,2012,151.4,global_mean,146.2394847020934
IA_IOWA,2012,135.7,global_mean,146.2394847020934
IA_JACKSON,2012,114.6,global_mean,146.2394847020934
IA_JASPER,2012,150.9,global_mean,146.2394847020934
IA_JEFFERSON,2012,102.8,global_mean,146.2394847020934
IA_JOHNSON,2012,132.4,global_mean,146.2394847020934
IA_JONES,2012,127.3,global_mean,146.2394847020934
IA_KEOKUK,2012,113.0,global_mean,146.2394847020934
IA_KOSSUTH,2012,164.6,global_mean,146.2394847020934
IA_LEE,2012,116.0,global_mean,146.2394847020934
IA_LINN,2012,124.2,global_mean,146.2394847020934
IA_LOUISA,2012,162.9,global_mean,146.2394847020934
IA_LUCAS,2012,85.3,global_mean,146.2394847020934
IA_LYON,2012,161.6,global_mean,146.2394847020934
IA_MADISON,2012,101.4,global_mean,146.2394847020934
IA_MAHASKA,2012,133.0,global_mean,146.2394847020934
IA_MARION,2012,115.1,global_mean,146.2394847020934
IA_MARSHALL,2012,157.6,global_mean,146.2394847020934
IA_MILLS,2012,128.8,global_mean,146.2394847020934
IA_MITCHELL,2012,131.4,global_mean,146.2394847020934
IA_MONONA,2012,115.1,global_mean,146.2394847020934
IA_MONROE,2012,67.3,global_mean,146.2394847020934
IA_MONTGOMERY,2012,132.0,global_mean,146.2394847020934
IA_MUSCATINE,2012,152.6,global_mean,146.2394847020934
IA_OSCEOLA,2012,169.6,global_mean,146.2394847020934
IA_PAGE,2012,116.2,global_mean,146.2394847020934
IA_PALO_ALTO,2012,170.6,global_mean,146.2394847020934
IA_PLYMOUTH,2012,110.1,global_mean,146.2394847020934
IA_POCAHONTAS,2012,165.3,global_mean,146.2394847020934
IA_POLK,2012,149.1,global_mean,146.2394847020934
IA_POTTAWATTAMIE,2012,131.9,global_mean,146.2394847020934
IA_POWESHIEK,2012,152.3,global_mean,146.2394847020934
IA_RINGGOLD,2012,71.6,global_mean,146.2394847020934
IA_SAC,2012,130.7,global_mean,146.2394847020934
IA_SCOTT,2012,131.7,global_mean,146.2394847020934
IA_SHELBY,2012,137.8,global_mean,146.2394847020934
IA_SIOUX,2012,143.2,global_mean,146.2394847020934
IA_STORY,2012,157.6,global_mean,146.2394847020934
IA_TAMA,2012,160.2,global_mean,146.2394847020934
IA_TAYLOR,2012,91.7,global_mean,146.2394847020934
IA_UNION,2012,87.3,global_mean,146.2394847020934
IA_VAN_BUREN,2012,110.3,global_mean,146.2394847020934
IA_WAPELLO,2012,92.6,global_mean,146.2394847020934
IA_WARREN,2012,103.5,global_mean,146.2394847020934
IA_WASHINGTON,2012,132.1,global_mean,146.2394847020934
IA_WAYNE,2012,55.7,global_mean,146.2394847020934
IA_WEBSTER,2012,149.2,global_mean,146.2394847020934
IA_WINNESHIEK,2012,140.6,global_mean,146.2394847020934
IA_WOODBURY,2012,134.8,global_mean,146.2394847020934
IA_WRIGHT,2012,153.7,global_mean,146.2394847020934
IL_ADAMS,2012,76.0,global_mean,146.2394847020934
IL_BOND,2012,33.3,global_mean,146.2394847020934
IL_BROWN,2012,87.0,global_mean,146.2394847020934
IL_BUREAU,2012,145.7,global_mean,146.2394847020934
IL_CALHOUN,2012,93.8,global_mean,146.2394847020934
IL_CARROLL,2012,157.9,global_mean,146.2394847020934
IL_CASS,2012,113.2,global_mean,146.2394847020934
IL_CHAMPAIGN,2012,108.9,global_mean,146.2394847020934
IL_CHRISTIAN,2012,129.2,global_mean,146.2394847020934
IL_CLARK,2012,51.1,global_mean,146.2394847020934
IL_CLINTON,2012,30.2,global_mean,146.2394847020934
IL_COLES,2012,89.3,global_mean,146.2394847020934
IL_CRAWFORD,2012,34.7,global_mean,146.2394847020934
IL_CUMBERLAND,2012,34.3,global_mean,146.2394847020934
IL_DE_WITT,2012,134.4,global_mean,146.2394847020934
IL_DOUGLAS,2012,99.4,global_mean,146.2394847020934
IL_EDGAR,2012,96.7,global_mean,146.2394847020934
IL_EDWARDS,2012,40.0,global_mean,146.2394847020934
IL_EFFINGHAM,2012,42.9,global_mean,146.2394847020934
IL_FAYETTE,2012,29.3,global_mean,146.2394847020934
IL_FORD,2012,63.9,global_mean,146.2394847020934
IL_FRANKLIN,2012,30.1,global_mean,146.2394847020934
IL_FULTON,2012,114.5,global_mean,146.2394847020934
IL_GALLATIN,2012,76.7,global_mean,146.2394847020934
IL_GREENE,2012,103.4,global_mean,146.2394847020934
IL_GRUNDY,2012,101.1,global_mean,146.2394847020934
IL_HAMILTON,2012,31.5,global_mean,146.2394847020934
IL_HANCOCK,2012,134.3,global_mean,146.2394847020934
IL_HARDIN,2012,55.7,global_mean,146.2394847020934
IL_HENDERSON,2012,162.6,global_mean,146.2394847020934
IL_HENRY,2012,140.0,global_mean,146.2394847020934
IL_IROQUOIS,2012,105.7,global_mean,146.2394847020934
IL_JACKSON,2012,37.7,global_mean,146.2394847020934
IL_JASPER,2012,28.9,global_mean,146.2394847020934
IL_JERSEY,2012,81.6,global_mean,146.2394847020934
IL_JO_DAVIESS,2012,97.4,global_mean,146.2394847020934
IL_KANE,2012,140.7,global_mean,146.2394847020934
IL_KANKAKEE,2012,119.2,global_mean,146.2394847020934
IL_KENDALL,2012,102.4,global_mean,146.2394847020934
IL_KNOX,2012,160.8,global_mean,146.2394847020934
IL_LEE,2012,142.3,global_mean,146.2394847020934
IL_LIVINGSTON,2012,83.3,global_mean,146.2394847020934
IL_LOGAN,2012,96.5,global_mean,146.2394847020934
IL_MACON,2012,102.8,global_mean,146.2394847020934
IL_MACOUPIN,2012,85.7,global_mean,146.2394847020934
IL_MADISON,2012,54.8,global_mean,146.2394847020934
IL_MARION,2012,19.0,global_mean,146.2394847020934
IL_MARSHALL,2012,123.9,global_mean,146.2394847020934
IL_MASON,2012,110.2,global_mean,146.2394847020934
IL_MCDONOUGH,2012,139.0,global_mean,146.2394847020934
IL_MCHENRY,2012,124.4,global_mean,146.2394847020934
IL_MCLEAN,2012,109.5,global_mean,146.2394847020934
IL_MENARD,2012,97.4,global_mean,146.2394847020934
IL_MERCER,2012,180.1,global_mean,146.2394847020934
IL_MONROE,2012,69.6,global_mean,146.2394847020934
IL_MONTGOMERY,2012,73.2,global_mean,146.2394847020934
IL_MORGAN,2012,112.4,global_mean,146.2394847020934
IL_MOULTRIE,2012,115.1,global_mean,146.2394847020934
IL_OGLE,2012,142.9,global_mean,146.2394847020934
IL_PEORIA,2012,161.9,global_mean,146.2394847020934
IL_PERRY,2012,23.3,global_mean,146.2394847020934
IL_PIATT,2012,130.8,global_mean,146.2394847020934
IL_PIKE,2012,90.5,global_mean,146.2394847020934
IL_POPE,2012,47.6,global_mean,146.2394847020934
IL_PULASKI,2012,64.4,global_mean,146.2394847020934
IL_RANDOLPH,2012,45.5,global_mean,146.2394847020934
IL_RICHLAND,2012,26.5,global_mean,146.2394847020934
IL_SALINE,2012,50.0,global_mean,146.2394847020934
IL_SANGAMON,2012,131.3,global_mean,146.2394847020934
IL_SCHUYLER,2012,75.9,global_mean,146.2394847020934
IL_SCOTT,2012,117.3,global_mean,146.2394847020934
IL_SHELBY,2012,72.4,global_mean,146.2394847020934
IL_STARK,2012,148.4,global_mean,146.2394847020934
IL_STEPHENSON,2012,102.8,global_mean,146.2394847020934
IL_TAZEWELL,2012,133.4,global_mean,146.2394847020934
IL_UNION,2012,53.3,global_mean,146.2394847020934
IL_VERMILION,2012,100.1,global_mean,146.2394847020934
IL_WABASH,2012,52.1,global_mean,146.2394847020934
IL_WARREN,2012,164.9,global_mean,146.2394847020934
IL_WASHINGTON,2012,21.1,global_mean,146.2394847020934
IL_WAYNE,2012,39.7,global_mean,146.2394847020934
IL_WHITE,2012,69.2,global_mean,146.2394847020934
IL_WHITESIDE,2012,139.8,global_mean,146.2394847020934
IL_WILL,2012,126.0,global_mean,146.2394847020934
IL_WILLIAMSON,2012,33.7,global_mean,146.2394847020934
IL_WINNEBAGO,2012,99.6,global_mean,146.2394847020934
IL_WOODFORD,2012,102.5,global_mean,146.2394847020934
IN_ADAMS,2012,111.8,global_mean,146.2394847020934
IN_ALLEN,2012,109.0,global_mean,146.2394847020934
IN_BARTHOLOMEW,2012,78.8,global_mean,146.2394847020934
IN_BENTON,2012,116.9,global_mean,146.2394847020934
IN_BLACKFORD,2012,119.2,global_mean,146.2394847020934
IN_BOONE,2012,91.6,global_mean,146.2394847020934
IN_BROWN,2012,71.6,global_mean,146.2394847020934
IN_CARROLL,2012,115.5,global_mean,146.2394847020934
IN_CASS,2012,108.0,global_mean,146.2394847020934
IN_CLARK,2012,69.9,global_mean,146.2394847020934
IN_CLAY,2012,61.2,global_mean,146.2394847020934
IN_CLINTON,2012,148.0,global_mean,146.2394847020934
IN_DAVIESS,2012,72.9,global_mean,146.2394847020934
IN_DEARBORN,2012,88.0,global_mean,146.2394847020934
IN_DECATUR,2012,86.1,global_mean,146.2394847020934
IN_DELAWARE,2012,111.5,global_mean,146.2394847020934
IN_DUBOIS,2012,62.1,global_mean,146.2394847020934
IN_ELKHART,2012,92.5,global_mean,146.2394847020934
IN_FAYETTE,2012,74.9,global_mean,146.2394847020934
IN_FLOYD,2012,55.7,global_mean,146.2394847020934
IN_FOUNTAIN,2012,101.9,global_mean,146.2394847020934
IN_FRANKLIN,2012,89.1,global_mean,146.2394847020934
IN_FULTON,2012,127.1,global_mean,146.2394847020934
IN_GIBSON,2012,64.8,global_mean,146.2394847020934
IN_HAMILTON,2012,121.9,global_mean,146.2394847020934
IN_HANCOCK,2012,90.5,global_mean,146.2394847020934
IN_HARRISON,2012,52.2,global_mean,146.2394847020934
IN_HENDRICKS,2012,58.3,global_mean,146.2394847020934
IN_HENRY,2012,92.4,global_mean,146.2394847020934
IN_HOWARD,2012,154.2,global_mean,146.2394847020934
IN_HUNTINGTON,2012,108.3,global_mean,146.2394847020934
IN_JACKSON,2012,81.3,global_mean,146.2394847020934
IN_JASPER,2012,144.6,global_mean,146.2394847020934
IN_JAY,2012,107.7,global_mean,146.2394847020934
IN_JENNINGS,2012,89.2,global_mean,146.2394847020934
IN_JOHNSON,2012,58.1,global_mean,146.2394847020934
IN_KNOX,2012,71.4,global_mean,146.2394847020934
IN_KOSCIUSKO,2012,104.0,global_mean,146.2394847020934
IN_LAGRANGE,2012,96.7,global_mean,146.2394847020934
IN_LAKE,2012,158.7,global_mean,146.2394847020934
IN_LAWRENCE,2012,52.8,global_mean,146.2394847020934
IN_MADISON,2012,119.9,global_mean,146.2394847020934
IN_MARSHALL,2012,97.8,global_mean,146.2394847020934
IN_MARTIN,2012,53.1,global_mean,146.2394847020934
IN_MIAMI,2012,126.8,global_mean,146.2394847020934
IN_MONROE,2012,44.7,global_mean,146.2394847020934
IN_MONTGOMERY,2012,104.5,global_mean,146.2394847020934
IN_MORGAN,2012,42.3,global_mean,146.2394847020934
IN_NEWTON,2012,132.6,global_mean,146.2394847020934
IN_NOBLE,2012,105.7,global_mean,146.2394847020934
IN_ORANGE,2012,30.1,global_mean,146.2394847020934
IN_OWEN,2012,41.0,global_mean,146.2394847020934
IN_PARKE,2012,64.2,global_mean,146.2394847020934
IN_PIKE,2012,57.8,global_mean,146.2394847020934
IN_PORTER,2012,165.7,global_mean,146.2394847020934
IN_POSEY,2012,75.2,global_mean,146.2394847020934
IN_PULASKI,2012,110.9,global_mean,146.2394847020934
IN_PUTNAM,2012,61.4,global_mean,146.2394847020934
IN_RANDOLPH,2012,94.0,global_mean,146.2394847020934
IN_RIPLEY,2012,101.3,global_mean,146.2394847020934
IN_RUSH,2012,79.6,global_mean,146.2394847020934
IN_SCOTT,2012,107.5,global_mean,146.2394847020934
IN_SHELBY,2012,62.4,global_mean,146.2394847020934
IN_SPENCER,2012,69.8,global_mean,146.2394847020934
IN_ST._JOSEPH,2012,133.9,global_mean,146.2394847020934
IN_STARKE,2012,99.7,global_mean,146.2394847020934
IN_STEUBEN,2012,87.4,global_mean,146.2394847020934
IN_TIPPECANOE,2012,112.0,global_mean,146.2394847020934
IN_TIPTON,2012,157.9,global_mean,146.2394847020934
IN_UNION,2012,91.7,global_mean,146.2394847020934
IN_VANDERBURGH,2012,60.4,global_mean,146.2394847020934
IN_VERMILLION,2012,86.3,global_mean,146.2394847020934
IN_VIGO,2012,65.9,global_mean,146.2394847020934
IN_WABASH,2012,105.4,global_mean,146.2394847020934
IN_WARREN,2012,110.4,global_mean,146.2394847020934
IN_WARRICK,2012,51.1,global_mean,146.2394847020934
IN_WASHINGTON,2012,57.5,global_mean,146.2394847020934
IN_WAYNE,2012,79.8,global_mean,146.2394847020934
IN_WELLS,2012,122.0,global_mean,146.2394847020934
IN_WHITE,2012,115.6,global_mean,146.2394847020934
IN_WHITLEY,2012,96.4,global_mean,146.2394847020934
MI_ALLEGAN,2012,119.1,global_mean,146.2394847020934
MI_ARENAC,2012,146.2,global_mean,146.2394847020934
MI_BARRY,2012,121.0,global_mean,146.2394847020934
MI_BAY,2012,161.2,global_mean,146.2394847020934
MI_BERRIEN,2012,143.3,global_mean,146.2394847020934
MI_BRANCH,2012,112.8,global_mean,146.2394847020934
MI_CALHOUN,2012,87.1,global_mean,146.2394847020934
MI_CASS,2012,138.4,global_mean,146.2394847020934
MI_CLINTON,2012,149.0,global_mean,146.2394847020934
MI_EATON,2012,124.2,global_mean,146.2394847020934
MI_GENESEE,2012,134.5,global_mean,146.2394847020934
MI_GRATIOT,2012,171.8,global_mean,146.2394847020934
MI_HILLSDALE,2012,112.5,global_mean,146.2394847020934
MI_HURON,2012,144.6,global_mean,146.2394847020934
MI_INGHAM,2012,120.5,global_mean,146.2394847020934
MI_IONIA,2012,140.5,global_mean,146.2394847020934
MI_JACKSON,2012,78.7,global_mean,146.2394847020934
MI_KALAMAZOO,2012,138.2,global_mean,146.2394847020934
MI_KENT,2012,129.9,global_mean,146.2394847020934
MI_LAPEER,2012,150.3,global_mean,146.2394847020934
MI_LENAWEE,2012,100.3,global_mean,146.2394847020934
MI_LIVINGSTON,2012,126.3,global_mean,146.2394847020934
MI_MACOMB,2012,166.5,global_mean,146.2394847020934
MI_MIDLAND,2012,163.1,global_mean,146.2394847020934
MI_MONROE,2012,101.6,global_mean,146.2394847020934
MI_MONTCALM,2012,141.4,global_mean,146.2394847020934
MI_MUSKEGON,2012,115.2,global_mean,146.2394847020934
MI_NEWAYGO,2012,135.8,global_mean,146.2394847020934
MI_OAKLAND,2012,120.6,global_mean,146.2394847020934
MI_OCEANA,2012,124.9,global_mean,146.2394847020934
MI_OTTAWA,2012,111.2,global_mean,146.2394847020934
MI_SAGINAW,2012,155.8,global_mean,146.2394847020934
MI_SANILAC,2012,158.7,global_mean,146.2394847020934
MI_SHIAWASSEE,2012,139.2,global_mean,146.2394847020934
MI_TUSCOLA,2012,160.3,global_mean,146.2394847020934
MI_VAN_BUREN,2012,133.7,global_mean,146.2394847020934
MI_WASHTENAW,2012,73.3,global_mean,146.2394847020934
MI_WAYNE,2012,83.5,global_mean,146.2394847020934
MN_BLUE_EARTH,2012,170.5,global_mean,146.2394847020934
MN_BROWN,2012,158.4,global_mean,146.2394847020934
MN_CHIPPEWA,2012,179.5,global_mean,146.2394847020934
MN_FILLMORE,2012,171.1,global_mean,146.2394847020934
MN_GOODHUE,2012,186.6,global_mean,146.2394847020934
MN_HOUSTON,2012,171.3,global_mean,146.2394847020934
MN_MARTIN,2012,170.7,global_mean,146.2394847020934
MN_MURRAY,2012,150.7,global_mean,146.2394847020934
MN_NICOLLET,2012,160.1,global_mean,146.2394847020934
MN_NOBLES,2012,155.5,global_mean,146.2394847020934
MN_PIPESTONE,2012,143.6,global_mean,146.2394847020934
MN_REDWOOD,2012,164.1,global_mean,146.2394847020934
MN_RENVILLE,2012,173.6,global_mean,146.2394847020934
MN_ROCK,2012,156.8,global_mean,146.2394847020934
MN_WABASHA,2012,187.4,global_mean,146.2394847020934
MN_WINONA,2012,177.5,global_mean,146.2394847020934
MN_YELLOW_MEDICINE,2012,146.5,global_mean,146.2394847020934
MO_ADAIR,2012,43.6,global_mean,146.2394847020934
MO_ANDREW,2012,71.0,global_mean,146.2394847020934
MO_ATCHISON,2012,106.0,global_mean,146.2394847020934
MO_AUDRAIN,2012,33.4,global_mean,146.2394847020934
MO_BARTON,2012,71.6,global_mean,146.2394847020934
MO_BENTON,2012,43.4,global_mean,146.2394847020934
MO_BOLLINGER,2012,107.0,global_mean,146.2394847020934
MO_BOONE,2012,41.1,global_mean,146.2394847020934
MO_BUCHANAN,2012,112.3,global_mean,146.2394847020934
MO_BUTLER,2012,156.9,global_mean,146.2394847020934
MO_CALDWELL,2012,41.1,global_mean,146.2394847020934
MO_CALLAWAY,2012,41.8,global_mean,146.2394847020934
MO_CAPE_GIRARDEAU,2012,80.1,global_mean,146.2394847020934
MO_CARROLL,2012,84.4,global_mean,146.2394847020934
MO_CASS,2012,48.5,global_mean,146.2394847020934
MO_CHARITON,2012,57.2,global_mean,146.2394847020934
MO_CLARK,2012,68.6,global_mean,146.2394847020934
MO_CLAY,2012,86.7,global_mean,146.2394847020934
MO_CLINTON,2012,57.6,global_mean,146.2394847020934
MO_COLE,2012,73.1,global_mean,146.2394847020934
MO_COOPER,2012,57.2,global_mean,146.2394847020934
MO_DADE,2012,87.9,global_mean,146.2394847020934
MO_DUNKLIN,2012,155.3,global_mean,146.2394847020934
MO_FRANKLIN,2012,48.5,global_mean,146.2394847020934
MO_GASCONADE,2012,64.0,global_mean,146.2394847020934
MO_GRUNDY,2012,60.5,global_mean,146.2394847020934
MO_HARRISON,2012,43.8,global_mean,146.2394847020934
MO_HENRY,2012,34.5,global_mean,146.2394847020934
MO_HOLT,2012,129.2,global_mean,146.2394847020934
MO_HOWARD,2012,81.3,global_mean,146.2394847020934
MO_JACKSON,2012,75.2,global_mean,146.2394847020934
MO_JASPER,2012,61.6,global_mean,146.2394847020934
MO_JEFFERSON,2012,44.7,global_mean,146.2394847020934
MO_JOHNSON,2012,56.6,global_mean,146.2394847020934
MO_KNOX,2012,40.6,global_mean,146.2394847020934
MO_LAFAYETTE,2012,80.1,global_mean,146.2394847020934
MO_LAWRENCE,2012,70.2,global_mean,146.2394847020934
MO_LEWIS,2012,41.0,global_mean,146.2394847020934
MO_LINCOLN,2012,44.8,global_mean,146.2394847020934
MO_LINN,2012,51.3,global_mean,146.2394847020934
MO_LIVINGSTON,2012,50.1,global_mean,146.2394847020934
MO_MACON,2012,45.4,global_mean,146.2394847020934
MO_MARION,2012,66.7,global_mean,146.2394847020934
MO_MISSISSIPPI,2012,131.3,global_mean,146.2394847020934
MO_MONITEAU,2012,43.9,global_mean,146.2394847020934
MO_MONROE,2012,22.3,global_mean,146.2394847020934
MO_MONTGOMERY,2012,31.1,global_mean,146.2394847020934
MO_MORGAN,2012,40.5,global_mean,146.2394847020934
MO_NEW_MADRID,2012,159.1,global_mean,146.2394847020934
MO_NODAWAY,2012,88.1,global_mean,146.2394847020934
MO_PEMISCOT,2012,160.1,global_mean,146.2394847020934
MO_PERRY,2012,60.7,global_mean,146.2394847020934
MO_PETTIS,2012,42.1,global_mean,146.2394847020934
MO_PIKE,2012,43.0,global_mean,146.2394847020934
MO_PLATTE,2012,83.7,global_mean,146.2394847020934
MO_PUTNAM,2012,65.6,global_mean,146.2394847020934
MO_RALLS,2012,40.7,global_mean,146.2394847020934
MO_RANDOLPH,2012,39.5,global_mean,146.2394847020934
MO_RAY,2012,87.7,global_mean,146.2394847020934
MO_SALINE,2012,84.3,global_mean,146.2394847020934
MO_SCOTLAND,2012,60.6,global_mean,146.2394847020934
MO_SCOTT,2012,139.2,global_mean,146.2394847020934
MO_SHELBY,2012,35.5,global_mean,146.2394847020934
MO_STODDARD,2012,129.6,global_mean,146.2394847020934
MO_SULLIVAN,2012,45.9,global_mean,146.2394847020934
MO_VERNON,2012,67.7,global_mean,146.2394847020934
MO_WARREN,2012,50.0,global_mean,146.2394847020934
MO_WAYNE,2012,53.8,global_mean,146.2394847020934
MO_WORTH,2012,60.4,global_mean,146.2394847020934
OH_ADAMS,2012,80.5,global_mean,146.2394847020934
OH_ALLEN,2012,111.1,global_mean,146.2394847020934
OH_ASHLAND,2012,118.3,global_mean,146.2394847020934
OH_ASHTABULA,2012,132.6,global_mean,146.2394847020934
OH_AUGLAIZE,2012,104.5,global_mean,146.2394847020934
OH_BELMONT,2012,96.7,global_mean,146.2394847020934
OH_BROWN,2012,123.8,global_mean,146.2394847020934
OH_BUTLER,2012,64.5,global_mean,146.2394847020934
OH_CHAMPAIGN,2012,121.9,global_mean,146.2394847020934
OH_CLARK,2012,138.3,global_mean,146.2394847020934
OH_CLERMONT,2012,115.2,global_mean,146.2394847020934
OH_CLINTON,2012,145.1,global_mean,146.2394847020934
OH_COLUMBIANA,2012,129.3,global_mean,146.2394847020934
OH_COSHOCTON,2012,114.3,global_mean,146.2394847020934
OH_CRAWFORD,2012,131.7,global_mean,146.2394847020934
OH_DARKE,2012,100.1,global_mean,146.2394847020934
OH_DEFIANCE,2012,80.2,global_mean,146.2394847020934
OH_DELAWARE,2012,132.8,global_mean,146.2394847020934
OH_ERIE,2012,141.4,global_mean,146.2394847020934
OH_FAIRFIELD,2012,105.7,global_mean,146.2394847020934
OH_FAYETTE,2012,125.8,global_mean,146.2394847020934
OH_FULTON,2012,118.4,global_mean,146.2394847020934
OH_GREENE,2012,142.0,global_mean,146.2394847020934
OH_GUERNSEY,2012,122.1,global_mean,146.2394847020934
OH_HAMILTON,2012,98.2,global_mean,146.2394847020934
OH_HANCOCK,2012,140.4,global_mean,146.2394847020934
OH_HARDIN,2012,134.4,global_mean,146.2394847020934
OH_HARRISON,2012,106.2,global_mean,146.2394847020934
OH_HENRY,2012,98.6,global_mean,146.2394847020934
OH_HIGHLAND,2012,118.4,global_mean,146.2394847020934
OH_HOCKING,2012,110.0,global_mean,146.2394847020934
OH_HOLMES,2012,127.2,global_mean,146.2394847020934
OH_HURON,2012,139.9,global_mean,146.2394847020934
OH_KNOX,2012,140.1,global_mean,146.2394847020934
OH_LICKING,2012,129.5,global_mean,146.2394847020934
OH_LOGAN,2012,140.5,global_mean,146.2394847020934
OH_LORAIN,2012,148.5,global_mean,146.2394847020934
OH_LUCAS,2012,141.6,global_mean,146.2394847020934
OH_MADISON,2012,140.9,global_mean,146.2394847020934
OH_MAHONING,2012,138.5,global_mean,146.2394847020934
OH_MARION,2012,129.8,global_mean,146.2394847020934
OH_MEDINA,2012,115.2,global_mean,146.2394847020934
OH_MERCER,2012,107.7,global_mean,146.2394847020934
OH_MIAMI,2012,107.4,global_mean,146.2394847020934
OH_MONTGOMERY,2012,67.4,global_mean,146.2394847020934
OH_MORGAN,2012,103.9,global_mean,146.2394847020934
OH_MORROW,2012,144.7,global_mean,146.2394847020934
OH_MUSKINGUM,2012,129.1,global_mean,146.2394847020934
OH_NOBLE,2012,111.2,global_mean,146.2394847020934
OH_OTTAWA,2012,154.0,global_mean,146.2394847020934
OH_PAULDING,2012,89.4,global_mean,146.2394847020934
OH_PERRY,2012,101.7,global_mean,146.2394847020934
OH_PICKAWAY,2012,93.9,global_mean,146.2394847020934
OH_PORTAGE,2012,138.0,global_mean,146.2394847020934
OH_PREBLE,2012,75.0,global_mean,146.2394847020934
OH_PUTNAM,2012,114.0,global_mean,146.2394847020934
OH_RICHLAND,2012,122.5,global_mean,146.2394847020934
OH_SANDUSKY,2012,143.8,global_mean,146.2394847020934
OH_SENECA,2012,114.4,global_mean,146.2394847020934
OH_SHELBY,2012,132.7,global_mean,146.2394847020934
OH_STARK,2012,118.5,global_mean,146.2394847020934
OH_SUMMIT,2012,102.9,global_mean,146.2394847020934
OH_TRUMBULL,2012,141.4,global_mean,146.2394847020934
OH_TUSCARAWAS,2012,110.2,global_mean,146.2394847020934
OH_UNION,2012,135.5,global_mean,146.2394847020934
OH_VAN_WERT,2012,119.5,global_mean,146.2394847020934
OH_WARREN,2012,127.2,global_mean,146.2394847020934
OH_WAYNE,2012,125.9,global_mean,146.2394847020934
OH_WILLIAMS,2012,96.1,global_mean,146.2394847020934
OH_WOOD,2012,133.1,global_mean,146.2394847020934
OH_WYANDOT,2012,123.2,global_mean,146.2394847020934
WI_ADAMS,2012,104.3,global_mean,146.2394847020934
WI_BUFFALO,2012,146.1,global_mean,146.2394847020934
WI_COLUMBIA,2012,109.7,global_mean,146.2394847020934
WI_CRAWFORD,2012,126.8,global_mean,146.2394847020934
WI_DANE,2012,110.9,global_mean,146.2394847020934
WI_DODGE,2012,140.1,global_mean,146.2394847020934
WI_DUNN,2012,135.8,global_mean,146.2394847020934
WI_EAU_CLAIRE,2012,116.0,global_mean,146.2394847020934
WI_FOND_DU_LAC,2012,120.4,global_mean,146.2394847020934
WI_GRANT,2012,104.7,global_mean,146.2394847020934
WI_GREEN,2012,76.0,global_mean,146.2394847020934
WI_GREEN_LAKE,2012,97.3,global_mean,146.2394847020934
WI_IOWA,2012,87.7,global_mean,146.2394847020934
WI_JACKSON,2012,116.1,global_mean,146.2394847020934
WI_JEFFERSON,2012,114.5,global_mean,146.2394847020934
WI_JUNEAU,2012,105.6,global_mean,146.2394847020934
WI_KENOSHA,2012,127.3,global_mean,146.2394847020934
WI_LAFAYETTE,2012,77.6,global_mean,146.2394847020934
WI_LANGLADE,2012,127.9,global_mean,146.2394847020934
WI_LA_CROSSE,2012,137.1,global_mean,146.2394847020934
WI_MARINETTE,2012,130.6,global_mean,146.2394847020934
WI_MARQUETTE,2012,60.0,global_mean,146.2394847020934
WI_MILWAUKEE,2012,125.0,global_mean,146.2394847020934
WI_MONROE,2012,122.6,global_mean,146.2394847020934
WI_OCONTO,2012,156.7,global_mean,146.2394847020934
WI_OUTAGAMIE,2012,154.3,global_mean,146.2394847020934
WI_OZAUKEE,2012,132.5,global_mean,146.2394847020934
WI_PEPIN,2012,144.9,global_mean,146.2394847020934
WI_PORTAGE,2012,118.4,global_mean,146.2394847020934
WI_RACINE,2012,132.2,global_mean,146.2394847020934
WI_RICHLAND,2012,110.0,global_mean,146.2394847020934
WI_ROCK,2012,101.7,global_mean,146.2394847020934
WI_SAUK,2012,113.0,global_mean,146.2394847020934
WI_SHEBOYGAN,2012,135.9,global_mean,146.2394847020934
WI_TREMPEALEAU,2012,126.8,global_mean,146.2394847020934
WI_VERNON,2012,127.4,global_mean,146.2394847020934
WI_WALWORTH,2012,102.0,global_mean,146.2394847020934
WI_WASHINGTON,2012,93.7,global_mean,146.2394847020934
WI_WAUKESHA,2012,96.7,global_mean,146.2394847020934
WI_WAUSHARA,2012,118.1,global_mean,146.2394847020934
WI_WINNEBAGO,2012,109.8,global_mean,146.2394847020934
IA_ADAIR,2012,104.4,county_trend,168.89999999999995
IA_ADAMS,2012,109.8,county_trend,161.2560606060607
IA_ALLAMAKEE,2012,153.6,county_trend,182.57272727272735
IA_APPANOOSE,2012,44.5,county_trend,121.89242424242425
IA_AUDUBON,2012,114.8,county_trend,188.77727272727276
IA_BENTON,2012,129.3,county_trend,179.58939393939391
IA_BLACK_HAWK,2012,126.4,county_trend,183.98030303030296
IA_BOONE,2012,147.1,county_trend,182.7318181818182
IA_BREMER,2012,133.3,county_trend,191.36060606060607
IA_BUCHANAN,2012,140.4,county_trend,181.27575757575758
IA_BUENA_VISTA,2012,148.2,county_trend,189.89696969696973
IA_BUTLER,2012,122.0,county_trend,191.52121212121213
IA_CALHOUN,2012,134.8,county_trend,185.21060606060612
IA_CARROLL,2012,105.3,county_trend,195.77878787878794
IA_CASS,2012,120.4,county_trend,184.97272727272727
IA_CEDAR,2012,158.9,county_trend,187.4257575757576
IA_CERRO_GORDO,2012,124.8,county_trend,177.62121212121215
IA_CHEROKEE,2012,158.7,county_trend,199.43939393939397
IA_CHICKASAW,2012,125.8,county_trend,187.18787878787884
IA_CLARKE,2012,76.7,county_trend,115.41363636363643
IA_CLAY,2012,170.1,county_trend,189.8257575757576
IA_CLAYTON,2012,152.9,county_trend,185.95000000000002
IA_CLINTON,2012,139.6,county_trend,183.3803030303031
IA_CRAWFORD,2012,131.3,county_trend,198.05000000000007
IA_DALLAS,2012,129.0,county_trend,176.48030303030308
IA_DAVIS,2012,52.4,county_trend,113.26212121212129
IA_DECATUR,2012,61.2,county_trend,126.32727272727277
IA_DELAWARE,2012,129.8,county_trend,183.39545454545453
IA_DES_MOINES,2012,143.7,county_trend,159.05303030303028
IA_DICKINSON,2012,160.9,county_trend,185.03939393939396
IA_DUBUQUE,2012,149.4,county_trend,184.96363636363637
IA_EMMET,2012,166.6,county_trend,187.83484848484852
IA_FAYETTE,2012,151.0,county_trend,178.08484848484858
IA_FLOYD,2012,123.2,county_trend,185.0318181818182
IA_FRANKLIN,2012,150.0,county_trend,183.66212121212118
IA_FREMONT,2012,131.2,county_trend,169.2015151515152
IA_GREENE,2012,124.6,county_trend,186.42424242424246
IA_GRUNDY,2012,161.5,county_trend,190.18333333333337
IA_GUTHRIE,2012,113.4,county_trend,172.60454545454544
IA_HAMILTON,2012,138.0,county_trend,177.24090909090907
IA_HANCOCK,2012,143.3,county_trend,186.08333333333334
IA_HARDIN,2012,163.6,county_trend,185.05303030303037
IA_HARRISON,2012,130.9,county_trend,180.49090909090913
IA_HENRY,2012,132.0,county_trend,144.59848484848484
IA_HOWARD,2012,137.8,county_trend,191.10000000000008
IA_HUMBOLDT,2012,146.1,county_trend,184.33181818181816
IA_IDA,2012,151.4,county_trend,203.79090909090917
IA_IOWA,2012,135.7,county_trend,177.58787878787882
IA_JACKSON,2012,114.6,county_trend,173.45909090909092
IA_JASPER,2012,150.9,county_trend,179.1651515151515
IA_JEFFERSON,2012,102.8,county_trend,134.12575757575766
IA_JOHNSON,2012,132.4,county_trend,169.98939393939395
IA_JONES,2012,127.3,county_trend,180.29090909090914
IA_KEOKUK,2012,113.0,county_trend,150.85909090909084
IA_KOSSUTH,2012,164.6,county_trend,192.43787878787884
IA_LEE,2012,116.0,county_trend,135.48939393939398
IA_LINN,2012,124.2,county_trend,180.769696969697
IA_LOUISA,2012,162.9,county_trend,158.44242424242432
IA_LUCAS,2012,85.3,county_trend,111.98636363636363
IA_LYON,2012,161.6,county_trend,197.9818181818182
IA_MADISON,2012,101.4,county_trend,155.70151515151517
IA_MAHASKA,2012,133.0,county_trend,166.06666666666675
IA_MARION,2012,115.1,county_trend,148.53787878787878
IA_MARSHALL,2012,157.6,county_trend,186.96212121212122
IA_MILLS,2012,128.8,county_trend,175.89696969696973
IA_MITCHELL,2012,131.4,county_trend,190.27727272727276
IA_MONONA,2012,115.1,county_trend,176.46212121212125
IA_MONROE,2012,67.3,county_trend,122.79848484848488
IA_MONTGOMERY,2012,132.0,county_trend,171.53484848484848
IA_MUSCATINE,2012,152.6,county_trend,165.03636363636372
IA_OSCEOLA,2012,169.6,county_trend,198.87424242424248
IA_PAGE,2012,116.2,county_trend,157.40909090909096
IA_PALO_ALTO,2012,170.6,county_trend,185.46060606060604
IA_PLYMOUTH,2012,110.1,county_trend,190.9878787878788
IA_POCAHONTAS,2012,165.3,county_trend,188.15757575757573
IA_POLK,2012,149.1,county_trend,163.6878787878788
IA_POTTAWATTAMIE,2012,131.9,county_trend,187.79696969696974
IA_POWESHIEK,2012,152.3,county_trend,180.86212121212122
IA_RINGGOLD,2012,71.6,county_trend,119.86363636363643
IA_SAC,2012,130.7,county_trend,194.14848484848486
IA_SCOTT,2012,131.7,county_trend,173.51969696969698
IA_SHELBY,2012,137.8,county_trend,197.21212121212125
IA_SIOUX,2012,143.2,county_trend,196.08333333333331
IA_STORY,2012,157.6,county_trend,173.70909090909095
IA_TAMA,2012,160.2,county_trend,180.90000000000003
IA_TAYLOR,2012,91.7,county_trend,142.36666666666667
IA_UNION,2012,87.3,county_trend,142.63484848484848
IA_VAN_BUREN,2012,110.3,county_trend,123.55757575757575
IA_WAPELLO,2012,92.6,county_trend,135.9666666666667
IA_WARREN,2012,103.5,county_trend,134.98333333333335
IA_WASHINGTON,2012,132.1,county_trend,165.59848484848484
IA_WAYNE,2012,55.7,county_trend,116.69696969696972
IA_WEBSTER,2012,149.2,county_trend,183.98787878787886
IA_WINNESHIEK,2012,140.6,county_trend,192.83181818181816
IA_WOODBURY,2012,134.8,county_trend,185.09242424242424
IA_WRIGHT,2012,153.7,county_trend,181.35606060606057
IL_ADAMS,2012,76.0,county_trend,141.4045454545455
IL_BOND,2012,33.3,county_trend,146.22424242424245
IL_BROWN,2012,87.0,county_trend,134.18939393939394
IL_BUREAU,2012,145.7,county_trend,185.1348484848485
IL_CALHOUN,2012,93.8,county_trend,168.83333333333337
IL_CARROLL,2012,157.9,county_trend,194.96666666666673
IL_CASS,2012,113.2,county_trend,173.5151515151515
IL_CHAMPAIGN,2012,108.9,county_trend,185.40454545454546
IL_CHRISTIAN,2012,129.2,county_trend,174.50909090909096
IL_CLARK,2012,51.1,county_trend,155.219696969697
IL_CLINTON,2012,30.2,county_trend,151.9227272727273
IL_COLES,2012,89.3,county_trend,168.24848484848485
IL_CRAWFORD,2012,34.7,county_trend,152.0848484848485
IL_CUMBERLAND,2012,34.3,county_trend,159.21363636363634
IL_DE_WITT,2012,134.4,county_trend,184.8045454545455
IL_DOUGLAS,2012,99.4,county_trend,174.64242424242425
IL_EDGAR,2012,96.7,county_trend,171.0257575757576
IL_EDWARDS,2012,40.0,county_trend,149.25000000000003
IL_EFFINGHAM,2012,42.9,county_trend,166.58333333333331
IL_FAYETTE,2012,29.3,county_trend,152.6136363636364
IL_FORD,2012,63.9,county_trend,167.4045454545455
IL_FRANKLIN,2012,30.1,county_trend,132.26060606060608
IL_FULTON,2012,114.5,county_trend,165.72121212121215
IL_GALLATIN,2012,76.7,county_trend,153.65909090909093
IL_GREENE,2012,103.4,county_trend,161.79999999999998
IL_GRUNDY,2012,101.1,county_trend,174.03030303030303
IL_HAMILTON,2012,31.5,county_trend,147.85151515151514
IL_HANCOCK,2012,134.3,county_trend,152.7712121212122
IL_HARDIN,2012,55.7,county_trend,93.26190476190477
IL_HENDERSON,2012,162.6,county_trend,171.60909090909098
IL_HENRY,2012,140.0,county_trend,180.09090909090915
IL_IROQUOIS,2012,105.7,county_trend,168.88636363636365
IL_JACKSON,2012,37.7,county_trend,135.3318181818182
IL_JASPER,2012,28.9,county_trend,152.60909090909092
IL_JERSEY,2012,81.6,county_trend,163.4136363636364
IL_JO_DAVIESS,2012,97.4,county_trend,181.7560606060606
IL_KANE,2012,140.7,county_trend,186.74545454545455
IL_KANKAKEE,2012,119.2,county_trend,169.5151515151515
IL_KENDALL,2012,102.4,county_trend,183.42424242424246
IL_KNOX,2012,160.8,county_trend,180.88030303030303
IL_LEE,2012,142.3,county_trend,180.6090909090909
IL_LIVINGSTON,2012,83.3,county_trend,182.6212121212121
IL_LOGAN,2012,96.5,county_trend,182.00151515151518
IL_MACON,2012,102.8,county_trend,179.65
IL_MACOUPIN,2012,85.7,county_trend,146.3681818181818
IL_MADISON,2012,54.8,county_trend,142.4227272727273
IL_MARION,2012,19.0,county_trend,148.21969696969694
IL_MARSHALL,2012,123.9,county_trend,184.15909090909093
IL_MASON,2012,110.2,county_trend,160.67272727272726
IL_MCDONOUGH,2012,139.0,county_trend,177.92424242424244
IL_MCHENRY,2012,124.4,county_trend,176.53030303030306
IL_MCLEAN,2012,109.5,county_trend,184.6621212121212
IL_MENARD,2012,97.4,county_trend,178.82121212121214
IL_MERCER,2012,180.1,county_trend,172.40000000000003
IL_MONROE,2012,69.6,county_trend,138.65454545454543
IL_MONTGOMERY,2012,73.2,county_trend,156.10454545454544
IL_MORGAN,2012,112.4,county_trend,170.2257575757576
IL_MOULTRIE,2012,115.1,county_trend,175.4318181818182
IL_OGLE,2012,142.9,county_trend,188.11515151515147
IL_PEORIA,2012,161.9,county_trend,178.3060606060606
IL_PERRY,2012,23.3,county_trend,127.13030303030303
IL_PIATT,2012,130.8,county_trend,175.73787878787886
IL_PIKE,2012,90.5,county_trend,150.4833333333333
IL_POPE,2012,47.6,county_trend,164.5476190476191
IL_PULASKI,2012,64.4,county_trend,156.36818181818182
IL_RANDOLPH,2012,45.5,county_trend,132.0924242424243
IL_RICHLAND,2012,26.5,county_trend,138.1560606060606
IL_SALINE,2012,50.0,county_trend,152.3075757575758
IL_SANGAMON,2012,131.3,county_trend,177.61969696969697
IL_SCHUYLER,2012,75.9,county_trend,155.26515151515147
IL_SCOTT,2012,117.3,county_trend,157.2924242424243
IL_SHELBY,2012,72.4,county_trend,169.0409090909091
IL_STARK,2012,148.4,county_trend,185.03787878787884
IL_STEPHENSON,2012,102.8,county_trend,190.18787878787882
IL_TAZEWELL,2012,133.4,county_trend,183.939393939394
IL_UNION,2012,53.3,county_trend,136.56212121212124
IL_VERMILION,2012,100.1,county_trend,175.77121212121216
IL_WABASH,2012,52.1,county_trend,150.99393939393943
IL_WARREN,2012,164.9,county_trend,187.01363636363638
IL_WASHINGTON,2012,21.1,county_trend,143.72878787878787
IL_WAYNE,2012,39.7,county_trend,141.72727272727275
IL_WHITE,2012,69.2,county_trend,157.87575757575758
IL_WHITESIDE,2012,139.8,county_trend,177.90606060606063
IL_WILL,2012,126.0,county_trend,173.99545454545458
IL_WILLIAMSON,2012,33.7,county_trend,146.38484848484853
IL_WINNEBAGO,2012,99.6,county_trend,181.34696969696967
IL_WOODFORD,2012,102.5,county_trend,194.28030303030312
IN_ADAMS,2012,111.8,county_trend,154.89696969696976
IN_ALLEN,2012,109.0,county_trend,158.99848484848488
IN_BARTHOLOMEW,2012,78.8,county_trend,139.54545454545456
IN_BENTON,2012,116.9,county_trend,181.19545454545457
IN_BLACKFORD,2012,119.2,county_trend,161.34090909090912
IN_BOONE,2012,91.6,county_trend,171.17878787878794
IN_BROWN,2012,71.6,county_trend,123.52498245210539
IN_CARROLL,2012,115.5,county_trend,184.87121212121215
IN_CASS,2012,108.0,county_trend,165.33030303030307
IN_CLARK,2012,69.9,county_trend,132.56515151515154
IN_CLAY,2012,61.2,county_trend,150.3348484848485
IN_CLINTON,2012,148.0,county_trend,187.12727272727278
IN_DAVIESS,2012,72.9,county_trend,168.74090909090916
IN_DEARBORN,2012,88.0,county_trend,129.21515151515146
IN_DECATUR,2012,86.1,county_trend,152.78484848484845
IN_DELAWARE,2012,111.5,county_trend,151.59545454545454
IN_DUBOIS,2012,62.1,county_trend,160.46969696969694
IN_ELKHART,2012,92.5,county_trend,162.36909090909086
IN_FAYETTE,2012,74.9,county_trend,152.64090909090913
IN_FLOYD,2012,55.7,county_trend,107.10000000000002
IN_FOUNTAIN,2012,101.9,county_trend,179.77575757575758
IN_FRANKLIN,2012,89.1,county_trend,150.82878787878786
IN_FULTON,2012,127.1,county_trend,170.73181818181826
IN_GIBSON,2012,64.8,county_trend,168.68545454545446
IN_HAMILTON,2012,121.9,county_trend,161.32878787878795
IN_HANCOCK,2012,90.5,county_trend,159.5151515151516
IN_HARRISON,2012,52.2,county_trend,127.95454545454548
IN_HENDRICKS,2012,58.3,county_trend,154.43787878787876
IN_HENRY,2012,92.4,county_trend,165.53636363636363
IN_HOWARD,2012,154.2,county_trend,180.97121212121215
IN_HUNTINGTON,2012,108.3,county_trend,163.8166666666667
IN_JACKSON,2012,81.3,county_trend,129.23030303030305
IN_JASPER,2012,144.6,county_trend,171.9984848484849
IN_JAY,2012,107.7,county_trend,151.13636363636365
IN_JENNINGS,2012,89.2,county_trend,132.32272727272726
IN_JOHNSON,2012,58.1,county_trend,138.09393939393942
IN_KNOX,2012,71.4,county_trend,169.6245454545453
IN_KOSCIUSKO,2012,104.0,county_trend,164.0318181818182
IN_LAGRANGE,2012,96.7,county_trend,135.31060606060606
IN_LAKE,2012,158.7,county_trend,169.21666666666664
IN_LAWRENCE,2012,52.8,county_trend,145.5318181818182
IN_MADISON,2012,119.9,county_trend,168.51969696969695
IN_MARSHALL,2012,97.8,county_trend,165.68333333333334
IN_MARTIN,2012,53.1,county_trend,156.91969696969696
IN_MIAMI,2012,126.8,county_trend,160.75000000000006
IN_MONROE,2012,44.7,county_trend,138.9575757575758
IN_MONTGOMERY,2012,104.5,county_trend,181.7272727272727
IN_MORGAN,2012,42.3,county_trend,139.8287878787879
IN_NEWTON,2012,132.6,county_trend,182.58636363636361
IN_NOBLE,2012,105.7,county_trend,146.39090909090913
IN_ORANGE,2012,30.1,county_trend,154.43939393939397
IN_OWEN,2012,41.0,county_trend,135.2742424242424
IN_PARKE,2012,64.2,county_trend,164.7060606060606
IN_PIKE,2012,57.8,county_trend,156.91454545454545
IN_PORTER,2012,165.7,county_trend,170.30757575757576
IN_POSEY,2012,75.2,county_trend,159.17575757575756
IN_PULASKI,2012,110.9,county_trend,167.5136363636364
IN_PUTNAM,2012,61.4,county_trend,159.81060606060606
IN_RANDOLPH,2012,94.0,county_trend,155.50454545454545
IN_RIPLEY,2012,101.3,county_trend,134.0787878787879
IN_RUSH,2012,79.6,county_trend,158.22878787878787
IN_SCOTT,2012,107.5,county_trend,135.1666666666667
IN_SHELBY,2012,62.4,county_trend,140.17424242424244
IN_SPENCER,2012,69.8,county_trend,151.27727272727276
IN_ST._JOSEPH,2012,133.9,county_trend,164.0727272727273
IN_STARKE,2012,99.7,county_trend,148.3424242424243
IN_STEUBEN,2012,87.4,county_trend,132.4909090909091
IN_TIPPECANOE,2012,112.0,county_trend,178.86818181818185
IN_TIPTON,2012,157.9,county_trend,185.2606060606061
IN_UNION,2012,91.7,county_trend,171.15757575757578
IN_VANDERBURGH,2012,60.4,county_trend,155.38030303030303
IN_VERMILLION,2012,86.3,county_trend,168.68333333333334
IN_VIGO,2012,65.9,county_trend,149.80909090909086
IN_WABASH,2012,105.4,county_trend,172.7663636363636
IN_WARREN,2012,110.4,county_trend,179.00606060606063
IN_WARRICK,2012,51.1,county_trend,149.3636363636364
IN_WASHINGTON,2012,57.5,county_trend,138.31515151515157
IN_WAYNE,2012,79.8,county_trend,149.25454545454548
IN_WELLS,2012,122.0,county_trend,162.55606060606064
IN_WHITE,2012,115.6,county_trend,181.13333333333333
IN_WHITLEY,2012,96.4,county_trend,147.6651515151515
MI_ALLEGAN,2012,119.1,county_trend,165.5075757575758
MI_ARENAC,2012,146.2,county_trend,162.9045454545455
MI_BARRY,2012,121.0,county_trend,150.14545454545456
MI_BAY,2012,161.2,county_trend,171.91212121212124
MI_BERRIEN,2012,143.3,county_trend,163.39242424242428
MI_BRANCH,2012,112.8,county_trend,144.01363636363638
MI_CALHOUN,2012,87.1,county_trend,143.14696969696976
MI_CASS,2012,138.4,county_trend,172.0257575757576
MI_CLINTON,2012,149.0,county_trend,152.48484848484853
MI_EATON,2012,124.2,county_trend,150.91363636363636
MI_GENESEE,2012,134.5,county_trend,143.0818181818182
MI_GRATIOT,2012,171.8,county_trend,155.14090909090913
MI_HILLSDALE,2012,112.5,county_trend,145.16818181818184
MI_HURON,2012,144.6,county_trend,187.57272727272732
MI_INGHAM,2012,120.5,county_trend,154.56212121212118
MI_IONIA,2012,140.5,county_trend,162.0606060606061
MI_JACKSON,2012,78.7,county_trend,135.62424242424248
MI_KALAMAZOO,2012,138.2,county_trend,156.92575757575761
MI_KENT,2012,129.9,county_trend,154.33333333333337
MI_LAPEER,2012,150.3,county_trend,147.8439393939394
MI_LENAWEE,2012,100.3,county_trend,158.96212121212122
MI_LIVINGSTON,2012,126.3,county_trend,143.7848484848485
MI_MACOMB,2012,166.5,county_trend,159.26212121212126
MI_MIDLAND,2012,163.1,county_trend,164.22424242424248
MI_MONROE,2012,101.6,county_trend,164.15454545454548
MI_MONTCALM,2012,141.4,county_trend,144.43181818181824
MI_MUSKEGON,2012,115.2,county_trend,148.655796178344
MI_NEWAYGO,2012,135.8,county_trend,132.96060606060607
MI_OAKLAND,2012,120.6,county_trend,132.4985714285714
MI_OCEANA,2012,124.9,county_trend,137.15698529411762
MI_OTTAWA,2012,111.2,county_trend,151.35454545454547
MI_SAGINAW,2012,155.8,county_trend,161.1969696969697
MI_SANILAC,2012,158.7,county_trend,170.70757575757582
MI_SHIAWASSEE,2012,139.2,county_trend,151.24696969696973
MI_TUSCOLA,2012,160.3,county_trend,171.00454545454548
MI_VAN_BUREN,2012,133.7,county_trend,169.61060606060613
MI_WASHTENAW,2012,73.3,county_trend,144.92424242424244
MI_WAYNE,2012,83.5,county_trend,145.53142857142853
MN_BLUE_EARTH,2012,170.5,county_trend,185.31969696969696
MN_BROWN,2012,158.4,county_trend,184.67272727272726
MN_CHIPPEWA,2012,179.5,county_trend,169.85454545454547
MN_FILLMORE,2012,171.1,county_trend,190.25151515151515
MN_GOODHUE,2012,186.6,county_trend,190.22121212121212
MN_HOUSTON,2012,171.3,county_trend,182.82575757575756
MN_MARTIN,2012,170.7,county_trend,193.16969696969704
MN_MURRAY,2012,150.7,county_trend,186.75000000000003
MN_NICOLLET,2012,160.1,county_trend,177.6833333333334
MN_NOBLES,2012,155.5,county_trend,190.5212121212121
MN_PIPESTONE,2012,143.6,county_trend,169.8939393939394
MN_REDWOOD,2012,164.1,county_trend,179.73030303030302
MN_RENVILLE,2012,173.6,county_trend,174.95
MN_ROCK,2012,156.8,county_trend,191.77272727272728
MN_WABASHA,2012,187.4,county_trend,188.689393939394
MN_WINONA,2012,177.5,county_trend,186.15757575757578
MN_YELLOW_MEDICINE,2012,146.5,county_trend,167.50909090909093
MO_ADAIR,2012,43.6,county_trend,112.58939393939397
MO_ANDREW,2012,71.0,county_trend,135.99181818181813
MO_ATCHISON,2012,106.0,county_trend,169.15909090909096
MO_AUDRAIN,2012,33.4,county_trend,123.00303030303034
MO_BARTON,2012,71.6,county_trend,100.52272727272735
MO_BENTON,2012,43.4,county_trend,115.6969696969697
MO_BOLLINGER,2012,107.0,county_trend,127.64848484848491
MO_BOONE,2012,41.1,county_trend,115.32121212121214
MO_BUCHANAN,2012,112.3,county_trend,146.9333333333334
MO_BUTLER,2012,156.9,county_trend,143.69242424242424
MO_CALDWELL,2012,41.1,county_trend,118.64848484848483
MO_CALLAWAY,2012,41.8,county_trend,136.10303030303032
MO_CAPE_GIRARDEAU,2012,80.1,county_trend,139.00303030303039
MO_CARROLL,2012,84.4,county_trend,134.94393939393942
MO_CASS,2012,48.5,county_trend,109.63030303030303
MO_CHARITON,2012,57.2,county_trend,129.16515151515154
MO_CLARK,2012,68.6,county_trend,117.17272727272731
MO_CLAY,2012,86.7,county_trend,144.8060606060606
MO_CLINTON,2012,57.6,county_trend,147.7772727272727
MO_COLE,2012,73.1,county_trend,142.64393939393938
MO_COOPER,2012,57.2,county_trend,124.03484848484851
MO_DADE,2012,87.9,county_trend,87.69090909090909
MO_DUNKLIN,2012,155.3,county_trend,164.3890909090909
MO_FRANKLIN,2012,48.5,county_trend,134.12727272727275
MO_GASCONADE,2012,64.0,county_trend,120.87575757575763
MO_GRUNDY,2012,60.5,county_trend,125.01363636363641
MO_HARRISON,2012,43.8,county_trend,115.31969696969698
MO_HENRY,2012,34.5,county_trend,83.39696969696969
MO_HOLT,2012,129.2,county_trend,162.6363636363637
MO_HOWARD,2012,81.3,county_trend,133.4515151515152
MO_JACKSON,2012,75.2,county_trend,138.21666666666667
MO_JASPER,2012,61.6,county_trend,88.26969696969697
MO_JEFFERSON,2012,44.7,county_trend,127.6818181818182
MO_JOHNSON,2012,56.6,county_trend,118.91666666666667
MO_KNOX,2012,40.6,county_trend,127.94818181818181
MO_LAFAYETTE,2012,80.1,county_trend,154.0954545454546
MO_LAWRENCE,2012,70.2,county_trend,111.70999999999997
MO_LEWIS,2012,41.0,county_trend,108.58030303030304
MO_LINCOLN,2012,44.8,county_trend,123.09090909090914
MO_LINN,2012,51.3,county_trend,127.8045454545455
MO_LIVINGSTON,2012,50.1,county_trend,127.04393939393941
MO_MACON,2012,45.4,county_trend,137.2999999999999
MO_MARION,2012,66.7,county_trend,128.32272727272726
MO_MISSISSIPPI,2012,131.3,county_trend,165.00909090909084
MO_MONITEAU,2012,43.9,county_trend,117.12999999999992
MO_MONROE,2012,22.3,county_trend,107.45909090909095
MO_MONTGOMERY,2012,31.1,county_trend,105.89090909090909
MO_MORGAN,2012,40.5,county_trend,97.36666666666667
MO_NEW_MADRID,2012,159.1,county_trend,171.5227272727273
MO_NODAWAY,2012,88.1,county_trend,134.73939393939395
MO_PEMISCOT,2012,160.1,county_trend,156.63999999999996
MO_PERRY,2012,60.7,county_trend,132.1787878787879
MO_PETTIS,2012,42.1,county_trend,110.3409090909091
MO_PIKE,2012,43.0,county_trend,128.41969696969704
MO_PLATTE,2012,83.7,county_trend,154.6436363636363
MO_PUTNAM,2012,65.6,county_trend,115.9227272727273
MO_RALLS,2012,40.7,county_trend,123.04242424242427
MO_RANDOLPH,2012,39.5,county_trend,122.61545454545447
MO_RAY,2012,87.7,county_trend,141.48484848484856
MO_SALINE,2012,84.3,county_trend,154.40303030303025
MO_SCOTLAND,2012,60.6,county_trend,112.66909090909084
MO_SCOTT,2012,139.2,county_trend,166.77575757575755
MO_SHELBY,2012,35.5,county_trend,113.2287878787879
MO_STODDARD,2012,129.6,county_trend,155.5757575757575
MO_SULLIVAN,2012,45.9,county_trend,108.44090909090913
MO_VERNON,2012,67.7,county_trend,130.7454545454545
MO_WARREN,2012,50.0,county_trend,124.51818181818187
MO_WAYNE,2012,53.8,county_trend,99.7891025641025
MO_WORTH,2012,60.4,county_trend,114.9878787878788
OH_ADAMS,2012,80.5,county_trend,134.57272727272732
OH_ALLEN,2012,111.1,county_trend,156.2969696969697
OH_ASHLAND,2012,118.3,county_trend,158.64848484848486
OH_ASHTABULA,2012,132.6,county_trend,151.64545454545458
OH_AUGLAIZE,2012,104.5,county_trend,159.18030303030304
OH_BELMONT,2012,96.7,county_trend,42.97118644067805
OH_BROWN,2012,123.8,county_trend,152.35454545454547
OH_BUTLER,2012,64.5,county_trend,146.87727272727275
OH_CHAMPAIGN,2012,121.9,county_trend,168.48484848484853
OH_CLARK,2012,138.3,county_trend,175.31666666666666
OH_CLERMONT,2012,115.2,county_trend,161.09242424242427
OH_CLINTON,2012,145.1,county_trend,173.09545454545457
OH_COLUMBIANA,2012,129.3,county_trend,155.5681818181818
OH_COSHOCTON,2012,114.3,county_trend,163.33484848484846
OH_CRAWFORD,2012,131.7,county_trend,177.71666666666667
OH_DARKE,2012,100.1,county_trend,155.24090909090907
OH_DEFIANCE,2012,80.2,county_trend,141.66969696969701
OH_DELAWARE,2012,132.8,county_trend,165.869696969697
OH_ERIE,2012,141.4,county_trend,168.53333333333336
OH_FAIRFIELD,2012,105.7,county_trend,165.73333333333338
OH_FAYETTE,2012,125.8,county_trend,172.45090909090905
OH_FULTON,2012,118.4,county_trend,169.3424242424243
OH_GREENE,2012,142.0,county_trend,186.61515151515155
OH_GUERNSEY,2012,122.1,county_trend,135.1450911640953
OH_HAMILTON,2012,98.2,county_trend,150.86515151515152
OH_HANCOCK,2012,140.4,county_trend,162.35454545454547
OH_HARDIN,2012,134.4,county_trend,166.8454545454546
OH_HARRISON,2012,106.2,county_trend,137.2945454545454
OH_HENRY,2012,98.6,county_trend,164.33484848484852
OH_HIGHLAND,2012,118.4,county_trend,155.48636363636365
OH_HOCKING,2012,110.0,county_trend,144.4316269284712
OH_HOLMES,2012,127.2,county_trend,166.4424242424243
OH_HURON,2012,139.9,county_trend,168.27727272727273
OH_KNOX,2012,140.1,county_trend,156.39545454545456
OH_LICKING,2012,129.5,county_trend,160.46818181818182
OH_LOGAN,2012,140.5,county_trend,166.78484848484848
OH_LORAIN,2012,148.5,county_trend,155.47727272727275
OH_LUCAS,2012,141.6,county_trend,170.080303030303
OH_MADISON,2012,140.9,county_trend,175.10757575757575
OH_MAHONING,2012,138.5,county_trend,145.8575757575758
OH_MARION,2012,129.8,county_trend,172.38333333333335
OH_MEDINA,2012,115.2,county_trend,157.5484848484849
OH_MERCER,2012,107.7,county_trend,156.2212121212122
OH_MIAMI,2012,107.4,county_trend,163.79242424242426
OH_MONTGOMERY,2012,67.4,county_trend,143.39545454545458
OH_MORGAN,2012,103.9,county_trend,133.93787878787882
OH_MORROW,2012,144.7,county_trend,159.41515151515154
OH_MUSKINGUM,2012,129.1,county_trend,162.80303030303037
OH_NOBLE,2012,111.2,county_trend,80.05945945945948
OH_OTTAWA,2012,154.0,county_trend,169.39545454545458
OH_PAULDING,2012,89.4,county_trend,150.7348484848485
OH_PERRY,2012,101.7,county_trend,161.80606060606058
OH_PICKAWAY,2012,93.9,county_trend,161.13787878787878
OH_PORTAGE,2012,138.0,county_trend,139.19733520336595
OH_PREBLE,2012,75.0,county_trend,151.33939393939397
OH_PUTNAM,2012,114.0,county_trend,159.81515151515154
OH_RICHLAND,2012,122.5,county_trend,156.39545454545458
OH_SANDUSKY,2012,143.8,county_trend,166.28030303030303
OH_SENECA,2012,114.4,county_trend,161.22424242424245
OH_SHELBY,2012,132.7,county_trend,162.10454545454547
OH_STARK,2012,118.5,county_trend,160.2075757575758
OH_SUMMIT,2012,102.9,county_trend,134.2833333333333
OH_TRUMBULL,2012,141.4,county_trend,158.5984848484849
OH_TUSCARAWAS,2012,110.2,county_trend,165.67575757575764
OH_UNION,2012,135.5,county_trend,170.07878787878792
OH_VAN_WERT,2012,119.5,county_trend,147.2878787878788
OH_WARREN,2012,127.2,county_trend,162.8621212121212
OH_WAYNE,2012,125.9,county_trend,157.2954545454546
OH_WILLIAMS,2012,96.1,county_trend,153.4984848484849
OH_WOOD,2012,133.1,county_trend,170.7378787878788
OH_WYANDOT,2012,123.2,county_trend,169.69848484848487
WI_ADAMS,2012,104.3,county_trend,157.90303030303028
WI_BUFFALO,2012,146.1,county_trend,159.1787878787879
WI_COLUMBIA,2012,109.7,county_trend,164.6439393939394
WI_CRAWFORD,2012,126.8,county_trend,158.59545454545457
WI_DANE,2012,110.9,county_trend,169.74696969696973
WI_DODGE,2012,140.1,county_trend,167.43939393939394
WI_DUNN,2012,135.8,county_trend,152.57575757575762
WI_EAU_CLAIRE,2012,116.0,county_trend,153.6181818181818
WI_FOND_DU_LAC,2012,120.4,county_trend,172.1636363636364
WI_GRANT,2012,104.7,county_trend,180.5939393939394
WI_GREEN,2012,76.0,county_trend,175.25151515151515
WI_GREEN_LAKE,2012,97.3,county_trend,154.8318181818182
WI_IOWA,2012,87.7,county_trend,185.50151515151515
WI_JACKSON,2012,116.1,county_trend,155.3545454545455
WI_JEFFERSON,2012,114.5,county_trend,164.40454545454548
WI_JUNEAU,2012,105.6,county_trend,153.60909090909092
WI_KENOSHA,2012,127.3,county_trend,169.27424242424243
WI_LAFAYETTE,2012,77.6,county_trend,178.68181818181822
WI_LANGLADE,2012,127.9,county_trend,78.79999999999998
WI_LA_CROSSE,2012,137.1,county_trend,167.0439393939394
WI_MARINETTE,2012,130.6,county_trend,118.14696969696975
WI_MARQUETTE,2012,60.0,county_trend,129.64393939393938
WI_MILWAUKEE,2012,125.0,county_trend,128.63683035714283
WI_MONROE,2012,122.6,county_trend,150.3090909090909
WI_OCONTO,2012,156.7,county_trend,131.9939393939394
WI_OUTAGAMIE,2012,154.3,county_trend,145.57121212121217
WI_OZAUKEE,2012,132.5,county_trend,160.511988011988
WI_PEPIN,2012,144.9,county_trend,159.29090909090914
WI_PORTAGE,2012,118.4,county_trend,152.13636363636363
WI_RACINE,2012,132.2,county_trend,162.02575757575758
WI_RICHLAND,2012,110.0,county_trend,153.02424242424246
WI_ROCK,2012,101.7,county_trend,171.09090909090918
WI_SAUK,2012,113.0,county_trend,154.17272727272731
WI_SHEBOYGAN,2012,135.9,county_trend,147.84696969696972
WI_TREMPEALEAU,2012,126.8,county_trend,155.239393939394
WI_VERNON,2012,127.4,county_trend,159.85303030303035
WI_WALWORTH,2012,102.0,county_trend,170.09999999999997
WI_WASHINGTON,2012,93.7,county_trend,154.76212121212126
WI_WAUKESHA,2012,96.7,county_trend,151.17878787878792
WI_WAUSHARA,2012,118.1,county_trend,156.41818181818184
WI_WINNEBAGO,2012,109.8,county_trend,145.7878787878788
IA_ADAIR,2012,104.4,ridge,161.87441847631442
IA_ADAMS,2012,109.8,ridge,161.40301538015387
IA_ALLAMAKEE,2012,153.6,ridge,162.33326559794037
IA_APPANOOSE,2012,44.5,ridge,160.86862897658622
IA_AUDUBON,2012,114.8,ridge,162.45350296170446
IA_BENTON,2012,129.3,ridge,162.87934023757788
IA_BLACK_HAWK,2012,126.4,ridge,163.4840198102564
IA_BOONE,2012,147.1,ridge,160.50671329222453
IA_BREMER,2012,133.3,ridge,163.0260025437462
IA_BUCHANAN,2012,140.4,ridge,163.79200685346757
IA_BUENA_VISTA,2012,148.2,ridge,162.39428511385933
IA_BUTLER,2012,122.0,ridge,162.48172714003414
IA_CALHOUN,2012,134.8,ridge,160.8022659689758
IA_CARROLL,2012,105.3,ridge,161.3200517813998
IA_CASS,2012,120.4,ridge,162.15802983341297
IA_CEDAR,2012,158.9,ridge,159.05626841348553
IA_CERRO_GORDO,2012,124.8,ridge,162.43403245903232
IA_CHEROKEE,2012,158.7,ridge,163.88214575759818
IA_CHICKASAW,2012,125.8,ridge,163.53084251202782
IA_CLARKE,2012,76.7,ridge,162.33965460026732
IA_CLAY,2012,170.1,ridge,162.4110008590526
IA_CLAYTON,2012,152.9,ridge,161.6971018298471
IA_CLINTON,2012,139.6,ridge,160.8503423799345
IA_CRAWFORD,2012,131.3,ridge,162.17578843629542
IA_DALLAS,2012,129.0,ridge,160.84106299799743
IA_DAVIS,2012,52.4,ridge,157.22425283869407
IA_DECATUR,2012,61.2,ridge,161.10560155534918
IA_DELAWARE,2012,129.8,ridge,163.272370383753
IA_DES_MOINES,2012,143.7,ridge,155.0318252556184
IA_DICKINSON,2012,160.9,ridge,163.35978062611576
IA_DUBUQUE,2012,149.4,ridge,160.840793365643
IA_EMMET,2012,166.6,ridge,162.10882530720195
IA_FAYETTE,2012,151.0,ridge,162.67886730940185
IA_FLOYD,2012,123.2,ridge,162.79367474677048
IA_FRANKLIN,2012,150.0,ridge,161.83141896707141
IA_FREMONT,2012,131.2,ridge,159.60041520035756
IA_GREENE,2012,124.6,ridge,160.692372958437
IA_GRUNDY,2012,161.5,ridge,163.86558767521035
IA_GUTHRIE,2012,113.4,ridge,161.45120427797082
IA_HAMILTON,2012,138.0,ridge,161.5013980341176
IA_HANCOCK,2012,143.3,ridge,162.18859070132143
IA_HARDIN,2012,163.6,ridge,162.00600715155113
IA_HARRISON,2012,130.9,ridge,162.30825328863352
IA_HENRY,2012,132.0,ridge,156.153256321179
IA_HOWARD,2012,137.8,ridge,164.27051262120355
IA_HUMBOLDT,2012,146.1,ridge,160.37048421573022
IA_IDA,2012,151.4,ridge,162.91634360498887
IA_IOWA,2012,135.7,ridge,160.59918207460888
IA_JACKSON,2012,114.6,ridge,159.8794761673807
IA_JASPER,2012,150.9,ridge,163.3538050401511
IA_JEFFERSON,2012,102.8,ridge,157.89841802566548
IA_JOHNSON,2012,132.4,ridge,158.28713011277497
IA_JONES,2012,127.3,ridge,161.25763545664472
IA_KEOKUK,2012,113.0,ridge,160.6515145918019
IA_KOSSUTH,2012,164.6,ridge,161.85899888758752
IA_LEE,2012,116.0,ridge,154.6666644511326
IA_LINN,2012,124.2,ridge,161.88776936368046
IA_LOUISA,2012,162.9,ridge,155.58171319578133
IA_LUCAS,2012,85.3,ridge,161.91952863106627
IA_LYON,2012,161.6,ridge,166.1251616599629
IA_MADISON,2012,101.4,ridge,161.58996116220106
IA_MAHASKA,2012,133.0,ridge,160.6885684439128
IA_MARION,2012,115.1,ridge,161.0877915629458
IA_MARSHALL,2012,157.6,ridge,163.24599848016396
IA_MILLS,2012,128.8,ridge,160.91615047556985
IA_MITCHELL,2012,131.4,ridge,164.2037491549642
IA_MONONA,2012,115.1,ridge,162.36411179581984
IA_MONROE,2012,67.3,ridge,160.009355555591
IA_MONTGOMERY,2012,132.0,ridge,160.7781215430675
IA_MUSCATINE,2012,152.6,ridge,156.510842918262
IA_OSCEOLA,2012,169.6,ridge,164.55257457001113
IA_PAGE,2012,116.2,ridge,159.41185218887506
IA_PALO_ALTO,2012,170.6,ridge,161.1023154753017
IA_PLYMOUTH,2012,110.1,ridge,165.6611339163826
IA_POCAHONTAS,2012,165.3,ridge,160.5941180242337
IA_POLK,2012,149.1,ridge,161.71857517956383
IA_POTTAWATTAMIE,2012,131.9,ridge,162.08276211826683
IA_POWESHIEK,2012,152.3,ridge,163.04751364836045
IA_RINGGOLD,2012,71.6,ridge,160.1918910216474
IA_SAC,2012,130.7,ridge,161.79576613273267
IA_SCOTT,2012,131.7,ridge,160.11800735981362
IA_SHELBY,2012,137.8,ridge,162.55254332886517
IA_SIOUX,2012,143.2,ridge,166.40906352433504
IA_STORY,2012,157.6,ridge,161.53213435262896
IA_TAMA,2012,160.2,ridge,162.82388566807276
IA_TAYLOR,2012,91.7,ridge,159.9829528631786
IA_UNION,2012,87.3,ridge,161.38958677719623
IA_VAN_BUREN,2012,110.3,ridge,156.1919902637761
IA_WAPELLO,2012,92.6,ridge,159.06909724451813
IA_WARREN,2012,103.5,ridge,161.97921810168563
IA_WASHINGTON,2012,132.1,ridge,156.67328586346395
IA_WAYNE,2012,55.7,ridge,161.73380559389767
IA_WEBSTER,2012,149.2,ridge,160.65887985979433
IA_WINNESHIEK,2012,140.6,ridge,162.96021158645024
IA_WOODBURY,2012,134.8,ridge,163.5377005888061
IA_WRIGHT,2012,153.7,ridge,161.25978760131164
IL_ADAMS,2012,76.0,ridge,146.19095210804565
IL_BOND,2012,33.3,ridge,145.2243151582451
IL_BROWN,2012,87.0,ridge,147.1070310742281
IL_BUREAU,2012,145.7,ridge,161.290334104085
IL_CALHOUN,2012,93.8,ridge,144.061605997856
IL_CARROLL,2012,157.9,ridge,158.6226160093517
IL_CASS,2012,113.2,ridge,150.81523078519103
IL_CHAMPAIGN,2012,108.9,ridge,163.30310785367269
IL_CHRISTIAN,2012,129.2,ridge,154.1415427692765
IL_CLARK,2012,51.1,ridge,151.77629650175817
IL_CLINTON,2012,30.2,ridge,144.18580268469472
IL_COLES,2012,89.3,ridge,154.67433022292926
IL_CRAWFORD,2012,34.7,ridge,148.4702371542848
IL_CUMBERLAND,2012,34.3,ridge,152.09954298368925
IL_DE_WITT,2012,134.4,ridge,161.63377858102706
IL_DOUGLAS,2012,99.4,ridge,160.19203827436655
IL_EDGAR,2012,96.7,ridge,157.45291086696565
IL_EDWARDS,2012,40.0,ridge,147.20236934471214
IL_EFFINGHAM,2012,42.9,ridge,148.86062706828824
IL_FAYETTE,2012,29.3,ridge,147.97739880550424
IL_FORD,2012,63.9,ridge,167.19933351806077
IL_FRANKLIN,2012,30.1,ridge,147.00004318567358
IL_FULTON,2012,114.5,ridge,152.98659150182226
IL_GALLATIN,2012,76.7,ridge,148.58534718058385
IL_GREENE,2012,103.4,ridge,144.67554806196873
IL_GRUNDY,2012,101.1,ridge,164.27191641185732
IL_HAMILTON,2012,31.5,ridge,147.65631169247982
IL_HANCOCK,2012,134.3,ridge,151.14083515983074
IL_HARDIN,2012,55.7,ridge,147.67582465328482
IL_HENDERSON,2012,162.6,ridge,153.56413633824667
IL_HENRY,2012,140.0,ridge,158.5164950357635
IL_IROQUOIS,2012,105.7,ridge,167.44679974933175
IL_JACKSON,2012,37.7,ridge,143.88141970193186
IL_JASPER,2012,28.9,ridge,148.94303145558615
IL_JERSEY,2012,81.6,ridge,143.41945340382622
IL_JO_DAVIESS,2012,97.4,ridge,156.1872412307255
IL_KANE,2012,140.7,ridge,163.73534818935258
IL_KANKAKEE,2012,119.2,ridge,164.71668283771803
IL_KENDALL,2012,102.4,ridge,163.5952860791654
IL_KNOX,2012,160.8,ridge,155.66522736063138
IL_LEE,2012,142.3,ridge,163.070698690207
IL_LIVINGSTON,2012,83.3,ridge,166.54841231923623
IL_LOGAN,2012,96.5,ridge,158.65565491331654
IL_MACON,2012,102.8,ridge,158.6696168862047
IL_MACOUPIN,2012,85.7,ridge,146.63625881250545
IL_MADISON,2012,54.8,ridge,143.08395410277416
IL_MARION,2012,19.0,ridge,145.93037186313728
IL_MARSHALL,2012,123.9,ridge,160.39003683167735
IL_MASON,2012,110.2,ridge,155.48494367448137
IL_MCDONOUGH,2012,139.0,ridge,152.37657460958349
IL_MCHENRY,2012,124.4,ridge,161.8181462690939
IL_MCLEAN,2012,109.5,ridge,163.86062980981404
IL_MENARD,2012,97.4,ridge,153.33684515870453
IL_MERCER,2012,180.1,ridge,153.9680949330638
IL_MONROE,2012,69.6,ridge,140.23720012824927
IL_MONTGOMERY,2012,73.2,ridge,150.17206343166524
IL_MORGAN,2012,112.4,ridge,149.48059975864263
IL_MOULTRIE,2012,115.1,ridge,157.85720249741112
IL_OGLE,2012,142.9,ridge,162.75538112961073
IL_PEORIA,2012,161.9,ridge,156.99323097231482
IL_PERRY,2012,23.3,ridge,144.06547255351012
IL_PIATT,2012,130.8,ridge,160.82646507429575
IL_PIKE,2012,90.5,ridge,144.83845485727713
IL_POPE,2012,47.6,ridge,146.7626855984952
IL_PULASKI,2012,64.4,ridge,145.81825609518782
IL_RANDOLPH,2012,45.5,ridge,141.59238358978064
IL_RICHLAND,2012,26.5,ridge,147.2580910152997
IL_SALINE,2012,50.0,ridge,148.09779074955983
IL_SANGAMON,2012,131.3,ridge,153.49836742784717
IL_SCHUYLER,2012,75.9,ridge,149.62310106537947
IL_SCOTT,2012,117.3,ridge,147.5218516487581
IL_SHELBY,2012,72.4,ridge,152.96058725938514
IL_STARK,2012,148.4,ridge,160.38448878737827
IL_STEPHENSON,2012,102.8,ridge,161.66399944549042
IL_TAZEWELL,2012,133.4,ridge,158.1074249477075
IL_UNION,2012,53.3,ridge,144.77909311496043
IL_VERMILION,2012,100.1,ridge,163.58667776917866
IL_WABASH,2012,52.1,ridge,148.16313604383288
IL_WARREN,2012,164.9,ridge,154.72839121237195
IL_WASHINGTON,2012,21.1,ridge,144.18266209426827
IL_WAYNE,2012,39.7,ridge,147.20420092503008
IL_WHITE,2012,69.2,ridge,148.34401946789012
IL_WHITESIDE,2012,139.8,ridge,159.15733342236908
IL_WILL,2012,126.0,ridge,164.24411072000376
IL_WILLIAMSON,2012,33.7,ridge,145.91184794851603
IL_WINNEBAGO,2012,99.6,ridge,163.77195946353132
IL_WOODFORD,2012,102.5,ridge,161.66622994573657
IN_ADAMS,2012,111.8,ridge,161.98246945212688
IN_ALLEN,2012,109.0,ridge,162.71479853067137
IN_BARTHOLOMEW,2012,78.8,ridge,153.56944741013658
IN_BENTON,2012,116.9,ridge,163.24961802740117
IN_BLACKFORD,2012,119.2,ridge,162.35591904626506
IN_BOONE,2012,91.6,ridge,158.77902355327595
IN_BROWN,2012,71.6,ridge,147.68175188457758
IN_CARROLL,2012,115.5,ridge,159.96490290234547
IN_CASS,2012,108.0,ridge,159.9798072756676
IN_CLARK,2012,69.9,ridge,151.80338654024686
IN_CLAY,2012,61.2,ridge,149.09101294696788
IN_CLINTON,2012,148.0,ridge,160.0247052525538
IN_DAVIESS,2012,72.9,ridge,145.20186881221017
IN_DEARBORN,2012,88.0,ridge,159.0856857791141
IN_DECATUR,2012,86.1,ridge,160.13568806511688
IN_DELAWARE,2012,111.5,ridge,162.84866674314986
IN_DUBOIS,2012,62.1,ridge,140.65013827064985
IN_ELKHART,2012,92.5,ridge,163.13162752880717
IN_FAYETTE,2012,74.9,ridge,162.09850077102323
IN_FLOYD,2012,55.7,ridge,150.2195520436843
IN_FOUNTAIN,2012,101.9,ridge,156.6112486343924
IN_FRANKLIN,2012,89.1,ridge,160.70484175424482
IN_FULTON,2012,127.1,ridge,161.51716323958183
IN_GIBSON,2012,64.8,ridge,142.43118565170553
IN_HAMILTON,2012,121.9,ridge,159.93356569761596
IN_HANCOCK,2012,90.5,ridge,160.87836061703456
IN_HARRISON,2012,52.2,ridge,148.37099259380815
IN_HENDRICKS,2012,58.3,ridge,156.17945036386925
IN_HENRY,2012,92.4,ridge,162.6169726628613
IN_HOWARD,2012,154.2,ridge,160.63920120650067
IN_HUNTINGTON,2012,108.3,ridge,161.39669083448283
IN_JACKSON,2012,81.3,ridge,149.9722791801628
IN_JASPER,2012,144.6,ridge,157.38210097957037
IN_JAY,2012,107.7,ridge,162.6753227897758
IN_JENNINGS,2012,89.2,ridge,155.34260851183333
IN_JOHNSON,2012,58.1,ridge,155.1794568202625
IN_KNOX,2012,71.4,ridge,144.02469619457236
IN_KOSCIUSKO,2012,104.0,ridge,162.2985220823589
IN_LAGRANGE,2012,96.7,ridge,163.9860215951441
IN_LAKE,2012,158.7,ridge,160.51609407189014
IN_LAWRENCE,2012,52.8,ridge,145.44780735051987
IN_MADISON,2012,119.9,ridge,161.42933307917747
IN_MARSHALL,2012,97.8,ridge,162.9506232272289
IN_MARTIN,2012,53.1,ridge,143.09503212383652
IN_MIAMI,2012,126.8,ridge,160.66013607341188
IN_MONROE,2012,44.7,ridge,148.50849341027293
IN_MONTGOMERY,2012,104.5,ridge,157.8842540313338
IN_MORGAN,2012,42.3,ridge,152.8705855784643
IN_NEWTON,2012,132.6,ridge,157.1819067722515
IN_NOBLE,2012,105.7,ridge,162.58624209637986
IN_ORANGE,2012,30.1,ridge,144.03846482980433
IN_OWEN,2012,41.0,ridge,149.1055750681585
IN_PARKE,2012,64.2,ridge,152.4534967532176
IN_PIKE,2012,57.8,ridge,143.0093433165895
IN_PORTER,2012,165.7,ridge,157.93827747847325
IN_POSEY,2012,75.2,ridge,142.78421734322993
IN_PULASKI,2012,110.9,ridge,155.0022649084473
IN_PUTNAM,2012,61.4,ridge,153.34990676282015
IN_RANDOLPH,2012,94.0,ridge,163.77566985817728
IN_RIPLEY,2012,101.3,ridge,159.08304280282394
IN_RUSH,2012,79.6,ridge,161.57018698549015
IN_SCOTT,2012,107.5,ridge,152.75092802013003
IN_SHELBY,2012,62.4,ridge,158.74718163226112
IN_SPENCER,2012,69.8,ridge,140.72347991216216
IN_ST._JOSEPH,2012,133.9,ridge,163.1278071942591
IN_STARKE,2012,99.7,ridge,155.9928687569459
IN_STEUBEN,2012,87.4,ridge,163.93910683212718
IN_TIPPECANOE,2012,112.0,ridge,160.95809875359288
IN_TIPTON,2012,157.9,ridge,160.93286662067658
IN_UNION,2012,91.7,ridge,162.88719698250466
IN_VANDERBURGH,2012,60.4,ridge,141.74823560088032
IN_VERMILLION,2012,86.3,ridge,152.37459132577536
IN_VIGO,2012,65.9,ridge,148.405774031793
IN_WABASH,2012,105.4,ridge,161.15500796102688
IN_WARREN,2012,110.4,ridge,160.70351646918638
IN_WARRICK,2012,51.1,ridge,139.5751360872726
IN_WASHINGTON,2012,57.5,ridge,149.2738663315213
IN_WAYNE,2012,79.8,ridge,163.78381802098454
IN_WELLS,2012,122.0,ridge,161.4473925943072
IN_WHITE,2012,115.6,ridge,158.6624068644473
IN_WHITLEY,2012,96.4,ridge,161.87653502123052
MI_ALLEGAN,2012,119.1,ridge,136.13400211399275
MI_ARENAC,2012,146.2,ridge,143.97067478929952
MI_BARRY,2012,121.0,ridge,137.08256711214716
MI_BAY,2012,161.2,ridge,153.17957780957872
MI_BERRIEN,2012,143.3,ridge,128.75740649726248
MI_BRANCH,2012,112.8,ridge,137.6370487788035
MI_CALHOUN,2012,87.1,ridge,138.45936034709985
MI_CASS,2012,138.4,ridge,134.61519826816468
MI_CLINTON,2012,149.0,ridge,141.6130718656671
MI_EATON,2012,124.2,ridge,138.87389629905306
MI_GENESEE,2012,134.5,ridge,142.79172623465547
MI_GRATIOT,2012,171.8,ridge,148.1022872800154
MI_HILLSDALE,2012,112.5,ridge,137.3870903928591
MI_HURON,2012,144.6,ridge,139.78818594264305
MI_INGHAM,2012,120.5,ridge,139.42006345860145
MI_IONIA,2012,140.5,ridge,145.13875478503553
MI_JACKSON,2012,78.7,ridge,138.92049255767358
MI_KALAMAZOO,2012,138.2,ridge,136.48250930030068
MI_KENT,2012,129.9,ridge,143.1880794039758
MI_LAPEER,2012,150.3,ridge,138.3274257902071
MI_LENAWEE,2012,100.3,ridge,139.3796481930318
MI_LIVINGSTON,2012,126.3,ridge,139.5824925840859
MI_MACOMB,2012,166.5,ridge,141.72650692235487
MI_MIDLAND,2012,163.1,ridge,155.5671514229134
MI_MONROE,2012,101.6,ridge,133.21893989405834
MI_MONTCALM,2012,141.4,ridge,153.58662821005976
MI_MUSKEGON,2012,115.2,ridge,142.52096348775805
MI_NEWAYGO,2012,135.8,ridge,150.47112840353617
MI_OAKLAND,2012,120.6,ridge,140.1449594284654
MI_OCEANA,2012,124.9,ridge,146.39193686349577
MI_OTTAWA,2012,111.2,ridge,136.9118883252419
MI_SAGINAW,2012,155.8,ridge,152.82476558623236
MI_SANILAC,2012,158.7,ridge,136.96847453954712
MI_SHIAWASSEE,2012,139.2,ridge,144.42172878366907
MI_TUSCOLA,2012,160.3,ridge,140.95868585927911
MI_VAN_BUREN,2012,133.7,ridge,133.0094092142168
MI_WASHTENAW,2012,73.3,ridge,139.2016011822516
MI_WAYNE,2012,83.5,ridge,141.20511142754833
MN_BLUE_EARTH,2012,170.5,ridge,160.67989443260828
MN_BROWN,2012,158.4,ridge,159.75342788333165
MN_CHIPPEWA,2012,179.5,ridge,152.01316932454378
MN_FILLMORE,2012,171.1,ridge,163.59229455730167
MN_GOODHUE,2012,186.6,ridge,159.1414624729588
MN_HOUSTON,2012,171.3,ridge,161.83515662591873
MN_MARTIN,2012,170.7,ridge,161.29984329904096
MN_MURRAY,2012,150.7,ridge,155.242833699761
MN_NICOLLET,2012,160.1,ridge,158.6501152320736
MN_NOBLES,2012,155.5,ridge,158.77395706917895
MN_PIPESTONE,2012,143.6,ridge,159.27825274815123
MN_REDWOOD,2012,164.1,ridge,161.11174484640716
MN_RENVILLE,2012,173.6,ridge,158.47620341825663
MN_ROCK,2012,156.8,ridge,161.21630634304557
MN_WABASHA,2012,187.4,ridge,159.6460574596062
MN_WINONA,2012,177.5,ridge,160.39531662795864
MN_YELLOW_MEDICINE,2012,146.5,ridge,152.61021981391255
MO_ADAIR,2012,43.6,ridge,125.0809553451911
MO_ANDREW,2012,71.0,ridge,127.07500740337623
MO_ATCHISON,2012,106.0,ridge,129.90026332860026
MO_AUDRAIN,2012,33.4,ridge,119.51661794700975
MO_BARTON,2012,71.6,ridge,119.57270406315988
MO_BENTON,2012,43.4,ridge,112.49029044030758
MO_BOLLINGER,2012,107.0,ridge,119.62607263950109
MO_BOONE,2012,41.1,ridge,115.12698507554762
MO_BUCHANAN,2012,112.3,ridge,124.35159759903593
MO_BUTLER,2012,156.9,ridge,136.6463553649732
MO_CALDWELL,2012,41.1,ridge,124.11034621662002
MO_CALLAWAY,2012,41.8,ridge,116.09267246577811
MO_CAPE_GIRARDEAU,2012,80.1,ridge,124.53684756230427
MO_CARROLL,2012,84.4,ridge,120.24251894903009
MO_CASS,2012,48.5,ridge,118.83379512678417
MO_CHARITON,2012,57.2,ridge,119.69695957089516
MO_CLARK,2012,68.6,ridge,124.76977179038981
MO_CLAY,2012,86.7,ridge,120.85806523342792
MO_CLINTON,2012,57.6,ridge,124.285776355768
MO_COLE,2012,73.1,ridge,113.83685461760959
MO_COOPER,2012,57.2,ridge,113.90293066417476
MO_DADE,2012,87.9,ridge,117.50719048313486
MO_DUNKLIN,2012,155.3,ridge,134.9543933681727
MO_FRANKLIN,2012,48.5,ridge,116.74718502247455
MO_GASCONADE,2012,64.0,ridge,114.3876830806071
MO_GRUNDY,2012,60.5,ridge,128.00757660751015
MO_HARRISON,2012,43.8,ridge,130.30188481759492
MO_HENRY,2012,34.5,ridge,113.55217549792734
MO_HOLT,2012,129.2,ridge,127.91110674725736
MO_HOWARD,2012,81.3,ridge,115.2596509291558
MO_JACKSON,2012,75.2,ridge,119.89194980032335
MO_JASPER,2012,61.6,ridge,119.24276733932662
MO_JEFFERSON,2012,44.7,ridge,117.03417338445391
MO_JOHNSON,2012,56.6,ridge,116.73478650974874
MO_KNOX,2012,40.6,ridge,124.67025937860059
MO_LAFAYETTE,2012,80.1,ridge,118.96485248561996
MO_LAWRENCE,2012,70.2,ridge,117.91988331743462
MO_LEWIS,2012,41.0,ridge,123.44197193929698
MO_LINCOLN,2012,44.8,ridge,117.98778608088914
MO_LINN,2012,51.3,ridge,121.81534320951846
MO_LIVINGSTON,2012,50.1,ridge,123.56114048107666
MO_MACON,2012,45.4,ridge,120.55050617439656
MO_MARION,2012,66.7,ridge,120.87415983379407
MO_MISSISSIPPI,2012,131.3,ridge,126.89553632066526
MO_MONITEAU,2012,43.9,ridge,114.15354049271778
MO_MONROE,2012,22.3,ridge,117.9648673805678
MO_MONTGOMERY,2012,31.1,ridge,117.6543146203999
MO_MORGAN,2012,40.5,ridge,113.79389490338946
MO_NEW_MADRID,2012,159.1,ridge,138.32179206362298
MO_NODAWAY,2012,88.1,ridge,129.83561333605385
MO_PEMISCOT,2012,160.1,ridge,141.52367073679426
MO_PERRY,2012,60.7,ridge,119.63446101883176
MO_PETTIS,2012,42.1,ridge,114.96998685345184
MO_PIKE,2012,43.0,ridge,119.9045737118612
MO_PLATTE,2012,83.7,ridge,121.9994640197111
MO_PUTNAM,2012,65.6,ridge,129.5416794234447
MO_RALLS,2012,40.7,ridge,119.70440332688909
MO_RANDOLPH,2012,39.5,ridge,117.36063148595535
MO_RAY,2012,87.7,ridge,121.38951320064827
MO_SALINE,2012,84.3,ridge,117.85656444539319
MO_SCOTLAND,2012,60.6,ridge,127.83146552631358
MO_SCOTT,2012,139.2,ridge,130.644168180337
MO_SHELBY,2012,35.5,ridge,120.92311303478677
MO_STODDARD,2012,129.6,ridge,139.83418213459808
MO_SULLIVAN,2012,45.9,ridge,125.23551977855874
MO_VERNON,2012,67.7,ridge,116.93599302467359
MO_WARREN,2012,50.0,ridge,117.53516304208559
MO_WAYNE,2012,53.8,ridge,112.68440267778774
MO_WORTH,2012,60.4,ridge,130.5236539471167
OH_ADAMS,2012,80.5,ridge,155.03416384763327
OH_ALLEN,2012,111.1,ridge,151.3107829035499
OH_ASHLAND,2012,118.3,ridge,161.68921048243803
OH_ASHTABULA,2012,132.6,ridge,156.1987276915551
OH_AUGLAIZE,2012,104.5,ridge,150.62386480482
OH_BELMONT,2012,96.7,ridge,171.00246450015328
OH_BROWN,2012,123.8,ridge,153.61554997554157
OH_BUTLER,2012,64.5,ridge,149.39670497443865
OH_CHAMPAIGN,2012,121.9,ridge,155.20838386607682
OH_CLARK,2012,138.3,ridge,154.92538941518276
OH_CLERMONT,2012,115.2,ridge,151.57175754585938
OH_CLINTON,2012,145.1,ridge,156.50358161487466
OH_COLUMBIANA,2012,129.3,ridge,169.493402074488
OH_COSHOCTON,2012,114.3,ridge,166.93934814290327
OH_CRAWFORD,2012,131.7,ridge,158.95431699693904
OH_DARKE,2012,100.1,ridge,151.73730887900172
OH_DEFIANCE,2012,80.2,ridge,155.143050496091
OH_DELAWARE,2012,132.8,ridge,159.9141847183005
OH_ERIE,2012,141.4,ridge,154.45181867794875
OH_FAIRFIELD,2012,105.7,ridge,162.3782179725194
OH_FAYETTE,2012,125.8,ridge,157.65084548445282
OH_FULTON,2012,118.4,ridge,153.80871171571442
OH_GREENE,2012,142.0,ridge,154.16883318775504
OH_GUERNSEY,2012,122.1,ridge,170.0622500255393
OH_HAMILTON,2012,98.2,ridge,148.53256831165504
OH_HANCOCK,2012,140.4,ridge,156.16117993523517
OH_HARDIN,2012,134.4,ridge,154.59101618261684
OH_HARRISON,2012,106.2,ridge,171.24704193034262
OH_HENRY,2012,98.6,ridge,156.93185678562702
OH_HIGHLAND,2012,118.4,ridge,156.84984741192426
OH_HOCKING,2012,110.0,ridge,163.45785473903783
OH_HOLMES,2012,127.2,ridge,165.78487419781868
OH_HURON,2012,139.9,ridge,156.67816323256272
OH_KNOX,2012,140.1,ridge,162.5366522354174
OH_LICKING,2012,129.5,ridge,162.9133230196128
OH_LOGAN,2012,140.5,ridge,154.79573246986723
OH_LORAIN,2012,148.5,ridge,155.50050070574704
OH_LUCAS,2012,141.6,ridge,150.64477585586167
OH_MADISON,2012,140.9,ridge,157.44507372612452
OH_MAHONING,2012,138.5,ridge,167.44403450664558
OH_MARION,2012,129.8,ridge,157.62672843637068
OH_MEDINA,2012,115.2,ridge,161.0248298198438
OH_MERCER,2012,107.7,ridge,150.0146729015752
OH_MIAMI,2012,107.4,ridge,152.2526512496654
OH_MONTGOMERY,2012,67.4,ridge,151.64298020550035
OH_MORGAN,2012,103.9,ridge,168.36892358464758
OH_MORROW,2012,144.7,ridge,160.92545588080125
OH_MUSKINGUM,2012,129.1,ridge,168.53708316891834
OH_NOBLE,2012,111.2,ridge,169.20488822209492
OH_OTTAWA,2012,154.0,ridge,153.69191262937187
OH_PAULDING,2012,89.4,ridge,155.36440072379386
OH_PERRY,2012,101.7,ridge,165.31671160074654
OH_PICKAWAY,2012,93.9,ridge,158.73889488014817
OH_PORTAGE,2012,138.0,ridge,163.50156419949147
OH_PREBLE,2012,75.0,ridge,151.04249256527308
OH_PUTNAM,2012,114.0,ridge,156.677094561204
OH_RICHLAND,2012,122.5,ridge,161.2146608118891
OH_SANDUSKY,2012,143.8,ridge,159.21429835607086
OH_SENECA,2012,114.4,ridge,156.8656493863101
OH_SHELBY,2012,132.7,ridge,152.00744928145056
OH_STARK,2012,118.5,ridge,166.3960116420806
OH_SUMMIT,2012,102.9,ridge,162.5116221481047
OH_TRUMBULL,2012,141.4,ridge,161.8606959865161
OH_TUSCARAWAS,2012,110.2,ridge,168.96037693410548
OH_UNION,2012,135.5,ridge,157.246351259357
OH_VAN_WERT,2012,119.5,ridge,150.45137835348243
OH_WARREN,2012,127.2,ridge,152.1187994023838
OH_WAYNE,2012,125.9,ridge,163.82468382702305
OH_WILLIAMS,2012,96.1,ridge,151.55547476309195
OH_WOOD,2012,133.1,ridge,157.21302755826497
OH_WYANDOT,2012,123.2,ridge,156.73028039695515
WI_ADAMS,2012,104.3,ridge,137.5404433960817
WI_BUFFALO,2012,146.1,ridge,132.35741777568748
WI_COLUMBIA,2012,109.7,ridge,140.76040068129697
WI_CRAWFORD,2012,126.8,ridge,137.06079163289502
WI_DANE,2012,110.9,ridge,142.44636136406277
WI_DODGE,2012,140.1,ridge,145.43956550486638
WI_DUNN,2012,135.8,ridge,134.26482657478516
WI_EAU_CLAIRE,2012,116.0,ridge,133.76541898669973
WI_FOND_DU_LAC,2012,120.4,ridge,145.25878560708827
WI_GRANT,2012,104.7,ridge,137.21977284963137
WI_GREEN,2012,76.0,ridge,141.68042127925116
WI_GREEN_LAKE,2012,97.3,ridge,144.58210321486862
WI_IOWA,2012,87.7,ridge,140.11751854737696
WI_JACKSON,2012,116.1,ridge,134.98145453896723
WI_JEFFERSON,2012,114.5,ridge,143.6904344234307
WI_JUNEAU,2012,105.6,ridge,137.03009110542882
WI_KENOSHA,2012,127.3,ridge,131.35002244191065
WI_LAFAYETTE,2012,77.6,ridge,138.99477453845282
WI_LANGLADE,2012,127.9,ridge,169.00577871219193
WI_LA_CROSSE,2012,137.1,ridge,136.35393643711654
WI_MARINETTE,2012,130.6,ridge,161.58648037602387
WI_MARQUETTE,2012,60.0,ridge,138.7690873782165
WI_MILWAUKEE,2012,125.0,ridge,128.50158182349034
WI_MONROE,2012,122.6,ridge,136.95877051151413
WI_OCONTO,2012,156.7,ridge,157.52565080634332
WI_OUTAGAMIE,2012,154.3,ridge,149.15489256031682
WI_OZAUKEE,2012,132.5,ridge,128.0915255369937
WI_PEPIN,2012,144.9,ridge,132.51748160716076
WI_PORTAGE,2012,118.4,ridge,142.9719437211653
WI_RACINE,2012,132.2,ridge,130.52150132093996
WI_RICHLAND,2012,110.0,ridge,138.40282330156472
WI_ROCK,2012,101.7,ridge,144.32535295245785
WI_SAUK,2012,113.0,ridge,140.47038314034077
WI_SHEBOYGAN,2012,135.9,ridge,135.07933171472303
WI_TREMPEALEAU,2012,126.8,ridge,134.13051513533836
WI_VERNON,2012,127.4,ridge,138.8146360527024
WI_WALWORTH,2012,102.0,ridge,141.9180800234502
WI_WASHINGTON,2012,93.7,ridge,139.4403194487227
WI_WAUKESHA,2012,96.7,ridge,139.37515194472007
WI_WAUSHARA,2012,118.1,ridge,142.34483453274717
WI_WINNEBAGO,2012,109.8,ridge,146.12240382015278
IA_ADAIR,2012,104.4,random_forest,143.17577582872696
IA_ADAMS,2012,109.8,random_forest,143.59784526135144
IA_ALLAMAKEE,2012,153.6,random_forest,158.28106195200138
IA_APPANOOSE,2012,44.5,random_forest,147.34172023428843
IA_AUDUBON,2012,114.8,random_forest,146.2417031090628
IA_BENTON,2012,129.3,random_forest,148.16850426909943
IA_BLACK_HAWK,2012,126.4,random_forest,151.06693385071262
IA_BOONE,2012,147.1,random_forest,148.42612257097602
IA_BREMER,2012,133.3,random_forest,159.44571673495716
IA_BUCHANAN,2012,140.4,random_forest,157.19483052098718
IA_BUENA_VISTA,2012,148.2,random_forest,151.36488410784722
IA_BUTLER,2012,122.0,random_forest,153.94541735313567
IA_CALHOUN,2012,134.8,random_forest,148.18559961955583
IA_CARROLL,2012,105.3,random_forest,146.9455066132516
IA_CASS,2012,120.4,random_forest,145.5789985189206
IA_CEDAR,2012,158.9,random_forest,143.60856720104022
IA_CERRO_GORDO,2012,124.8,random_forest,161.82680933740875
IA_CHEROKEE,2012,158.7,random_forest,155.44726155818324
IA_CHICKASAW,2012,125.8,random_forest,162.1093711550104
IA_CLARKE,2012,76.7,random_forest,143.66368436260774
IA_CLAY,2012,170.1,random_forest,156.36647784437775
IA_CLAYTON,2012,152.9,random_forest,157.60424540923694
IA_CLINTON,2012,139.6,random_forest,143.74717101166988
IA_CRAWFORD,2012,131.3,random_forest,146.7287675074617
IA_DALLAS,2012,129.0,random_forest,147.6440911284427
IA_DAVIS,2012,52.4,random_forest,145.2025121458892
IA_DECATUR,2012,61.2,random_forest,143.77659553537302
IA_DELAWARE,2012,129.8,random_forest,159.3271211043587
IA_DES_MOINES,2012,143.7,random_forest,145.813069221796
IA_DICKINSON,2012,160.9,random_forest,159.62755375380297
IA_DUBUQUE,2012,149.4,random_forest,154.99222914159876
IA_EMMET,2012,166.6,random_forest,158.0872824183263
IA_FAYETTE,2012,151.0,random_forest,162.42549596170505
IA_FLOYD,2012,123.2,random_forest,160.64189904173014
IA_FRANKLIN,2012,150.0,random_forest,153.26899885763635
IA_FREMONT,2012,131.2,random_forest,147.4768105785678
IA_GREENE,2012,124.6,random_forest,149.71047095763637
IA_GRUNDY,2012,161.5,random_forest,149.19578645093105
IA_GUTHRIE,2012,113.4,random_forest,147.06895310723218
IA_HAMILTON,2012,138.0,random_forest,148.17635474307343
IA_HANCOCK,2012,143.3,random_forest,157.70928956942038
IA_HARDIN,2012,163.6,random_forest,148.92145258182012
IA_HARRISON,2012,130.9,random_forest,146.16561451362702
IA_HENRY,2012,132.0,random_forest,145.46062638584988
IA_HOWARD,2012,137.8,random_forest,162.1784313739973
IA_HUMBOLDT,2012,146.1,random_forest,149.46822445851555
IA_IDA,2012,151.4,random_forest,148.08198956699152
IA_IOWA,2012,135.7,random_forest,144.9852435801666
IA_JACKSON,2012,114.6,random_forest,150.07772346193354
IA_JASPER,2012,150.9,random_forest,146.7061377707494
IA_JEFFERSON,2012,102.8,random_forest,145.92315274575896
IA_JOHNSON,2012,132.4,random_forest,142.1769161887273
IA_JONES,2012,127.3,random_forest,153.05112739894884
IA_KEOKUK,2012,113.0,random_forest,144.65354198642368
IA_KOSSUTH,2012,164.6,random_forest,155.20130140440637
IA_LEE,2012,116.0,random_forest,146.07436733425402
IA_LINN,2012,124.2,random_forest,150.0692957795786
IA_LOUISA,2012,162.9,random_forest,144.05541572698763
IA_LUCAS,2012,85.3,random_forest,146.4361452635605
IA_LYON,2012,161.6,random_forest,157.21358184917787
IA_MADISON,2012,101.4,random_forest,144.63605548208238
IA_MAHASKA,2012,133.0,random_forest,146.243980507417
IA_MARION,2012,115.1,random_forest,147.20040009715427
IA_MARSHALL,2012,157.6,random_forest,146.86259073898833
IA_MILLS,2012,128.8,random_forest,146.68911092579003
IA_MITCHELL,2012,131.4,random_forest,161.97459094020712
IA_MONONA,2012,115.1,random_forest,147.0720248917511
IA_MONROE,2012,67.3,random_forest,144.80325584914084
IA_MONTGOMERY,2012,132.0,random_forest,147.9143754814433
IA_MUSCATINE,2012,152.6,random_forest,142.57212484717448
IA_OSCEOLA,2012,169.6,random_forest,158.9202233850321
IA_PAGE,2012,116.2,random_forest,145.60991750402738
IA_PALO_ALTO,2012,170.6,random_forest,157.7123350667685
IA_PLYMOUTH,2012,110.1,random_forest,151.38404162786665
IA_POCAHONTAS,2012,165.3,random_forest,149.4957963370131
IA_POLK,2012,149.1,random_forest,147.619695705596
IA_POTTAWATTAMIE,2012,131.9,random_forest,145.4581880729558
IA_POWESHIEK,2012,152.3,random_forest,145.9249885178302
IA_RINGGOLD,2012,71.6,random_forest,144.3715876855939
IA_SAC,2012,130.7,random_forest,148.3181010148922
IA_SCOTT,2012,131.7,random_forest,141.85720986125267
IA_SHELBY,2012,137.8,random_forest,147.08200425529918
IA_SIOUX,2012,143.2,random_forest,157.91482677618984
IA_STORY,2012,157.6,random_forest,148.3642453388332
IA_TAMA,2012,160.2,random_forest,147.15973826898633
IA_TAYLOR,2012,91.7,random_forest,144.23458970265898
IA_UNION,2012,87.3,random_forest,142.93792143510134
IA_VAN_BUREN,2012,110.3,random_forest,145.8604361707155
IA_WAPELLO,2012,92.6,random_forest,144.58987901423853
IA_WARREN,2012,103.5,random_forest,147.50233109736016
IA_WASHINGTON,2012,132.1,random_forest,143.40641782777138
IA_WAYNE,2012,55.7,random_forest,143.50590301310288
IA_WEBSTER,2012,149.2,random_forest,148.60872033845777
IA_WINNESHIEK,2012,140.6,random_forest,161.28911917644743
IA_WOODBURY,2012,134.8,random_forest,148.19127896769467
IA_WRIGHT,2012,153.7,random_forest,151.63994048061176
IL_ADAMS,2012,76.0,random_forest,143.18162271135336
IL_BOND,2012,33.3,random_forest,136.82160453850923
IL_BROWN,2012,87.0,random_forest,142.6489506356265
IL_BUREAU,2012,145.7,random_forest,145.33524283775256
IL_CALHOUN,2012,93.8,random_forest,140.42257520042577
IL_CARROLL,2012,157.9,random_forest,146.86663548460191
IL_CASS,2012,113.2,random_forest,144.59814319435594
IL_CHAMPAIGN,2012,108.9,random_forest,147.12085322819388
IL_CHRISTIAN,2012,129.2,random_forest,142.25624856655543
IL_CLARK,2012,51.1,random_forest,143.186677938809
IL_CLINTON,2012,30.2,random_forest,137.15876548970238
IL_COLES,2012,89.3,random_forest,144.36350354257516
IL_CRAWFORD,2012,34.7,random_forest,138.0632610816607
IL_CUMBERLAND,2012,34.3,random_forest,141.18150934664024
IL_DE_WITT,2012,134.4,random_forest,146.8271149864849
IL_DOUGLAS,2012,99.4,random_forest,146.8711349026694
IL_EDGAR,2012,96.7,random_forest,144.33277690065196
IL_EDWARDS,2012,40.0,random_forest,137.7692091838564
IL_EFFINGHAM,2012,42.9,random_forest,138.9105923261862
IL_FAYETTE,2012,29.3,random_forest,138.2339696212894
IL_FORD,2012,63.9,random_forest,146.44030708596478
IL_FRANKLIN,2012,30.1,random_forest,136.97790295401597
IL_FULTON,2012,114.5,random_forest,148.15341941945832
IL_GALLATIN,2012,76.7,random_forest,137.68270753794792
IL_GREENE,2012,103.4,random_forest,141.84960285049942
IL_GRUNDY,2012,101.1,random_forest,146.6817801680873
IL_HAMILTON,2012,31.5,random_forest,137.4515203782584
IL_HANCOCK,2012,134.3,random_forest,148.94643808915748
IL_HARDIN,2012,55.7,random_forest,139.35242398454756
IL_HENDERSON,2012,162.6,random_forest,149.3249898352192
IL_HENRY,2012,140.0,random_forest,146.2222445050982
IL_IROQUOIS,2012,105.7,random_forest,146.6520285741309
IL_JACKSON,2012,37.7,random_forest,138.14509261485017
IL_JASPER,2012,28.9,random_forest,138.0632610816607
IL_JERSEY,2012,81.6,random_forest,141.1966937858681
IL_JO_DAVIESS,2012,97.4,random_forest,150.46617954300743
IL_KANE,2012,140.7,random_forest,147.5281790190422
IL_KANKAKEE,2012,119.2,random_forest,147.70901620137371
IL_KENDALL,2012,102.4,random_forest,145.13347720600834
IL_KNOX,2012,160.8,random_forest,147.6678182765461
IL_LEE,2012,142.3,random_forest,144.97685584260023
IL_LIVINGSTON,2012,83.3,random_forest,146.11958122182526
IL_LOGAN,2012,96.5,random_forest,148.73186357850747
IL_MACON,2012,102.8,random_forest,146.41845141601715
IL_MACOUPIN,2012,85.7,random_forest,142.64388812138301
IL_MADISON,2012,54.8,random_forest,136.56261047978174
IL_MARION,2012,19.0,random_forest,136.51340580758165
IL_MARSHALL,2012,123.9,random_forest,145.90268846218717
IL_MASON,2012,110.2,random_forest,148.2063756850852
IL_MCDONOUGH,2012,139.0,random_forest,148.5168967084754
IL_MCHENRY,2012,124.4,random_forest,150.47307149586945
IL_MCLEAN,2012,109.5,random_forest,146.91566582135275
IL_MENARD,2012,97.4,random_forest,146.51206741180516
IL_MERCER,2012,180.1,random_forest,146.57320237979866
IL_MONROE,2012,69.6,random_forest,135.7759477832411
IL_MONTGOMERY,2012,73.2,random_forest,141.29551008757113
IL_MORGAN,2012,112.4,random_forest,142.32024071323946
IL_MOULTRIE,2012,115.1,random_forest,146.3171053131821
IL_OGLE,2012,142.9,random_forest,146.48662237362072
IL_PEORIA,2012,161.9,random_forest,148.0844808280033
IL_PERRY,2012,23.3,random_forest,136.08872571945346
IL_PIATT,2012,130.8,random_forest,146.58944634123083
IL_PIKE,2012,90.5,random_forest,142.55512007591523
IL_POPE,2012,47.6,random_forest,140.27000976566316
IL_PULASKI,2012,64.4,random_forest,137.68255351545145
IL_RANDOLPH,2012,45.5,random_forest,136.31280611509104
IL_RICHLAND,2012,26.5,random_forest,137.3386500156434
IL_SALINE,2012,50.0,random_forest,137.50276373224384
IL_SANGAMON,2012,131.3,random_forest,145.17151595495892
IL_SCHUYLER,2012,75.9,random_forest,146.7668989244985
IL_SCOTT,2012,117.3,random_forest,142.69557990542768
IL_SHELBY,2012,72.4,random_forest,141.66348467707797
IL_STARK,2012,148.4,random_forest,146.92423398201538
IL_STEPHENSON,2012,102.8,random_forest,151.44925162391917
IL_TAZEWELL,2012,133.4,random_forest,147.21662182197093
IL_UNION,2012,53.3,random_forest,139.26652530888916
IL_VERMILION,2012,100.1,random_forest,147.85626229211542
IL_WABASH,2012,52.1,random_forest,138.15478902652288
IL_WARREN,2012,164.9,random_forest,149.50832634315574
IL_WASHINGTON,2012,21.1,random_forest,137.08157879726997
IL_WAYNE,2012,39.7,random_forest,137.4479205008074
IL_WHITE,2012,69.2,random_forest,137.3148551393977
IL_WHITESIDE,2012,139.8,random_forest,143.4829584646241
IL_WILL,2012,126.0,random_forest,146.9663070053134
IL_WILLIAMSON,2012,33.7,random_forest,138.50422721785975
IL_WINNEBAGO,2012,99.6,random_forest,148.6619301309207
IL_WOODFORD,2012,102.5,random_forest,144.40266939313864
IN_ADAMS,2012,111.8,random_forest,147.32494529410548
IN_ALLEN,2012,109.0,random_forest,148.47970307594363
IN_BARTHOLOMEW,2012,78.8,random_forest,144.99791394675702
IN_BENTON,2012,116.9,random_forest,144.8368943748002
IN_BLACKFORD,2012,119.2,random_forest,146.50232145160052
IN_BOONE,2012,91.6,random_forest,144.114291830609
IN_BROWN,2012,71.6,random_forest,143.43058380962006
IN_CARROLL,2012,115.5,random_forest,146.02399095993724
IN_CASS,2012,108.0,random_forest,146.19804152954484
IN_CLARK,2012,69.9,random_forest,144.18146901027413
IN_CLAY,2012,61.2,random_forest,144.00961823842954
IN_CLINTON,2012,148.0,random_forest,144.83258539145194
IN_DAVIESS,2012,72.9,random_forest,140.35909372437948
IN_DEARBORN,2012,88.0,random_forest,143.825861136038
IN_DECATUR,2012,86.1,random_forest,143.696489219385
IN_DELAWARE,2012,111.5,random_forest,146.81664463395364
IN_DUBOIS,2012,62.1,random_forest,140.81466303356413
IN_ELKHART,2012,92.5,random_forest,147.82255114776575
IN_FAYETTE,2012,74.9,random_forest,143.54141694933386
IN_FLOYD,2012,55.7,random_forest,143.93263234130887
IN_FOUNTAIN,2012,101.9,random_forest,145.31643997501968
IN_FRANKLIN,2012,89.1,random_forest,144.09466063146698
IN_FULTON,2012,127.1,random_forest,147.3604502101079
IN_GIBSON,2012,64.8,random_forest,138.01573878791365
IN_HAMILTON,2012,121.9,random_forest,144.088055171492
IN_HANCOCK,2012,90.5,random_forest,144.68985614543857
IN_HARRISON,2012,52.2,random_forest,144.25050174836935
IN_HENDRICKS,2012,58.3,random_forest,144.48354925624517
IN_HENRY,2012,92.4,random_forest,144.10213833835863
IN_HOWARD,2012,154.2,random_forest,145.91634889305035
IN_HUNTINGTON,2012,108.3,random_forest,146.64539536292403
IN_JACKSON,2012,81.3,random_forest,143.45729954095134
IN_JASPER,2012,144.6,random_forest,146.52165277333228
IN_JAY,2012,107.7,random_forest,146.86820304211128
IN_JENNINGS,2012,89.2,random_forest,143.5632719235765
IN_JOHNSON,2012,58.1,random_forest,144.4920831877647
IN_KNOX,2012,71.4,random_forest,138.71658221468266
IN_KOSCIUSKO,2012,104.0,random_forest,148.04967770149946
IN_LAGRANGE,2012,96.7,random_forest,150.14131028544438
IN_LAKE,2012,158.7,random_forest,145.76348006646995
IN_LAWRENCE,2012,52.8,random_forest,143.39007103126778
IN_MADISON,2012,119.9,random_forest,144.73545830669457
IN_MARSHALL,2012,97.8,random_forest,147.5674747448542
IN_MARTIN,2012,53.1,random_forest,141.4915511177614
IN_MIAMI,2012,126.8,random_forest,146.2426846855088
IN_MONROE,2012,44.7,random_forest,143.34741999719444
IN_MONTGOMERY,2012,104.5,random_forest,143.72877682392922
IN_MORGAN,2012,42.3,random_forest,145.1321081981626
IN_NEWTON,2012,132.6,random_forest,146.90870015690513
IN_NOBLE,2012,105.7,random_forest,147.89148243465308
IN_ORANGE,2012,30.1,random_forest,142.2270927063044
IN_OWEN,2012,41.0,random_forest,144.4563838522891
IN_PARKE,2012,64.2,random_forest,145.0571595414072
IN_PIKE,2012,57.8,random_forest,137.9333018429991
IN_PORTER,2012,165.7,random_forest,147.48146966365334
IN_POSEY,2012,75.2,random_forest,136.43158188716035
IN_PULASKI,2012,110.9,random_forest,146.49802964329473
IN_PUTNAM,2012,61.4,random_forest,145.0406421320074
IN_RANDOLPH,2012,94.0,random_forest,146.88641317903193
IN_RIPLEY,2012,101.3,random_forest,144.52890540389478
IN_RUSH,2012,79.6,random_forest,143.46389699480738
IN_SCOTT,2012,107.5,random_forest,143.63784705377958
IN_SHELBY,2012,62.4,random_forest,144.16655140185676
IN_SPENCER,2012,69.8,random_forest,140.50843341254253
IN_ST._JOSEPH,2012,133.9,random_forest,148.73173740263522
IN_STARKE,2012,99.7,random_forest,146.93552235310145
IN_STEUBEN,2012,87.4,random_forest,150.35867322457122
IN_TIPPECANOE,2012,112.0,random_forest,143.48478577590086
IN_TIPTON,2012,157.9,random_forest,145.34863685743483
IN_UNION,2012,91.7,random_forest,144.23625394852124
IN_VANDERBURGH,2012,60.4,random_forest,138.89122017192295
IN_VERMILLION,2012,86.3,random_forest,145.35452169255936
IN_VIGO,2012,65.9,random_forest,143.93369884752838
IN_WABASH,2012,105.4,random_forest,146.98928150483792
IN_WARREN,2012,110.4,random_forest,145.41236239305672
IN_WARRICK,2012,51.1,random_forest,138.78269020366807
IN_WASHINGTON,2012,57.5,random_forest,143.90511763909703
IN_WAYNE,2012,79.8,random_forest,144.24549644132077
IN_WELLS,2012,122.0,random_forest,146.93025845816217
IN_WHITE,2012,115.6,random_forest,145.97130441779402
IN_WHITLEY,2012,96.4,random_forest,147.61760177501424
MI_ALLEGAN,2012,119.1,random_forest,147.82676101612248
MI_ARENAC,2012,146.2,random_forest,141.35608653973975
MI_BARRY,2012,121.0,random_forest,149.2914488203853
MI_BAY,2012,161.2,random_forest,151.03461167352194
MI_BERRIEN,2012,143.3,random_forest,148.73139525451327
MI_BRANCH,2012,112.8,random_forest,147.8638182106004
MI_CALHOUN,2012,87.1,random_forest,148.32988936439656
MI_CASS,2012,138.4,random_forest,148.6747445564894
MI_CLINTON,2012,149.0,random_forest,150.29855534221068
MI_EATON,2012,124.2,random_forest,148.68567377619803
MI_GENESEE,2012,134.5,random_forest,152.63311747913536
MI_GRATIOT,2012,171.8,random_forest,151.85452776544736
MI_HILLSDALE,2012,112.5,random_forest,147.50273339579587
MI_HURON,2012,144.6,random_forest,149.96951674881572
MI_INGHAM,2012,120.5,random_forest,148.09925149866518
MI_IONIA,2012,140.5,random_forest,153.04783450163794
MI_JACKSON,2012,78.7,random_forest,148.05632880795042
MI_KALAMAZOO,2012,138.2,random_forest,148.28405871929635
MI_KENT,2012,129.9,random_forest,147.69829918746058
MI_LAPEER,2012,150.3,random_forest,147.92430359424006
MI_LENAWEE,2012,100.3,random_forest,149.44623620995634
MI_LIVINGSTON,2012,126.3,random_forest,148.14912959452764
MI_MACOMB,2012,166.5,random_forest,155.15260631015218
MI_MIDLAND,2012,163.1,random_forest,149.53697704521664
MI_MONROE,2012,101.6,random_forest,149.3475721878676
MI_MONTCALM,2012,141.4,random_forest,152.21331562924405
MI_MUSKEGON,2012,115.2,random_forest,147.18508387219492
MI_NEWAYGO,2012,135.8,random_forest,144.12803790024054
MI_OAKLAND,2012,120.6,random_forest,148.20045165476236
MI_OCEANA,2012,124.9,random_forest,143.3157081308039
MI_OTTAWA,2012,111.2,random_forest,147.32014310210295
MI_SAGINAW,2012,155.8,random_forest,151.03338063433705
MI_SANILAC,2012,158.7,random_forest,152.8467924938729
MI_SHIAWASSEE,2012,139.2,random_forest,151.6218193393548
MI_TUSCOLA,2012,160.3,random_forest,151.25131743815234
MI_VAN_BUREN,2012,133.7,random_forest,150.82059149313312
MI_WASHTENAW,2012,73.3,random_forest,147.94815254657243
MI_WAYNE,2012,83.5,random_forest,151.9857436555216
MN_BLUE_EARTH,2012,170.5,random_forest,162.3087378957954
MN_BROWN,2012,158.4,random_forest,161.26709201126286
MN_CHIPPEWA,2012,179.5,random_forest,161.51109445337775
MN_FILLMORE,2012,171.1,random_forest,162.8887560596349
MN_GOODHUE,2012,186.6,random_forest,162.9726558743668
MN_HOUSTON,2012,171.3,random_forest,162.41980157332966
MN_MARTIN,2012,170.7,random_forest,159.2818844457011
MN_MURRAY,2012,150.7,random_forest,161.46978735882902
MN_NICOLLET,2012,160.1,random_forest,163.40910369481637
MN_NOBLES,2012,155.5,random_forest,160.42557311163026
MN_PIPESTONE,2012,143.6,random_forest,160.05116505784866
MN_REDWOOD,2012,164.1,random_forest,163.32472037708825
MN_RENVILLE,2012,173.6,random_forest,165.0879083441111
MN_ROCK,2012,156.8,random_forest,158.39566625348428
MN_WABASHA,2012,187.4,random_forest,162.3854956297263
MN_WINONA,2012,177.5,random_forest,161.84841746861323
MN_YELLOW_MEDICINE,2012,146.5,random_forest,160.16160914437484
MO_ADAIR,2012,43.6,random_forest,136.00672562247937
MO_ANDREW,2012,71.0,random_forest,136.45715355641636
MO_ATCHISON,2012,106.0,random_forest,140.6495076755428
MO_AUDRAIN,2012,33.4,random_forest,136.7821905043326
MO_BARTON,2012,71.6,random_forest,135.3641461845745
MO_BENTON,2012,43.4,random_forest,132.88387550544252
MO_BOLLINGER,2012,107.0,random_forest,137.02721736078223
MO_BOONE,2012,41.1,random_forest,131.26290200325028
MO_BUCHANAN,2012,112.3,random_forest,136.07631323074128
MO_BUTLER,2012,156.9,random_forest,147.67872476757316
MO_CALDWELL,2012,41.1,random_forest,134.37422166376362
MO_CALLAWAY,2012,41.8,random_forest,132.49935720256482
MO_CAPE_GIRARDEAU,2012,80.1,random_forest,143.1358165631759
MO_CARROLL,2012,84.4,random_forest,134.36883244086823
MO_CASS,2012,48.5,random_forest,135.9160982225335
MO_CHARITON,2012,57.2,random_forest,134.9954964972979
MO_CLARK,2012,68.6,random_forest,134.96668814616334
MO_CLAY,2012,86.7,random_forest,136.79071806850817
MO_CLINTON,2012,57.6,random_forest,135.1383025284327
MO_COLE,2012,73.1,random_forest,133.4318207893253
MO_COOPER,2012,57.2,random_forest,132.139269359852
MO_DADE,2012,87.9,random_forest,134.51813733259638
MO_DUNKLIN,2012,155.3,random_forest,148.62280259686193
MO_FRANKLIN,2012,48.5,random_forest,136.13706906972433
MO_GASCONADE,2012,64.0,random_forest,135.90499216399115
MO_GRUNDY,2012,60.5,random_forest,138.65335630047082
MO_HARRISON,2012,43.8,random_forest,137.9225348238757
MO_HENRY,2012,34.5,random_forest,133.63717276373978
MO_HOLT,2012,129.2,random_forest,139.68891984737914
MO_HOWARD,2012,81.3,random_forest,133.25861385389962
MO_JACKSON,2012,75.2,random_forest,136.64294122583334
MO_JASPER,2012,61.6,random_forest,136.2356290595427
MO_JEFFERSON,2012,44.7,random_forest,135.65472783803935
MO_JOHNSON,2012,56.6,random_forest,136.5590083344191
MO_KNOX,2012,40.6,random_forest,135.61034010236764
MO_LAFAYETTE,2012,80.1,random_forest,135.88040888005406
MO_LAWRENCE,2012,70.2,random_forest,134.25768885531232
MO_LEWIS,2012,41.0,random_forest,133.03495481301363
MO_LINCOLN,2012,44.8,random_forest,134.84520020479292
MO_LINN,2012,51.3,random_forest,132.60900814509822
MO_LIVINGSTON,2012,50.1,random_forest,135.44714836605527
MO_MACON,2012,45.4,random_forest,131.6632993625613
MO_MARION,2012,66.7,random_forest,133.2609674767948
MO_MISSISSIPPI,2012,131.3,random_forest,145.7939964061514
MO_MONITEAU,2012,43.9,random_forest,132.1600940126298
MO_MONROE,2012,22.3,random_forest,133.05300629617957
MO_MONTGOMERY,2012,31.1,random_forest,135.03766820545087
MO_MORGAN,2012,40.5,random_forest,132.1157061158044
MO_NEW_MADRID,2012,159.1,random_forest,149.35894924188358
MO_NODAWAY,2012,88.1,random_forest,139.2830576711521
MO_PEMISCOT,2012,160.1,random_forest,148.16360296663106
MO_PERRY,2012,60.7,random_forest,136.69029575990504
MO_PETTIS,2012,42.1,random_forest,136.2312999334451
MO_PIKE,2012,43.0,random_forest,134.62017605177124
MO_PLATTE,2012,83.7,random_forest,136.59006888782773
MO_PUTNAM,2012,65.6,random_forest,135.70404626503316
MO_RALLS,2012,40.7,random_forest,133.8204316659487
MO_RANDOLPH,2012,39.5,random_forest,131.7090945086615
MO_RAY,2012,87.7,random_forest,133.96487181961814
MO_SALINE,2012,84.3,random_forest,137.24977835606416
MO_SCOTLAND,2012,60.6,random_forest,138.88898727858484
MO_SCOTT,2012,139.2,random_forest,144.63100072623507
MO_SHELBY,2012,35.5,random_forest,131.81863809847815
MO_STODDARD,2012,129.6,random_forest,148.08211237261517
MO_SULLIVAN,2012,45.9,random_forest,135.7965790260828
MO_VERNON,2012,67.7,random_forest,133.96290613765757
MO_WARREN,2012,50.0,random_forest,136.55834451187474
MO_WAYNE,2012,53.8,random_forest,135.37771873879552
MO_WORTH,2012,60.4,random_forest,136.6860121050284
OH_ADAMS,2012,80.5,random_forest,145.5317500279063
OH_ALLEN,2012,111.1,random_forest,148.73980553898997
OH_ASHLAND,2012,118.3,random_forest,150.66378401763401
OH_ASHTABULA,2012,132.6,random_forest,154.19420457122953
OH_AUGLAIZE,2012,104.5,random_forest,147.6246796706838
OH_BELMONT,2012,96.7,random_forest,146.34660829649212
OH_BROWN,2012,123.8,random_forest,143.52931222319052
OH_BUTLER,2012,64.5,random_forest,143.34994022388398
OH_CHAMPAIGN,2012,121.9,random_forest,146.50218850266975
OH_CLARK,2012,138.3,random_forest,145.86344341922913
OH_CLERMONT,2012,115.2,random_forest,142.50878485136855
OH_CLINTON,2012,145.1,random_forest,145.45978860766002
OH_COLUMBIANA,2012,129.3,random_forest,153.4178489820951
OH_COSHOCTON,2012,114.3,random_forest,146.37309842333738
OH_CRAWFORD,2012,131.7,random_forest,150.95736973759767
OH_DARKE,2012,100.1,random_forest,145.90636111179566
OH_DEFIANCE,2012,80.2,random_forest,148.37946398475952
OH_DELAWARE,2012,132.8,random_forest,147.1213077112785
OH_ERIE,2012,141.4,random_forest,149.9460692899843
OH_FAIRFIELD,2012,105.7,random_forest,145.87363858847755
OH_FAYETTE,2012,125.8,random_forest,146.84634790325987
OH_FULTON,2012,118.4,random_forest,151.9215940553617
OH_GREENE,2012,142.0,random_forest,145.0545616417524
OH_GUERNSEY,2012,122.1,random_forest,144.6356807258406
OH_HAMILTON,2012,98.2,random_forest,143.5543277176755
OH_HANCOCK,2012,140.4,random_forest,152.19053806423227
OH_HARDIN,2012,134.4,random_forest,148.6031360152826
OH_HARRISON,2012,106.2,random_forest,147.29226066749155
OH_HENRY,2012,98.6,random_forest,151.27136464146315
OH_HIGHLAND,2012,118.4,random_forest,145.92960707981607
OH_HOCKING,2012,110.0,random_forest,143.50257730497844
OH_HOLMES,2012,127.2,random_forest,148.14788929810197
OH_HURON,2012,139.9,random_forest,150.8414521431662
OH_KNOX,2012,140.1,random_forest,147.21125317648466
OH_LICKING,2012,129.5,random_forest,146.5453058462094
OH_LOGAN,2012,140.5,random_forest,146.72134419815887
OH_LORAIN,2012,148.5,random_forest,151.4649077573544
OH_LUCAS,2012,141.6,random_forest,151.31588389946205
OH_MADISON,2012,140.9,random_forest,146.9356377240149
OH_MAHONING,2012,138.5,random_forest,152.33591317607744
OH_MARION,2012,129.8,random_forest,147.41684763122885
OH_MEDINA,2012,115.2,random_forest,151.42067038823336
OH_MERCER,2012,107.7,random_forest,146.8646725097832
OH_MIAMI,2012,107.4,random_forest,145.73197093274402
OH_MONTGOMERY,2012,67.4,random_forest,143.86569233460574
OH_MORGAN,2012,103.9,random_forest,143.33777556396248
OH_MORROW,2012,144.7,random_forest,148.23309656035585
OH_MUSKINGUM,2012,129.1,random_forest,144.29433438787476
OH_NOBLE,2012,111.2,random_forest,143.27803611333644
OH_OTTAWA,2012,154.0,random_forest,151.9824874974434
OH_PAULDING,2012,89.4,random_forest,146.79604019224726
OH_PERRY,2012,101.7,random_forest,143.49643672356328
OH_PICKAWAY,2012,93.9,random_forest,146.06011460304018
OH_PORTAGE,2012,138.0,random_forest,152.12841440631422
OH_PREBLE,2012,75.0,random_forest,143.60628196931958
OH_PUTNAM,2012,114.0,random_forest,147.60645434984264
OH_RICHLAND,2012,122.5,random_forest,151.22813262781003
OH_SANDUSKY,2012,143.8,random_forest,151.72604408105246
OH_SENECA,2012,114.4,random_forest,152.37651904441358
OH_SHELBY,2012,132.7,random_forest,146.5312905829628
OH_STARK,2012,118.5,random_forest,151.28487342161685
OH_SUMMIT,2012,102.9,random_forest,152.35947521329464
OH_TRUMBULL,2012,141.4,random_forest,153.31729032259392
OH_TUSCARAWAS,2012,110.2,random_forest,147.3410080270749
OH_UNION,2012,135.5,random_forest,146.00046278480332
OH_VAN_WERT,2012,119.5,random_forest,147.71630426638328
OH_WARREN,2012,127.2,random_forest,143.33598447579644
OH_WAYNE,2012,125.9,random_forest,151.14905623156417
OH_WILLIAMS,2012,96.1,random_forest,153.06045372864702
OH_WOOD,2012,133.1,random_forest,152.07885167830773
OH_WYANDOT,2012,123.2,random_forest,148.26135537979968
WI_ADAMS,2012,104.3,random_forest,150.65818997965926
WI_BUFFALO,2012,146.1,random_forest,150.37724097017116
WI_COLUMBIA,2012,109.7,random_forest,152.32550317050737
WI_CRAWFORD,2012,126.8,random_forest,152.14164848454672
WI_DANE,2012,110.9,random_forest,154.50691145599933
WI_DODGE,2012,140.1,random_forest,149.77883123367843
WI_DUNN,2012,135.8,random_forest,148.76858326236112
WI_EAU_CLAIRE,2012,116.0,random_forest,151.2954093759803
WI_FOND_DU_LAC,2012,120.4,random_forest,150.40484606721367
WI_GRANT,2012,104.7,random_forest,153.27427340431012
WI_GREEN,2012,76.0,random_forest,152.9464281468923
WI_GREEN_LAKE,2012,97.3,random_forest,151.60406654322654
WI_IOWA,2012,87.7,random_forest,155.66866394991786
WI_JACKSON,2012,116.1,random_forest,152.47823275513989
WI_JEFFERSON,2012,114.5,random_forest,149.03559968949475
WI_JUNEAU,2012,105.6,random_forest,151.81694718059427
WI_KENOSHA,2012,127.3,random_forest,151.46895367543843
WI_LAFAYETTE,2012,77.6,random_forest,153.85480761371315
WI_LANGLADE,2012,127.9,random_forest,142.06574406409385
WI_LA_CROSSE,2012,137.1,random_forest,151.61521443267375
WI_MARINETTE,2012,130.6,random_forest,144.76516750351402
WI_MARQUETTE,2012,60.0,random_forest,149.47688854406329
WI_MILWAUKEE,2012,125.0,random_forest,148.79679060773896
WI_MONROE,2012,122.6,random_forest,152.50417969420545
WI_OCONTO,2012,156.7,random_forest,146.76451999327097
WI_OUTAGAMIE,2012,154.3,random_forest,151.42681898397623
WI_OZAUKEE,2012,132.5,random_forest,149.54232748658814
WI_PEPIN,2012,144.9,random_forest,150.0755713047671
WI_PORTAGE,2012,118.4,random_forest,149.6093250919679
WI_RACINE,2012,132.2,random_forest,152.19424225611763
WI_RICHLAND,2012,110.0,random_forest,152.12347328073503
WI_ROCK,2012,101.7,random_forest,152.64097992454325
WI_SAUK,2012,113.0,random_forest,152.59957846967572
WI_SHEBOYGAN,2012,135.9,random_forest,149.09169153371897
WI_TREMPEALEAU,2012,126.8,random_forest,151.6096724670357
WI_VERNON,2012,127.4,random_forest,151.9466152822713
WI_WALWORTH,2012,102.0,random_forest,150.16812657303385
WI_WASHINGTON,2012,93.7,random_forest,150.50757448630415
WI_WAUKESHA,2012,96.7,random_forest,149.16165113791516
WI_WAUSHARA,2012,118.1,random_forest,150.8868748717231
WI_WINNEBAGO,2012,109.8,random_forest,149.90613149461677
IA_ADAIR,2012,104.4,xgboost,142.2212371826172
IA_ADAMS,2012,109.8,xgboost,143.24502563476562
IA_ALLAMAKEE,2012,153.6,xgboost,160.84397888183594
IA_APPANOOSE,2012,44.5,xgboost,153.13352966308594
IA_AUDUBON,2012,114.8,xgboost,155.9062042236328
IA_BENTON,2012,129.3,xgboost,154.20640563964844
IA_BLACK_HAWK,2012,126.4,xgboost,154.69699096679688
IA_BOONE,2012,147.1,xgboost,151.92562866210938
IA_BREMER,2012,133.3,xgboost,162.25079345703125
IA_BUCHANAN,2012,140.4,xgboost,164.07608032226562
IA_BUENA_VISTA,2012,148.2,xgboost,158.48419189453125
IA_BUTLER,2012,122.0,xgboost,161.34518432617188
IA_CALHOUN,2012,134.8,xgboost,154.4628448486328
IA_CARROLL,2012,105.3,xgboost,155.398681640625
IA_CASS,2012,120.4,xgboost,155.431884765625
IA_CEDAR,2012,158.9,xgboost,146.39044189453125
IA_CERRO_GORDO,2012,124.8,xgboost,166.7809295654297
IA_CHEROKEE,2012,158.7,xgboost,160.54693603515625
IA_CHICKASAW,2012,125.8,xgboost,162.8698272705078
IA_CLARKE,2012,76.7,xgboost,141.6486053466797
IA_CLAY,2012,170.1,xgboost,157.48802185058594
IA_CLAYTON,2012,152.9,xgboost,159.99928283691406
IA_CLINTON,2012,139.6,xgboost,147.2293701171875
IA_CRAWFORD,2012,131.3,xgboost,153.86798095703125
IA_DALLAS,2012,129.0,xgboost,154.49786376953125
IA_DAVIS,2012,52.4,xgboost,151.62632751464844
IA_DECATUR,2012,61.2,xgboost,141.5401611328125
IA_DELAWARE,2012,129.8,xgboost,161.38084411621094
IA_DES_MOINES,2012,143.7,xgboost,136.53616333007812
IA_DICKINSON,2012,160.9,xgboost,159.23670959472656
IA_DUBUQUE,2012,149.4,xgboost,155.62142944335938
IA_EMMET,2012,166.6,xgboost,158.49009704589844
IA_FAYETTE,2012,151.0,xgboost,159.8834228515625
IA_FLOYD,2012,123.2,xgboost,161.95550537109375
IA_FRANKLIN,2012,150.0,xgboost,163.55889892578125
IA_FREMONT,2012,131.2,xgboost,154.099365234375
IA_GREENE,2012,124.6,xgboost,155.94619750976562
IA_GRUNDY,2012,161.5,xgboost,148.9329376220703
IA_GUTHRIE,2012,113.4,xgboost,153.93479919433594
IA_HAMILTON,2012,138.0,xgboost,154.76890563964844
IA_HANCOCK,2012,143.3,xgboost,164.8192596435547
IA_HARDIN,2012,163.6,xgboost,150.15484619140625
IA_HARRISON,2012,130.9,xgboost,153.41026306152344
IA_HENRY,2012,132.0,xgboost,135.57830810546875
IA_HOWARD,2012,137.8,xgboost,161.47488403320312
IA_HUMBOLDT,2012,146.1,xgboost,155.12269592285156
IA_IDA,2012,151.4,xgboost,156.46136474609375
IA_IOWA,2012,135.7,xgboost,148.95697021484375
IA_JACKSON,2012,114.6,xgboost,149.2510223388672
IA_JASPER,2012,150.9,xgboost,153.05123901367188
IA_JEFFERSON,2012,102.8,xgboost,150.39231872558594
IA_JOHNSON,2012,132.4,xgboost,148.04837036132812
IA_JONES,2012,127.3,xgboost,156.14466857910156
IA_KEOKUK,2012,113.0,xgboost,150.73597717285156
IA_KOSSUTH,2012,164.6,xgboost,159.6315460205078
IA_LEE,2012,116.0,xgboost,134.56959533691406
IA_LINN,2012,124.2,xgboost,152.91415405273438
IA_LOUISA,2012,162.9,xgboost,139.0400848388672
IA_LUCAS,2012,85.3,xgboost,153.6934051513672
IA_LYON,2012,161.6,xgboost,155.91983032226562
IA_MADISON,2012,101.4,xgboost,142.77926635742188
IA_MAHASKA,2012,133.0,xgboost,152.73605346679688
IA_MARION,2012,115.1,xgboost,153.615234375
IA_MARSHALL,2012,157.6,xgboost,148.69239807128906
IA_MILLS,2012,128.8,xgboost,154.68289184570312
IA_MITCHELL,2012,131.4,xgboost,162.51564025878906
IA_MONONA,2012,115.1,xgboost,155.10906982421875
IA_MONROE,2012,67.3,xgboost,152.06021118164062
IA_MONTGOMERY,2012,132.0,xgboost,156.34774780273438
IA_MUSCATINE,2012,152.6,xgboost,142.93087768554688
IA_OSCEOLA,2012,169.6,xgboost,157.97024536132812
IA_PAGE,2012,116.2,xgboost,151.27561950683594
IA_PALO_ALTO,2012,170.6,xgboost,158.72158813476562
IA_PLYMOUTH,2012,110.1,xgboost,156.2224578857422
IA_POCAHONTAS,2012,165.3,xgboost,154.98703002929688
IA_POLK,2012,149.1,xgboost,154.2068328857422
IA_POTTAWATTAMIE,2012,131.9,xgboost,153.38006591796875
IA_POWESHIEK,2012,152.3,xgboost,152.5309600830078
IA_RINGGOLD,2012,71.6,xgboost,141.13389587402344
IA_SAC,2012,130.7,xgboost,155.75613403320312
IA_SCOTT,2012,131.7,xgboost,147.4550018310547
IA_SHELBY,2012,137.8,xgboost,156.95571899414062
IA_SIOUX,2012,143.2,xgboost,160.3743133544922
IA_STORY,2012,157.6,xgboost,150.8243865966797
IA_TAMA,2012,160.2,xgboost,144.811279296875
IA_TAYLOR,2012,91.7,xgboost,142.04412841796875
IA_UNION,2012,87.3,xgboost,141.39942932128906
IA_VAN_BUREN,2012,110.3,xgboost,144.25804138183594
IA_WAPELLO,2012,92.6,xgboost,151.48118591308594
IA_WARREN,2012,103.5,xgboost,156.29429626464844
IA_WASHINGTON,2012,132.1,xgboost,144.91021728515625
IA_WAYNE,2012,55.7,xgboost,140.547607421875
IA_WEBSTER,2012,149.2,xgboost,155.5179901123047
IA_WINNESHIEK,2012,140.6,xgboost,159.9940185546875
IA_WOODBURY,2012,134.8,xgboost,154.52781677246094
IA_WRIGHT,2012,153.7,xgboost,158.4617462158203
IL_ADAMS,2012,76.0,xgboost,119.31224822998047
IL_BOND,2012,33.3,xgboost,118.44424438476562
IL_BROWN,2012,87.0,xgboost,121.57801055908203
IL_BUREAU,2012,145.7,xgboost,157.06982421875
IL_CALHOUN,2012,93.8,xgboost,118.04978942871094
IL_CARROLL,2012,157.9,xgboost,147.77488708496094
IL_CASS,2012,113.2,xgboost,134.90158081054688
IL_CHAMPAIGN,2012,108.9,xgboost,149.4697265625
IL_CHRISTIAN,2012,129.2,xgboost,133.46743774414062
IL_CLARK,2012,51.1,xgboost,122.90143585205078
IL_CLINTON,2012,30.2,xgboost,118.11560821533203
IL_COLES,2012,89.3,xgboost,120.91083526611328
IL_CRAWFORD,2012,34.7,xgboost,119.18714141845703
IL_CUMBERLAND,2012,34.3,xgboost,120.22893524169922
IL_DE_WITT,2012,134.4,xgboost,146.15089416503906
IL_DOUGLAS,2012,99.4,xgboost,136.96661376953125
IL_EDGAR,2012,96.7,xgboost,128.16537475585938
IL_EDWARDS,2012,40.0,xgboost,123.98904418945312
IL_EFFINGHAM,2012,42.9,xgboost,115.95439910888672
IL_FAYETTE,2012,29.3,xgboost,117.89424896240234
IL_FORD,2012,63.9,xgboost,154.34242248535156
IL_FRANKLIN,2012,30.1,xgboost,122.69620513916016
IL_FULTON,2012,114.5,xgboost,139.09060668945312
IL_GALLATIN,2012,76.7,xgboost,129.94784545898438
IL_GREENE,2012,103.4,xgboost,121.86096954345703
IL_GRUNDY,2012,101.1,xgboost,155.41107177734375
IL_HAMILTON,2012,31.5,xgboost,125.78565979003906
IL_HANCOCK,2012,134.3,xgboost,130.24705505371094
IL_HARDIN,2012,55.7,xgboost,135.320556640625
IL_HENDERSON,2012,162.6,xgboost,140.51556396484375
IL_HENRY,2012,140.0,xgboost,151.9619903564453
IL_IROQUOIS,2012,105.7,xgboost,154.44107055664062
IL_JACKSON,2012,37.7,xgboost,128.12545776367188
IL_JASPER,2012,28.9,xgboost,117.4747314453125
IL_JERSEY,2012,81.6,xgboost,120.9552230834961
IL_JO_DAVIESS,2012,97.4,xgboost,149.3054962158203
IL_KANE,2012,140.7,xgboost,149.61337280273438
IL_KANKAKEE,2012,119.2,xgboost,149.71604919433594
IL_KENDALL,2012,102.4,xgboost,152.0513153076172
IL_KNOX,2012,160.8,xgboost,142.66757202148438
IL_LEE,2012,142.3,xgboost,148.8873748779297
IL_LIVINGSTON,2012,83.3,xgboost,153.6231689453125
IL_LOGAN,2012,96.5,xgboost,141.40280151367188
IL_MACON,2012,102.8,xgboost,133.7123260498047
IL_MACOUPIN,2012,85.7,xgboost,121.3253402709961
IL_MADISON,2012,54.8,xgboost,121.08645629882812
IL_MARION,2012,19.0,xgboost,117.2480239868164
IL_MARSHALL,2012,123.9,xgboost,155.1846160888672
IL_MASON,2012,110.2,xgboost,141.08493041992188
IL_MCDONOUGH,2012,139.0,xgboost,129.2433624267578
IL_MCHENRY,2012,124.4,xgboost,151.62460327148438
IL_MCLEAN,2012,109.5,xgboost,156.5197296142578
IL_MENARD,2012,97.4,xgboost,129.9927520751953
IL_MERCER,2012,180.1,xgboost,142.21556091308594
IL_MONROE,2012,69.6,xgboost,114.50447082519531
IL_MONTGOMERY,2012,73.2,xgboost,131.89471435546875
IL_MORGAN,2012,112.4,xgboost,136.61363220214844
IL_MOULTRIE,2012,115.1,xgboost,133.6617431640625
IL_OGLE,2012,142.9,xgboost,149.64834594726562
IL_PEORIA,2012,161.9,xgboost,152.66259765625
IL_PERRY,2012,23.3,xgboost,113.03427124023438
IL_PIATT,2012,130.8,xgboost,135.348876953125
IL_PIKE,2012,90.5,xgboost,120.23637390136719
IL_POPE,2012,47.6,xgboost,130.55677795410156
IL_PULASKI,2012,64.4,xgboost,126.51996612548828
IL_RANDOLPH,2012,45.5,xgboost,115.19044494628906
IL_RICHLAND,2012,26.5,xgboost,119.10941314697266
IL_SALINE,2012,50.0,xgboost,128.503173828125
IL_SANGAMON,2012,131.3,xgboost,136.47166442871094
IL_SCHUYLER,2012,75.9,xgboost,129.88417053222656
IL_SCOTT,2012,117.3,xgboost,128.95315551757812
IL_SHELBY,2012,72.4,xgboost,132.44554138183594
IL_STARK,2012,148.4,xgboost,155.57733154296875
IL_STEPHENSON,2012,102.8,xgboost,152.78611755371094
IL_TAZEWELL,2012,133.4,xgboost,146.363037109375
IL_UNION,2012,53.3,xgboost,126.9277114868164
IL_VERMILION,2012,100.1,xgboost,156.60919189453125
IL_WABASH,2012,52.1,xgboost,127.40673828125
IL_WARREN,2012,164.9,xgboost,144.330322265625
IL_WASHINGTON,2012,21.1,xgboost,113.7320327758789
IL_WAYNE,2012,39.7,xgboost,120.91133117675781
IL_WHITE,2012,69.2,xgboost,126.87934875488281
IL_WHITESIDE,2012,139.8,xgboost,149.98440551757812
IL_WILL,2012,126.0,xgboost,153.4691162109375
IL_WILLIAMSON,2012,33.7,xgboost,130.14605712890625
IL_WINNEBAGO,2012,99.6,xgboost,152.88705444335938
IL_WOODFORD,2012,102.5,xgboost,152.08721923828125
IN_ADAMS,2012,111.8,xgboost,146.77035522460938
IN_ALLEN,2012,109.0,xgboost,147.9055633544922
IN_BARTHOLOMEW,2012,78.8,xgboost,146.70982360839844
IN_BENTON,2012,116.9,xgboost,152.28347778320312
IN_BLACKFORD,2012,119.2,xgboost,144.9396209716797
IN_BOONE,2012,91.6,xgboost,147.22869873046875
IN_BROWN,2012,71.6,xgboost,138.4861602783203
IN_CARROLL,2012,115.5,xgboost,145.16629028320312
IN_CASS,2012,108.0,xgboost,142.8973388671875
IN_CLARK,2012,69.9,xgboost,148.0203399658203
IN_CLAY,2012,61.2,xgboost,141.15611267089844
IN_CLINTON,2012,148.0,xgboost,146.5127716064453
IN_DAVIESS,2012,72.9,xgboost,139.11135864257812
IN_DEARBORN,2012,88.0,xgboost,148.95553588867188
IN_DECATUR,2012,86.1,xgboost,150.24183654785156
IN_DELAWARE,2012,111.5,xgboost,144.42066955566406
IN_DUBOIS,2012,62.1,xgboost,134.9298095703125
IN_ELKHART,2012,92.5,xgboost,156.44229125976562
IN_FAYETTE,2012,74.9,xgboost,143.82406616210938
IN_FLOYD,2012,55.7,xgboost,148.5407257080078
IN_FOUNTAIN,2012,101.9,xgboost,151.15750122070312
IN_FRANKLIN,2012,89.1,xgboost,155.23353576660156
IN_FULTON,2012,127.1,xgboost,143.51649475097656
IN_GIBSON,2012,64.8,xgboost,136.49005126953125
IN_HAMILTON,2012,121.9,xgboost,147.51730346679688
IN_HANCOCK,2012,90.5,xgboost,148.8118133544922
IN_HARRISON,2012,52.2,xgboost,146.6267852783203
IN_HENDRICKS,2012,58.3,xgboost,150.5196075439453
IN_HENRY,2012,92.4,xgboost,147.1212615966797
IN_HOWARD,2012,154.2,xgboost,143.90606689453125
IN_HUNTINGTON,2012,108.3,xgboost,143.24899291992188
IN_JACKSON,2012,81.3,xgboost,137.2637939453125
IN_JASPER,2012,144.6,xgboost,143.0833740234375
IN_JAY,2012,107.7,xgboost,143.14544677734375
IN_JENNINGS,2012,89.2,xgboost,137.2415771484375
IN_JOHNSON,2012,58.1,xgboost,149.54103088378906
IN_KNOX,2012,71.4,xgboost,135.8147430419922
IN_KOSCIUSKO,2012,104.0,xgboost,152.33102416992188
IN_LAGRANGE,2012,96.7,xgboost,154.76583862304688
IN_LAKE,2012,158.7,xgboost,153.16758728027344
IN_LAWRENCE,2012,52.8,xgboost,130.08877563476562
IN_MADISON,2012,119.9,xgboost,146.1313934326172
IN_MARSHALL,2012,97.8,xgboost,151.10401916503906
IN_MARTIN,2012,53.1,xgboost,134.74644470214844
IN_MIAMI,2012,126.8,xgboost,146.0224609375
IN_MONROE,2012,44.7,xgboost,135.54373168945312
IN_MONTGOMERY,2012,104.5,xgboost,149.71986389160156
IN_MORGAN,2012,42.3,xgboost,149.544189453125
IN_NEWTON,2012,132.6,xgboost,145.58053588867188
IN_NOBLE,2012,105.7,xgboost,152.88536071777344
IN_ORANGE,2012,30.1,xgboost,130.49583435058594
IN_OWEN,2012,41.0,xgboost,136.71633911132812
IN_PARKE,2012,64.2,xgboost,149.0229949951172
IN_PIKE,2012,57.8,xgboost,133.5082550048828
IN_PORTER,2012,165.7,xgboost,144.16867065429688
IN_POSEY,2012,75.2,xgboost,137.39950561523438
IN_PULASKI,2012,110.9,xgboost,142.51080322265625
IN_PUTNAM,2012,61.4,xgboost,148.66339111328125
IN_RANDOLPH,2012,94.0,xgboost,145.70697021484375
IN_RIPLEY,2012,101.3,xgboost,156.68087768554688
IN_RUSH,2012,79.6,xgboost,147.31951904296875
IN_SCOTT,2012,107.5,xgboost,140.36863708496094
IN_SHELBY,2012,62.4,xgboost,148.7664337158203
IN_SPENCER,2012,69.8,xgboost,138.70913696289062
IN_ST._JOSEPH,2012,133.9,xgboost,153.7215118408203
IN_STARKE,2012,99.7,xgboost,146.62828063964844
IN_STEUBEN,2012,87.4,xgboost,154.5350341796875
IN_TIPPECANOE,2012,112.0,xgboost,149.44264221191406
IN_TIPTON,2012,157.9,xgboost,145.91683959960938
IN_UNION,2012,91.7,xgboost,147.44825744628906
IN_VANDERBURGH,2012,60.4,xgboost,139.82452392578125
IN_VERMILLION,2012,86.3,xgboost,151.21401977539062
IN_VIGO,2012,65.9,xgboost,134.3562774658203
IN_WABASH,2012,105.4,xgboost,145.066162109375
IN_WARREN,2012,110.4,xgboost,159.90504455566406
IN_WARRICK,2012,51.1,xgboost,138.4256591796875
IN_WASHINGTON,2012,57.5,xgboost,141.1044158935547
IN_WAYNE,2012,79.8,xgboost,146.50669860839844
IN_WELLS,2012,122.0,xgboost,143.7468719482422
IN_WHITE,2012,115.6,xgboost,145.651123046875
IN_WHITLEY,2012,96.4,xgboost,146.9839324951172
MI_ALLEGAN,2012,119.1,xgboost,150.90982055664062
MI_ARENAC,2012,146.2,xgboost,136.3721466064453
MI_BARRY,2012,121.0,xgboost,147.88934326171875
MI_BAY,2012,161.2,xgboost,134.9427490234375
MI_BERRIEN,2012,143.3,xgboost,148.83731079101562
MI_BRANCH,2012,112.8,xgboost,148.5484619140625
MI_CALHOUN,2012,87.1,xgboost,146.4268798828125
MI_CASS,2012,138.4,xgboost,149.74124145507812
MI_CLINTON,2012,149.0,xgboost,147.9414825439453
MI_EATON,2012,124.2,xgboost,145.73191833496094
MI_GENESEE,2012,134.5,xgboost,151.25294494628906
MI_GRATIOT,2012,171.8,xgboost,152.41006469726562
MI_HILLSDALE,2012,112.5,xgboost,149.59461975097656
MI_HURON,2012,144.6,xgboost,140.63145446777344
MI_INGHAM,2012,120.5,xgboost,144.95928955078125
MI_IONIA,2012,140.5,xgboost,152.4604034423828
MI_JACKSON,2012,78.7,xgboost,147.4659881591797
MI_KALAMAZOO,2012,138.2,xgboost,146.30751037597656
MI_KENT,2012,129.9,xgboost,152.842529296875
MI_LAPEER,2012,150.3,xgboost,146.09181213378906
MI_LENAWEE,2012,100.3,xgboost,146.57452392578125
MI_LIVINGSTON,2012,126.3,xgboost,147.88955688476562
MI_MACOMB,2012,166.5,xgboost,150.99778747558594
MI_MIDLAND,2012,163.1,xgboost,140.1634521484375
MI_MONROE,2012,101.6,xgboost,143.38978576660156
MI_MONTCALM,2012,141.4,xgboost,145.84744262695312
MI_MUSKEGON,2012,115.2,xgboost,138.86302185058594
MI_NEWAYGO,2012,135.8,xgboost,133.3006591796875
MI_OAKLAND,2012,120.6,xgboost,148.3323974609375
MI_OCEANA,2012,124.9,xgboost,130.75921630859375
MI_OTTAWA,2012,111.2,xgboost,152.42210388183594
MI_SAGINAW,2012,155.8,xgboost,144.9588165283203
MI_SANILAC,2012,158.7,xgboost,139.66433715820312
MI_SHIAWASSEE,2012,139.2,xgboost,151.7291259765625
MI_TUSCOLA,2012,160.3,xgboost,142.50762939453125
MI_VAN_BUREN,2012,133.7,xgboost,151.2410888671875
MI_WASHTENAW,2012,73.3,xgboost,147.45753479003906
MI_WAYNE,2012,83.5,xgboost,140.1754913330078
MN_BLUE_EARTH,2012,170.5,xgboost,155.4832000732422
MN_BROWN,2012,158.4,xgboost,151.36380004882812
MN_CHIPPEWA,2012,179.5,xgboost,154.06576538085938
MN_FILLMORE,2012,171.1,xgboost,156.82545471191406
MN_GOODHUE,2012,186.6,xgboost,154.60523986816406
MN_HOUSTON,2012,171.3,xgboost,153.70071411132812
MN_MARTIN,2012,170.7,xgboost,153.17967224121094
MN_MURRAY,2012,150.7,xgboost,149.08058166503906
MN_NICOLLET,2012,160.1,xgboost,151.10977172851562
MN_NOBLES,2012,155.5,xgboost,147.89662170410156
MN_PIPESTONE,2012,143.6,xgboost,148.75119018554688
MN_REDWOOD,2012,164.1,xgboost,151.82958984375
MN_RENVILLE,2012,173.6,xgboost,155.61508178710938
MN_ROCK,2012,156.8,xgboost,155.04586791992188
MN_WABASHA,2012,187.4,xgboost,154.0648193359375
MN_WINONA,2012,177.5,xgboost,157.329833984375
MN_YELLOW_MEDICINE,2012,146.5,xgboost,150.10850524902344
MO_ADAIR,2012,43.6,xgboost,122.5115966796875
MO_ANDREW,2012,71.0,xgboost,140.6337127685547
MO_ATCHISON,2012,106.0,xgboost,143.84649658203125
MO_AUDRAIN,2012,33.4,xgboost,105.2206802368164
MO_BARTON,2012,71.6,xgboost,127.6995620727539
MO_BENTON,2012,43.4,xgboost,104.12989044189453
MO_BOLLINGER,2012,107.0,xgboost,125.16549682617188
MO_BOONE,2012,41.1,xgboost,101.71009063720703
MO_BUCHANAN,2012,112.3,xgboost,138.1046600341797
MO_BUTLER,2012,156.9,xgboost,140.3762969970703
MO_CALDWELL,2012,41.1,xgboost,123.43972778320312
MO_CALLAWAY,2012,41.8,xgboost,103.28376007080078
MO_CAPE_GIRARDEAU,2012,80.1,xgboost,140.3046112060547
MO_CARROLL,2012,84.4,xgboost,112.7557601928711
MO_CASS,2012,48.5,xgboost,116.1667251586914
MO_CHARITON,2012,57.2,xgboost,109.73236083984375
MO_CLARK,2012,68.6,xgboost,116.9801254272461
MO_CLAY,2012,86.7,xgboost,117.0811767578125
MO_CLINTON,2012,57.6,xgboost,131.42205810546875
MO_COLE,2012,73.1,xgboost,102.14138793945312
MO_COOPER,2012,57.2,xgboost,102.15965270996094
MO_DADE,2012,87.9,xgboost,124.30012512207031
MO_DUNKLIN,2012,155.3,xgboost,140.4105224609375
MO_FRANKLIN,2012,48.5,xgboost,110.94322967529297
MO_GASCONADE,2012,64.0,xgboost,111.17869567871094
MO_GRUNDY,2012,60.5,xgboost,135.2277069091797
MO_HARRISON,2012,43.8,xgboost,135.5705108642578
MO_HENRY,2012,34.5,xgboost,107.56041717529297
MO_HOLT,2012,129.2,xgboost,144.42445373535156
MO_HOWARD,2012,81.3,xgboost,102.22074127197266
MO_JACKSON,2012,75.2,xgboost,117.0957260131836
MO_JASPER,2012,61.6,xgboost,126.45353698730469
MO_JEFFERSON,2012,44.7,xgboost,108.4881362915039
MO_JOHNSON,2012,56.6,xgboost,115.42514038085938
MO_KNOX,2012,40.6,xgboost,116.3345718383789
MO_LAFAYETTE,2012,80.1,xgboost,115.51753997802734
MO_LAWRENCE,2012,70.2,xgboost,114.42819213867188
MO_LEWIS,2012,41.0,xgboost,110.36128234863281
MO_LINCOLN,2012,44.8,xgboost,113.63603210449219
MO_LINN,2012,51.3,xgboost,113.72965240478516
MO_LIVINGSTON,2012,50.1,xgboost,127.4710922241211
MO_MACON,2012,45.4,xgboost,110.94548034667969
MO_MARION,2012,66.7,xgboost,108.81546783447266
MO_MISSISSIPPI,2012,131.3,xgboost,143.0361785888672
MO_MONITEAU,2012,43.9,xgboost,101.18515014648438
MO_MONROE,2012,22.3,xgboost,105.42625427246094
MO_MONTGOMERY,2012,31.1,xgboost,107.4687728881836
MO_MORGAN,2012,40.5,xgboost,101.75642395019531
MO_NEW_MADRID,2012,159.1,xgboost,139.06240844726562
MO_NODAWAY,2012,88.1,xgboost,142.23179626464844
MO_PEMISCOT,2012,160.1,xgboost,139.51348876953125
MO_PERRY,2012,60.7,xgboost,117.81248474121094
MO_PETTIS,2012,42.1,xgboost,104.3187484741211
MO_PIKE,2012,43.0,xgboost,109.75582122802734
MO_PLATTE,2012,83.7,xgboost,125.72299194335938
MO_PUTNAM,2012,65.6,xgboost,137.13145446777344
MO_RALLS,2012,40.7,xgboost,111.28123474121094
MO_RANDOLPH,2012,39.5,xgboost,103.27039337158203
MO_RAY,2012,87.7,xgboost,113.92657470703125
MO_SALINE,2012,84.3,xgboost,118.39810943603516
MO_SCOTLAND,2012,60.6,xgboost,140.1224822998047
MO_SCOTT,2012,139.2,xgboost,143.90980529785156
MO_SHELBY,2012,35.5,xgboost,106.8226089477539
MO_STODDARD,2012,129.6,xgboost,140.3762969970703
MO_SULLIVAN,2012,45.9,xgboost,137.68179321289062
MO_VERNON,2012,67.7,xgboost,116.45706176757812
MO_WARREN,2012,50.0,xgboost,110.55066680908203
MO_WAYNE,2012,53.8,xgboost,118.36563110351562
MO_WORTH,2012,60.4,xgboost,136.37966918945312
OH_ADAMS,2012,80.5,xgboost,144.09320068359375
OH_ALLEN,2012,111.1,xgboost,139.58396911621094
OH_ASHLAND,2012,118.3,xgboost,150.65054321289062
OH_ASHTABULA,2012,132.6,xgboost,152.8407745361328
OH_AUGLAIZE,2012,104.5,xgboost,141.9999542236328
OH_BELMONT,2012,96.7,xgboost,143.2839813232422
OH_BROWN,2012,123.8,xgboost,142.34207153320312
OH_BUTLER,2012,64.5,xgboost,147.2303924560547
OH_CHAMPAIGN,2012,121.9,xgboost,148.75904846191406
OH_CLARK,2012,138.3,xgboost,148.50692749023438
OH_CLERMONT,2012,115.2,xgboost,145.5426788330078
OH_CLINTON,2012,145.1,xgboost,145.56539916992188
OH_COLUMBIANA,2012,129.3,xgboost,149.48045349121094
OH_COSHOCTON,2012,114.3,xgboost,145.4734649658203
OH_CRAWFORD,2012,131.7,xgboost,151.43492126464844
OH_DARKE,2012,100.1,xgboost,141.74652099609375
OH_DEFIANCE,2012,80.2,xgboost,147.7136688232422
OH_DELAWARE,2012,132.8,xgboost,149.3638153076172
OH_ERIE,2012,141.4,xgboost,143.6893768310547
OH_FAIRFIELD,2012,105.7,xgboost,147.14317321777344
OH_FAYETTE,2012,125.8,xgboost,147.69943237304688
OH_FULTON,2012,118.4,xgboost,148.16839599609375
OH_GREENE,2012,142.0,xgboost,150.81985473632812
OH_GUERNSEY,2012,122.1,xgboost,146.0379180908203
OH_HAMILTON,2012,98.2,xgboost,143.0342254638672
OH_HANCOCK,2012,140.4,xgboost,145.09274291992188
OH_HARDIN,2012,134.4,xgboost,143.46444702148438
OH_HARRISON,2012,106.2,xgboost,144.08831787109375
OH_HENRY,2012,98.6,xgboost,148.15634155273438
OH_HIGHLAND,2012,118.4,xgboost,147.08499145507812
OH_HOCKING,2012,110.0,xgboost,144.18167114257812
OH_HOLMES,2012,127.2,xgboost,144.4984588623047
OH_HURON,2012,139.9,xgboost,147.05296325683594
OH_KNOX,2012,140.1,xgboost,146.0803680419922
OH_LICKING,2012,129.5,xgboost,145.4878692626953
OH_LOGAN,2012,140.5,xgboost,148.91021728515625
OH_LORAIN,2012,148.5,xgboost,145.3553466796875
OH_LUCAS,2012,141.6,xgboost,144.06927490234375
OH_MADISON,2012,140.9,xgboost,149.31776428222656
OH_MAHONING,2012,138.5,xgboost,149.6280517578125
OH_MARION,2012,129.8,xgboost,150.46694946289062
OH_MEDINA,2012,115.2,xgboost,150.85948181152344
OH_MERCER,2012,107.7,xgboost,142.160400390625
OH_MIAMI,2012,107.4,xgboost,143.95703125
OH_MONTGOMERY,2012,67.4,xgboost,145.70408630371094
OH_MORGAN,2012,103.9,xgboost,144.67613220214844
OH_MORROW,2012,144.7,xgboost,148.50698852539062
OH_MUSKINGUM,2012,129.1,xgboost,146.26596069335938
OH_NOBLE,2012,111.2,xgboost,146.95962524414062
OH_OTTAWA,2012,154.0,xgboost,144.9842529296875
OH_PAULDING,2012,89.4,xgboost,141.58596801757812
OH_PERRY,2012,101.7,xgboost,144.7468719482422
OH_PICKAWAY,2012,93.9,xgboost,148.0992889404297
OH_PORTAGE,2012,138.0,xgboost,149.4589080810547
OH_PREBLE,2012,75.0,xgboost,141.44473266601562
OH_PUTNAM,2012,114.0,xgboost,142.0045623779297
OH_RICHLAND,2012,122.5,xgboost,150.96865844726562
OH_SANDUSKY,2012,143.8,xgboost,147.35035705566406
OH_SENECA,2012,114.4,xgboost,143.89633178710938
OH_SHELBY,2012,132.7,xgboost,141.4243621826172
OH_STARK,2012,118.5,xgboost,147.86178588867188
OH_SUMMIT,2012,102.9,xgboost,148.6044158935547
OH_TRUMBULL,2012,141.4,xgboost,150.96763610839844
OH_TUSCARAWAS,2012,110.2,xgboost,143.622314453125
OH_UNION,2012,135.5,xgboost,149.22242736816406
OH_VAN_WERT,2012,119.5,xgboost,139.3195037841797
OH_WARREN,2012,127.2,xgboost,148.17079162597656
OH_WAYNE,2012,125.9,xgboost,148.1175079345703
OH_WILLIAMS,2012,96.1,xgboost,153.43902587890625
OH_WOOD,2012,133.1,xgboost,144.85809326171875
OH_WYANDOT,2012,123.2,xgboost,143.8476104736328
WI_ADAMS,2012,104.3,xgboost,138.36705017089844
WI_BUFFALO,2012,146.1,xgboost,149.88392639160156
WI_COLUMBIA,2012,109.7,xgboost,150.3739776611328
WI_CRAWFORD,2012,126.8,xgboost,149.25759887695312
WI_DANE,2012,110.9,xgboost,148.52430725097656
WI_DODGE,2012,140.1,xgboost,143.3403778076172
WI_DUNN,2012,135.8,xgboost,144.39430236816406
WI_EAU_CLAIRE,2012,116.0,xgboost,149.20858764648438
WI_FOND_DU_LAC,2012,120.4,xgboost,145.76104736328125
WI_GRANT,2012,104.7,xgboost,150.24136352539062
WI_GREEN,2012,76.0,xgboost,144.86512756347656
WI_GREEN_LAKE,2012,97.3,xgboost,151.5856170654297
WI_IOWA,2012,87.7,xgboost,153.6472930908203
WI_JACKSON,2012,116.1,xgboost,150.54554748535156
WI_JEFFERSON,2012,114.5,xgboost,141.03659057617188
WI_JUNEAU,2012,105.6,xgboost,148.11489868164062
WI_KENOSHA,2012,127.3,xgboost,147.5390625
WI_LAFAYETTE,2012,77.6,xgboost,155.80093383789062
WI_LANGLADE,2012,127.9,xgboost,152.64447021484375
WI_LA_CROSSE,2012,137.1,xgboost,148.60154724121094
WI_MARINETTE,2012,130.6,xgboost,136.27926635742188
WI_MARQUETTE,2012,60.0,xgboost,138.46670532226562
WI_MILWAUKEE,2012,125.0,xgboost,139.84555053710938
WI_MONROE,2012,122.6,xgboost,149.11573791503906
WI_OCONTO,2012,156.7,xgboost,141.95687866210938
WI_OUTAGAMIE,2012,154.3,xgboost,149.26890563964844
WI_OZAUKEE,2012,132.5,xgboost,137.54420471191406
WI_PEPIN,2012,144.9,xgboost,143.8895263671875
WI_PORTAGE,2012,118.4,xgboost,151.38597106933594
WI_RACINE,2012,132.2,xgboost,145.9600067138672
WI_RICHLAND,2012,110.0,xgboost,147.78335571289062
WI_ROCK,2012,101.7,xgboost,147.55113220214844
WI_SAUK,2012,113.0,xgboost,149.77581787109375
WI_SHEBOYGAN,2012,135.9,xgboost,142.6390380859375
WI_TREMPEALEAU,2012,126.8,xgboost,150.3649139404297
WI_VERNON,2012,127.4,xgboost,153.47019958496094
WI_WALWORTH,2012,102.0,xgboost,137.94662475585938
WI_WASHINGTON,2012,93.7,xgboost,138.00315856933594
WI_WAUKESHA,2012,96.7,xgboost,139.09645080566406
WI_WAUSHARA,2012,118.1,xgboost,147.760498046875
WI_WINNEBAGO,2012,109.8,xgboost,149.44375610351562
IA_ADAIR,2013,137.8,global_mean,143.33444113263786
IA_ADAMS,2013,147.6,global_mean,143.33444113263786
IA_ALLAMAKEE,2013,162.1,global_mean,143.33444113263786
IA_APPANOOSE,2013,109.1,global_mean,143.33444113263786
IA_AUDUBON,2013,157.1,global_mean,143.33444113263786
IA_BENTON,2013,163.7,global_mean,143.33444113263786
IA_BLACK_HAWK,2013,166.1,global_mean,143.33444113263786
IA_BOONE,2013,154.2,global_mean,143.33444113263786
IA_BREMER,2013,175.1,global_mean,143.33444113263786
IA_BUCHANAN,2013,168.8,global_mean,143.33444113263786
IA_BUENA_VISTA,2013,160.5,global_mean,143.33444113263786
IA_BUTLER,2013,179.2,global_mean,143.33444113263786
IA_CALHOUN,2013,132.6,global_mean,143.33444113263786
IA_CARROLL,2013,136.5,global_mean,143.33444113263786
IA_CASS,2013,159.5,global_mean,143.33444113263786
IA_CEDAR,2013,169.7,global_mean,143.33444113263786
IA_CERRO_GORDO,2013,163.1,global_mean,143.33444113263786
IA_CHEROKEE,2013,185.1,global_mean,143.33444113263786
IA_CHICKASAW,2013,171.8,global_mean,143.33444113263786
IA_CLARKE,2013,126.5,global_mean,143.33444113263786
IA_CLAY,2013,167.2,global_mean,143.33444113263786
IA_CLAYTON,2013,181.2,global_mean,143.33444113263786
IA_CLINTON,2013,185.6,global_mean,143.33444113263786
IA_CRAWFORD,2013,157.8,global_mean,143.33444113263786
IA_DALLAS,2013,145.3,global_mean,143.33444113263786
IA_DAVIS,2013,146.7,global_mean,143.33444113263786
IA_DECATUR,2013,131.2,global_mean,143.33444113263786
IA_DELAWARE,2013,184.7,global_mean,143.33444113263786
IA_DES_MOINES,2013,165.4,global_mean,143.33444113263786
IA_DICKINSON,2013,162.4,global_mean,143.33444113263786
IA_DUBUQUE,2013,196.0,global_mean,143.33444113263786
IA_EMMET,2013,166.4,global_mean,143.33444113263786
IA_FAYETTE,2013,181.2,global_mean,143.33444113263786
IA_FLOYD,2013,170.0,global_mean,143.33444113263786
IA_FRANKLIN,2013,179.6,global_mean,143.33444113263786
IA_FREMONT,2013,159.9,global_mean,143.33444113263786
IA_GREENE,2013,137.9,global_mean,143.33444113263786
IA_GRUNDY,2013,180.8,global_mean,143.33444113263786
IA_GUTHRIE,2013,130.1,global_mean,143.33444113263786
IA_HAMILTON,2013,135.0,global_mean,143.33444113263786
IA_HANCOCK,2013,169.9,global_mean,143.33444113263786
IA_HARDIN,2013,156.6,global_mean,143.33444113263786
IA_HARRISON,2013,177.1,global_mean,143.33444113263786
IA_HENRY,2013,160.4,global_mean,143.33444113263786
IA_HOWARD,2013,159.1,global_mean,143.33444113263786
IA_HUMBOLDT,2013,155.4,global_mean,143.33444113263786
IA_IDA,2013,177.7,global_mean,143.33444113263786
IA_IOWA,2013,165.9,global_mean,143.33444113263786
IA_JACKSON,2013,173.2,global_mean,143.33444113263786
IA_JASPER,2013,158.8,global_mean,143.33444113263786
IA_JEFFERSON,2013,145.5,global_mean,143.33444113263786
IA_JOHNSON,2013,181.1,global_mean,143.33444113263786
IA_JONES,2013,179.3,global_mean,143.33444113263786
IA_KEOKUK,2013,156.7,global_mean,143.33444113263786
IA_KOSSUTH,2013,167.7,global_mean,143.33444113263786
IA_LEE,2013,144.1,global_mean,143.33444113263786
IA_LINN,2013,178.6,global_mean,143.33444113263786
IA_LOUISA,2013,158.5,global_mean,143.33444113263786
IA_LUCAS,2013,117.9,global_mean,143.33444113263786
IA_LYON,2013,190.5,global_mean,143.33444113263786
IA_MADISON,2013,140.9,global_mean,143.33444113263786
IA_MAHASKA,2013,168.6,global_mean,143.33444113263786
IA_MARION,2013,156.4,global_mean,143.33444113263786
IA_MARSHALL,2013,163.2,global_mean,143.33444113263786
IA_MILLS,2013,171.0,global_mean,143.33444113263786
IA_MITCHELL,2013,164.1,global_mean,143.33444113263786
IA_MONONA,2013,175.2,global_mean,143.33444113263786
IA_MONROE,2013,115.3,global_mean,143.33444113263786
IA_MONTGOMERY,2013,154.0,global_mean,143.33444113263786
IA_MUSCATINE,2013,158.3,global_mean,143.33444113263786
IA_OSCEOLA,2013,182.0,global_mean,143.33444113263786
IA_PAGE,2013,154.5,global_mean,143.33444113263786
IA_PALO_ALTO,2013,168.8,global_mean,143.33444113263786
IA_PLYMOUTH,2013,188.9,global_mean,143.33444113263786
IA_POCAHONTAS,2013,163.8,global_mean,143.33444113263786
IA_POLK,2013,143.6,global_mean,143.33444113263786
IA_POTTAWATTAMIE,2013,179.4,global_mean,143.33444113263786
IA_POWESHIEK,2013,158.5,global_mean,143.33444113263786
IA_RINGGOLD,2013,121.1,global_mean,143.33444113263786
IA_SAC,2013,142.6,global_mean,143.33444113263786
IA_SCOTT,2013,167.8,global_mean,143.33444113263786
IA_SHELBY,2013,182.6,global_mean,143.33444113263786
IA_SIOUX,2013,194.1,global_mean,143.33444113263786
IA_STORY,2013,137.2,global_mean,143.33444113263786
IA_TAMA,2013,158.7,global_mean,143.33444113263786
IA_TAYLOR,2013,136.2,global_mean,143.33444113263786
IA_UNION,2013,137.0,global_mean,143.33444113263786
IA_VAN_BUREN,2013,144.1,global_mean,143.33444113263786
IA_WAPELLO,2013,150.4,global_mean,143.33444113263786
IA_WARREN,2013,146.7,global_mean,143.33444113263786
IA_WASHINGTON,2013,159.0,global_mean,143.33444113263786
IA_WAYNE,2013,125.1,global_mean,143.33444113263786
IA_WEBSTER,2013,137.6,global_mean,143.33444113263786
IA_WINNESHIEK,2013,181.8,global_mean,143.33444113263786
IA_WOODBURY,2013,164.2,global_mean,143.33444113263786
IA_WRIGHT,2013,168.8,global_mean,143.33444113263786
IL_ADAMS,2013,153.3,global_mean,143.33444113263786
IL_BOONE,2013,179.9,global_mean,143.33444113263786
IL_BROWN,2013,176.2,global_mean,143.33444113263786
IL_BUREAU,2013,185.9,global_mean,143.33444113263786
IL_CARROLL,2013,199.6,global_mean,143.33444113263786
IL_CASS,2013,184.1,global_mean,143.33444113263786
IL_CHAMPAIGN,2013,168.1,global_mean,143.33444113263786
IL_CHRISTIAN,2013,199.8,global_mean,143.33444113263786
IL_CLAY,2013,153.5,global_mean,143.33444113263786
IL_CLINTON,2013,162.2,global_mean,143.33444113263786
IL_COLES,2013,182.2,global_mean,143.33444113263786
IL_CRAWFORD,2013,154.1,global_mean,143.33444113263786
IL_CUMBERLAND,2013,171.6,global_mean,143.33444113263786
IL_DOUGLAS,2013,187.1,global_mean,143.33444113263786
IL_EDGAR,2013,186.4,global_mean,143.33444113263786
IL_EDWARDS,2013,154.2,global_mean,143.33444113263786
IL_EFFINGHAM,2013,172.4,global_mean,143.33444113263786
IL_FAYETTE,2013,161.8,global_mean,143.33444113263786
IL_FORD,2013,164.0,global_mean,143.33444113263786
IL_FRANKLIN,2013,164.3,global_mean,143.33444113263786
IL_FULTON,2013,171.4,global_mean,143.33444113263786
IL_GALLATIN,2013,188.7,global_mean,143.33444113263786
IL_GREENE,2013,167.4,global_mean,143.33444113263786
IL_GRUNDY,2013,192.2,global_mean,143.33444113263786
IL_HAMILTON,2013,175.1,global_mean,143.33444113263786
IL_HANCOCK,2013,178.5,global_mean,143.33444113263786
IL_HENDERSON,2013,176.0,global_mean,143.33444113263786
IL_HENRY,2013,184.5,global_mean,143.33444113263786
IL_IROQUOIS,2013,174.4,global_mean,143.33444113263786
IL_JACKSON,2013,172.7,global_mean,143.33444113263786
IL_JASPER,2013,151.0,global_mean,143.33444113263786
IL_JEFFERSON,2013,153.0,global_mean,143.33444113263786
IL_JERSEY,2013,182.9,global_mean,143.33444113263786
IL_JOHNSON,2013,154.4,global_mean,143.33444113263786
IL_JO_DAVIESS,2013,175.5,global_mean,143.33444113263786
IL_KANE,2013,191.7,global_mean,143.33444113263786
IL_KANKAKEE,2013,172.1,global_mean,143.33444113263786
IL_KENDALL,2013,182.2,global_mean,143.33444113263786
IL_KNOX,2013,191.0,global_mean,143.33444113263786
IL_LAKE,2013,153.7,global_mean,143.33444113263786
IL_LEE,2013,171.3,global_mean,143.33444113263786
IL_LIVINGSTON,2013,179.1,global_mean,143.33444113263786
IL_LOGAN,2013,198.1,global_mean,143.33444113263786
IL_MACON,2013,192.7,global_mean,143.33444113263786
IL_MACOUPIN,2013,170.5,global_mean,143.33444113263786
IL_MADISON,2013,164.4,global_mean,143.33444113263786
IL_MARION,2013,159.7,global_mean,143.33444113263786
IL_MARSHALL,2013,191.2,global_mean,143.33444113263786
IL_MASON,2013,163.3,global_mean,143.33444113263786
IL_MASSAC,2013,170.7,global_mean,143.33444113263786
IL_MCDONOUGH,2013,187.8,global_mean,143.33444113263786
IL_MCHENRY,2013,160.6,global_mean,143.33444113263786
IL_MCLEAN,2013,188.6,global_mean,143.33444113263786
IL_MERCER,2013,177.1,global_mean,143.33444113263786
IL_MONROE,2013,147.0,global_mean,143.33444113263786
IL_MONTGOMERY,2013,182.9,global_mean,143.33444113263786
IL_MORGAN,2013,191.2,global_mean,143.33444113263786
IL_MOULTRIE,2013,181.1,global_mean,143.33444113263786
IL_OGLE,2013,189.6,global_mean,143.33444113263786
IL_PEORIA,2013,180.5,global_mean,143.33444113263786
IL_PERRY,2013,136.1,global_mean,143.33444113263786
IL_PIATT,2013,187.4,global_mean,143.33444113263786
IL_PIKE,2013,164.3,global_mean,143.33444113263786
IL_PULASKI,2013,169.9,global_mean,143.33444113263786
IL_PUTNAM,2013,187.2,global_mean,143.33444113263786
IL_RICHLAND,2013,147.7,global_mean,143.33444113263786
IL_ROCK_ISLAND,2013,182.3,global_mean,143.33444113263786
IL_SALINE,2013,171.3,global_mean,143.33444113263786
IL_SANGAMON,2013,198.2,global_mean,143.33444113263786
IL_SCHUYLER,2013,169.0,global_mean,143.33444113263786
IL_SCOTT,2013,168.2,global_mean,143.33444113263786
IL_SHELBY,2013,178.2,global_mean,143.33444113263786
IL_STARK,2013,192.4,global_mean,143.33444113263786
IL_STEPHENSON,2013,182.0,global_mean,143.33444113263786
IL_TAZEWELL,2013,177.1,global_mean,143.33444113263786
IL_UNION,2013,162.3,global_mean,143.33444113263786
IL_VERMILION,2013,176.9,global_mean,143.33444113263786
IL_WABASH,2013,161.5,global_mean,143.33444113263786
IL_WARREN,2013,186.9,global_mean,143.33444113263786
IL_WASHINGTON,2013,160.6,global_mean,143.33444113263786
IL_WAYNE,2013,154.0,global_mean,143.33444113263786
IL_WHITE,2013,187.1,global_mean,143.33444113263786
IL_WHITESIDE,2013,179.8,global_mean,143.33444113263786
IL_WILL,2013,149.1,global_mean,143.33444113263786
IL_WILLIAMSON,2013,173.5,global_mean,143.33444113263786
IL_WINNEBAGO,2013,173.2,global_mean,143.33444113263786
IL_WOODFORD,2013,192.3,global_mean,143.33444113263786
IN_ADAMS,2013,176.7,global_mean,143.33444113263786
IN_ALLEN,2013,180.7,global_mean,143.33444113263786
IN_BARTHOLOMEW,2013,176.6,global_mean,143.33444113263786
IN_BENTON,2013,181.1,global_mean,143.33444113263786
IN_BLACKFORD,2013,172.5,global_mean,143.33444113263786
IN_BOONE,2013,189.8,global_mean,143.33444113263786
IN_CARROLL,2013,197.1,global_mean,143.33444113263786
IN_CASS,2013,192.3,global_mean,143.33444113263786
IN_CLARK,2013,161.2,global_mean,143.33444113263786
IN_CLAY,2013,154.7,global_mean,143.33444113263786
IN_CLINTON,2013,191.5,global_mean,143.33444113263786
IN_DAVIESS,2013,182.9,global_mean,143.33444113263786
IN_DEARBORN,2013,145.8,global_mean,143.33444113263786
IN_DECATUR,2013,183.2,global_mean,143.33444113263786
IN_DELAWARE,2013,174.3,global_mean,143.33444113263786
IN_DUBOIS,2013,180.5,global_mean,143.33444113263786
IN_ELKHART,2013,180.4,global_mean,143.33444113263786
IN_FAYETTE,2013,172.2,global_mean,143.33444113263786
IN_FOUNTAIN,2013,183.5,global_mean,143.33444113263786
IN_FRANKLIN,2013,179.2,global_mean,143.33444113263786
IN_FULTON,2013,179.0,global_mean,143.33444113263786
IN_GIBSON,2013,177.0,global_mean,143.33444113263786
IN_GRANT,2013,181.1,global_mean,143.33444113263786
IN_HAMILTON,2013,173.6,global_mean,143.33444113263786
IN_HANCOCK,2013,173.7,global_mean,143.33444113263786
IN_HARRISON,2013,168.0,global_mean,143.33444113263786
IN_HENDRICKS,2013,183.6,global_mean,143.33444113263786
IN_HUNTINGTON,2013,191.7,global_mean,143.33444113263786
IN_JACKSON,2013,148.8,global_mean,143.33444113263786
IN_JASPER,2013,179.9,global_mean,143.33444113263786
IN_JENNINGS,2013,156.4,global_mean,143.33444113263786
IN_JOHNSON,2013,172.9,global_mean,143.33444113263786
IN_KNOX,2013,180.2,global_mean,143.33444113263786
IN_KOSCIUSKO,2013,176.7,global_mean,143.33444113263786
IN_LAGRANGE,2013,154.4,global_mean,143.33444113263786
IN_LAKE,2013,155.0,global_mean,143.33444113263786
IN_MADISON,2013,181.1,global_mean,143.33444113263786
IN_MARSHALL,2013,171.0,global_mean,143.33444113263786
IN_MIAMI,2013,174.7,global_mean,143.33444113263786
IN_MONROE,2013,185.5,global_mean,143.33444113263786
IN_MONTGOMERY,2013,195.9,global_mean,143.33444113263786
IN_MORGAN,2013,179.8,global_mean,143.33444113263786
IN_NEWTON,2013,174.1,global_mean,143.33444113263786
IN_NOBLE,2013,164.1,global_mean,143.33444113263786
IN_ORANGE,2013,181.4,global_mean,143.33444113263786
IN_OWEN,2013,148.6,global_mean,143.33444113263786
IN_PARKE,2013,173.1,global_mean,143.33444113263786
IN_PIKE,2013,169.1,global_mean,143.33444113263786
IN_PORTER,2013,177.8,global_mean,143.33444113263786
IN_POSEY,2013,193.0,global_mean,143.33444113263786
IN_PULASKI,2013,163.0,global_mean,143.33444113263786
IN_PUTNAM,2013,182.7,global_mean,143.33444113263786
IN_RANDOLPH,2013,171.3,global_mean,143.33444113263786
IN_RIPLEY,2013,170.2,global_mean,143.33444113263786
IN_RUSH,2013,193.6,global_mean,143.33444113263786
IN_SCOTT,2013,164.5,global_mean,143.33444113263786
IN_SHELBY,2013,178.8,global_mean,143.33444113263786
IN_SPENCER,2013,184.7,global_mean,143.33444113263786
IN_ST._JOSEPH,2013,157.9,global_mean,143.33444113263786
IN_STARKE,2013,161.7,global_mean,143.33444113263786
IN_TIPPECANOE,2013,185.1,global_mean,143.33444113263786
IN_TIPTON,2013,191.2,global_mean,143.33444113263786
IN_UNION,2013,211.5,global_mean,143.33444113263786
IN_VANDERBURGH,2013,179.7,global_mean,143.33444113263786
IN_VERMILLION,2013,185.6,global_mean,143.33444113263786
IN_VIGO,2013,159.8,global_mean,143.33444113263786
IN_WABASH,2013,178.8,global_mean,143.33444113263786
IN_WARREN,2013,184.4,global_mean,143.33444113263786
IN_WARRICK,2013,183.6,global_mean,143.33444113263786
IN_WASHINGTON,2013,146.1,global_mean,143.33444113263786
IN_WAYNE,2013,177.3,global_mean,143.33444113263786
IN_WHITE,2013,184.1,global_mean,143.33444113263786
IN_WHITLEY,2013,181.0,global_mean,143.33444113263786
MI_ALLEGAN,2013,156.7,global_mean,143.33444113263786
MI_ARENAC,2013,127.7,global_mean,143.33444113263786
MI_BARRY,2013,165.0,global_mean,143.33444113263786
MI_BAY,2013,145.6,global_mean,143.33444113263786
MI_BERRIEN,2013,151.5,global_mean,143.33444113263786
MI_BRANCH,2013,164.1,global_mean,143.33444113263786
MI_CALHOUN,2013,155.8,global_mean,143.33444113263786
MI_CASS,2013,160.8,global_mean,143.33444113263786
MI_CLINTON,2013,140.2,global_mean,143.33444113263786
MI_EATON,2013,170.8,global_mean,143.33444113263786
MI_GENESEE,2013,141.3,global_mean,143.33444113263786
MI_GRATIOT,2013,146.9,global_mean,143.33444113263786
MI_HILLSDALE,2013,168.7,global_mean,143.33444113263786
MI_HURON,2013,172.4,global_mean,143.33444113263786
MI_INGHAM,2013,161.5,global_mean,143.33444113263786
MI_IONIA,2013,163.0,global_mean,143.33444113263786
MI_JACKSON,2013,156.4,global_mean,143.33444113263786
MI_KALAMAZOO,2013,178.8,global_mean,143.33444113263786
MI_KENT,2013,154.2,global_mean,143.33444113263786
MI_LAPEER,2013,150.7,global_mean,143.33444113263786
MI_LENAWEE,2013,181.5,global_mean,143.33444113263786
MI_LIVINGSTON,2013,153.2,global_mean,143.33444113263786
MI_MACOMB,2013,152.5,global_mean,143.33444113263786
MI_MIDLAND,2013,151.0,global_mean,143.33444113263786
MI_MONROE,2013,152.8,global_mean,143.33444113263786
MI_MONTCALM,2013,143.1,global_mean,143.33444113263786
MI_MUSKEGON,2013,128.3,global_mean,143.33444113263786
MI_NEWAYGO,2013,115.7,global_mean,143.33444113263786
MI_OAKLAND,2013,153.3,global_mean,143.33444113263786
MI_OCEANA,2013,130.3,global_mean,143.33444113263786
MI_OTTAWA,2013,145.9,global_mean,143.33444113263786
MI_SAGINAW,2013,147.4,global_mean,143.33444113263786
MI_SANILAC,2013,172.2,global_mean,143.33444113263786
MI_SHIAWASSEE,2013,155.5,global_mean,143.33444113263786
MI_TUSCOLA,2013,157.1,global_mean,143.33444113263786
MI_VAN_BUREN,2013,156.5,global_mean,143.33444113263786
MI_WASHTENAW,2013,155.7,global_mean,143.33444113263786
MI_WAYNE,2013,130.0,global_mean,143.33444113263786
MN_BLUE_EARTH,2013,185.2,global_mean,143.33444113263786
MN_BROWN,2013,170.8,global_mean,143.33444113263786
MN_CHIPPEWA,2013,175.6,global_mean,143.33444113263786
MN_FILLMORE,2013,171.9,global_mean,143.33444113263786
MN_GOODHUE,2013,181.5,global_mean,143.33444113263786
MN_HOUSTON,2013,153.0,global_mean,143.33444113263786
MN_MARTIN,2013,187.8,global_mean,143.33444113263786
MN_MURRAY,2013,176.2,global_mean,143.33444113263786
MN_NICOLLET,2013,174.0,global_mean,143.33444113263786
MN_NOBLES,2013,168.8,global_mean,143.33444113263786
MN_PIPESTONE,2013,165.0,global_mean,143.33444113263786
MN_REDWOOD,2013,166.5,global_mean,143.33444113263786
MN_RENVILLE,2013,173.4,global_mean,143.33444113263786
MN_ROCK,2013,180.1,global_mean,143.33444113263786
MN_WABASHA,2013,174.1,global_mean,143.33444113263786
MN_WINONA,2013,173.6,global_mean,143.33444113263786
MN_YELLOW_MEDICINE,2013,171.7,global_mean,143.33444113263786
MO_ADAIR,2013,126.2,global_mean,143.33444113263786
MO_ANDREW,2013,133.2,global_mean,143.33444113263786
MO_ATCHISON,2013,165.0,global_mean,143.33444113263786
MO_AUDRAIN,2013,124.3,global_mean,143.33444113263786
MO_BENTON,2013,111.0,global_mean,143.33444113263786
MO_BOLLINGER,2013,153.5,global_mean,143.33444113263786
MO_BOONE,2013,131.9,global_mean,143.33444113263786
MO_BUCHANAN,2013,148.9,global_mean,143.33444113263786
MO_CALDWELL,2013,90.0,global_mean,143.33444113263786
MO_CALLAWAY,2013,135.0,global_mean,143.33444113263786
MO_CAPE_GIRARDEAU,2013,154.1,global_mean,143.33444113263786
MO_CARROLL,2013,141.5,global_mean,143.33444113263786
MO_CASS,2013,107.4,global_mean,143.33444113263786
MO_CEDAR,2013,77.2,global_mean,143.33444113263786
MO_CHARITON,2013,114.1,global_mean,143.33444113263786
MO_CLAY,2013,141.1,global_mean,143.33444113263786
MO_CLINTON,2013,133.4,global_mean,143.33444113263786
MO_COLE,2013,136.1,global_mean,143.33444113263786
MO_DADE,2013,88.0,global_mean,143.33444113263786
MO_DUNKLIN,2013,192.4,global_mean,143.33444113263786
MO_FRANKLIN,2013,149.2,global_mean,143.33444113263786
MO_GASCONADE,2013,123.0,global_mean,143.33444113263786
MO_HENRY,2013,84.6,global_mean,143.33444113263786
MO_HOLT,2013,182.3,global_mean,143.33444113263786
MO_JACKSON,2013,142.3,global_mean,143.33444113263786
MO_JEFFERSON,2013,134.1,global_mean,143.33444113263786
MO_JOHNSON,2013,124.6,global_mean,143.33444113263786
MO_LAFAYETTE,2013,161.5,global_mean,143.33444113263786
MO_LAWRENCE,2013,88.3,global_mean,143.33444113263786
MO_LEWIS,2013,104.1,global_mean,143.33444113263786
MO_LINN,2013,101.5,global_mean,143.33444113263786
MO_LIVINGSTON,2013,99.8,global_mean,143.33444113263786
MO_MACON,2013,109.7,global_mean,143.33444113263786
MO_MISSISSIPPI,2013,191.9,global_mean,143.33444113263786
MO_MONITEAU,2013,124.5,global_mean,143.33444113263786
MO_MONROE,2013,123.0,global_mean,143.33444113263786
MO_MONTGOMERY,2013,122.6,global_mean,143.33444113263786
MO_MORGAN,2013,126.2,global_mean,143.33444113263786
MO_NEW_MADRID,2013,175.7,global_mean,143.33444113263786
MO_NODAWAY,2013,129.8,global_mean,143.33444113263786
MO_PEMISCOT,2013,173.9,global_mean,143.33444113263786
MO_PERRY,2013,160.6,global_mean,143.33444113263786
MO_PETTIS,2013,126.0,global_mean,143.33444113263786
MO_PIKE,2013,157.1,global_mean,143.33444113263786
MO_RALLS,2013,148.2,global_mean,143.33444113263786
MO_RANDOLPH,2013,118.2,global_mean,143.33444113263786
MO_RAY,2013,141.1,global_mean,143.33444113263786
MO_SALINE,2013,153.4,global_mean,143.33444113263786
MO_SCOTLAND,2013,119.1,global_mean,143.33444113263786
MO_SHELBY,2013,97.0,global_mean,143.33444113263786
MO_STODDARD,2013,185.1,global_mean,143.33444113263786
MO_SULLIVAN,2013,95.5,global_mean,143.33444113263786
MO_VERNON,2013,93.5,global_mean,143.33444113263786
MO_WARREN,2013,149.6,global_mean,143.33444113263786
MO_WAYNE,2013,95.0,global_mean,143.33444113263786
MO_WORTH,2013,118.5,global_mean,143.33444113263786
OH_ADAMS,2013,156.2,global_mean,143.33444113263786
OH_ALLEN,2013,183.5,global_mean,143.33444113263786
OH_ASHLAND,2013,157.5,global_mean,143.33444113263786
OH_ASHTABULA,2013,135.8,global_mean,143.33444113263786
OH_AUGLAIZE,2013,170.8,global_mean,143.33444113263786
OH_BELMONT,2013,130.0,global_mean,143.33444113263786
OH_BROWN,2013,173.1,global_mean,143.33444113263786
OH_BUTLER,2013,167.5,global_mean,143.33444113263786
OH_CHAMPAIGN,2013,192.4,global_mean,143.33444113263786
OH_CLARK,2013,187.3,global_mean,143.33444113263786
OH_CLINTON,2013,186.2,global_mean,143.33444113263786
OH_COLUMBIANA,2013,169.7,global_mean,143.33444113263786
OH_COSHOCTON,2013,151.3,global_mean,143.33444113263786
OH_CRAWFORD,2013,180.1,global_mean,143.33444113263786
OH_DARKE,2013,173.5,global_mean,143.33444113263786
OH_DEFIANCE,2013,163.4,global_mean,143.33444113263786
OH_DELAWARE,2013,179.0,global_mean,143.33444113263786
OH_ERIE,2013,173.9,global_mean,143.33444113263786
OH_FAIRFIELD,2013,175.7,global_mean,143.33444113263786
OH_FAYETTE,2013,177.8,global_mean,143.33444113263786
OH_FRANKLIN,2013,175.8,global_mean,143.33444113263786
OH_FULTON,2013,189.3,global_mean,143.33444113263786
OH_GREENE,2013,177.3,global_mean,143.33444113263786
OH_GUERNSEY,2013,140.3,global_mean,143.33444113263786
OH_HANCOCK,2013,177.3,global_mean,143.33444113263786
OH_HARDIN,2013,172.2,global_mean,143.33444113263786
OH_HARRISON,2013,150.6,global_mean,143.33444113263786
OH_HENRY,2013,183.6,global_mean,143.33444113263786
OH_HIGHLAND,2013,184.8,global_mean,143.33444113263786
OH_HOCKING,2013,151.8,global_mean,143.33444113263786
OH_HOLMES,2013,148.0,global_mean,143.33444113263786
OH_HURON,2013,180.8,global_mean,143.33444113263786
OH_KNOX,2013,165.9,global_mean,143.33444113263786
OH_LICKING,2013,162.8,global_mean,143.33444113263786
OH_LOGAN,2013,171.4,global_mean,143.33444113263786
OH_LORAIN,2013,141.3,global_mean,143.33444113263786
OH_LUCAS,2013,174.4,global_mean,143.33444113263786
OH_MADISON,2013,189.7,global_mean,143.33444113263786
OH_MAHONING,2013,163.9,global_mean,143.33444113263786
OH_MARION,2013,174.4,global_mean,143.33444113263786
OH_MEDINA,2013,139.9,global_mean,143.33444113263786
OH_MERCER,2013,173.3,global_mean,143.33444113263786
OH_MIAMI,2013,182.3,global_mean,143.33444113263786
OH_MONTGOMERY,2013,184.4,global_mean,143.33444113263786
OH_MORGAN,2013,136.7,global_mean,143.33444113263786
OH_MORROW,2013,165.2,global_mean,143.33444113263786
OH_MUSKINGUM,2013,169.5,global_mean,143.33444113263786
OH_NOBLE,2013,138.4,global_mean,143.33444113263786
OH_OTTAWA,2013,158.4,global_mean,143.33444113263786
OH_PAULDING,2013,171.9,global_mean,143.33444113263786
OH_PERRY,2013,162.0,global_mean,143.33444113263786
OH_PICKAWAY,2013,173.9,global_mean,143.33444113263786
OH_PIKE,2013,170.7,global_mean,143.33444113263786
OH_PORTAGE,2013,138.3,global_mean,143.33444113263786
OH_PREBLE,2013,184.9,global_mean,143.33444113263786
OH_PUTNAM,2013,188.8,global_mean,143.33444113263786
OH_RICHLAND,2013,167.5,global_mean,143.33444113263786
OH_ROSS,2013,171.6,global_mean,143.33444113263786
OH_SANDUSKY,2013,170.4,global_mean,143.33444113263786
OH_SENECA,2013,165.3,global_mean,143.33444113263786
OH_SHELBY,2013,172.7,global_mean,143.33444113263786
OH_STARK,2013,152.9,global_mean,143.33444113263786
OH_TRUMBULL,2013,175.4,global_mean,143.33444113263786
OH_TUSCARAWAS,2013,150.0,global_mean,143.33444113263786
OH_UNION,2013,180.5,global_mean,143.33444113263786
OH_VAN_WERT,2013,185.0,global_mean,143.33444113263786
OH_WARREN,2013,175.8,global_mean,143.33444113263786
OH_WAYNE,2013,162.2,global_mean,143.33444113263786
OH_WILLIAMS,2013,170.5,global_mean,143.33444113263786
OH_WOOD,2013,171.6,global_mean,143.33444113263786
OH_WYANDOT,2013,174.2,global_mean,143.33444113263786
WI_ADAMS,2013,109.4,global_mean,143.33444113263786
WI_BUFFALO,2013,141.0,global_mean,143.33444113263786
WI_COLUMBIA,2013,157.9,global_mean,143.33444113263786
WI_CRAWFORD,2013,144.8,global_mean,143.33444113263786
WI_DANE,2013,177.4,global_mean,143.33444113263786
WI_DODGE,2013,163.0,global_mean,143.33444113263786
WI_DUNN,2013,112.1,global_mean,143.33444113263786
WI_EAU_CLAIRE,2013,130.0,global_mean,143.33444113263786
WI_FOND_DU_LAC,2013,166.8,global_mean,143.33444113263786
WI_GRANT,2013,179.3,global_mean,143.33444113263786
WI_GREEN,2013,157.1,global_mean,143.33444113263786
WI_GREEN_LAKE,2013,151.6,global_mean,143.33444113263786
WI_IOWA,2013,158.3,global_mean,143.33444113263786
WI_JACKSON,2013,123.8,global_mean,143.33444113263786
WI_JEFFERSON,2013,164.6,global_mean,143.33444113263786
WI_JUNEAU,2013,101.7,global_mean,143.33444113263786
WI_KENOSHA,2013,157.7,global_mean,143.33444113263786
WI_LAFAYETTE,2013,169.4,global_mean,143.33444113263786
WI_LA_CROSSE,2013,149.1,global_mean,143.33444113263786
WI_MARINETTE,2013,145.2,global_mean,143.33444113263786
WI_MARQUETTE,2013,110.3,global_mean,143.33444113263786
WI_MONROE,2013,121.4,global_mean,143.33444113263786
WI_OCONTO,2013,154.4,global_mean,143.33444113263786
WI_OUTAGAMIE,2013,153.8,global_mean,143.33444113263786
WI_PEPIN,2013,134.8,global_mean,143.33444113263786
WI_PORTAGE,2013,135.7,global_mean,143.33444113263786
WI_RACINE,2013,162.8,global_mean,143.33444113263786
WI_RICHLAND,2013,141.9,global_mean,143.33444113263786
WI_ROCK,2013,168.4,global_mean,143.33444113263786
WI_SAUK,2013,154.3,global_mean,143.33444113263786
WI_SHEBOYGAN,2013,146.1,global_mean,143.33444113263786
WI_TREMPEALEAU,2013,122.4,global_mean,143.33444113263786
WI_VERNON,2013,138.8,global_mean,143.33444113263786
WI_WALWORTH,2013,161.3,global_mean,143.33444113263786
WI_WASHINGTON,2013,132.9,global_mean,143.33444113263786
WI_WAUKESHA,2013,153.3,global_mean,143.33444113263786
WI_WAUSHARA,2013,143.5,global_mean,143.33444113263786
WI_WINNEBAGO,2013,155.6,global_mean,143.33444113263786
IA_ADAIR,2013,137.8,county_trend,151.2999999999999
IA_ADAMS,2013,147.6,county_trend,147.7307692307692
IA_ALLAMAKEE,2013,162.1,county_trend,176.47692307692304
IA_APPANOOSE,2013,109.1,county_trend,96.18076923076913
IA_AUDUBON,2013,157.1,county_trend,170.07307692307683
IA_BENTON,2013,163.7,county_trend,165.48846153846148
IA_BLACK_HAWK,2013,166.1,county_trend,168.28076923076915
IA_BOONE,2013,154.2,county_trend,173.16538461538454
IA_BREMER,2013,175.1,county_trend,175.85769230769225
IA_BUCHANAN,2013,168.8,county_trend,170.4576923076922
IA_BUENA_VISTA,2013,160.5,county_trend,180.49230769230766
IA_BUTLER,2013,179.2,county_trend,172.87307692307687
IA_CALHOUN,2013,132.6,county_trend,172.11153846153837
IA_CARROLL,2013,136.5,county_trend,171.85769230769222
IA_CASS,2013,159.5,county_trend,169.16923076923072
IA_CEDAR,2013,169.7,county_trend,180.34615384615375
IA_CERRO_GORDO,2013,163.1,county_trend,163.06923076923073
IA_CHEROKEE,2013,185.1,county_trend,191.40769230769223
IA_CHICKASAW,2013,171.8,county_trend,171.34615384615384
IA_CLARKE,2013,126.5,county_trend,101.52692307692303
IA_CLAY,2013,167.2,county_trend,187.24999999999994
IA_CLAYTON,2013,181.2,county_trend,178.18846153846144
IA_CLINTON,2013,185.6,county_trend,172.04615384615371
IA_CRAWFORD,2013,157.8,county_trend,182.34999999999994
IA_DALLAS,2013,145.3,county_trend,163.97692307692304
IA_DAVIS,2013,146.7,county_trend,90.86538461538456
IA_DECATUR,2013,131.2,county_trend,104.50384615384608
IA_DELAWARE,2013,184.7,county_trend,168.61923076923065
IA_DES_MOINES,2013,165.4,county_trend,154.2307692307691
IA_DICKINSON,2013,162.4,county_trend,180.7807692307692
IA_DUBUQUE,2013,196.0,county_trend,175.96538461538455
IA_EMMET,2013,166.4,county_trend,184.24999999999994
IA_FAYETTE,2013,181.2,county_trend,171.29999999999993
IA_FLOYD,2013,170.0,county_trend,168.60769230769222
IA_FRANKLIN,2013,179.6,county_trend,175.13846153846146
IA_FREMONT,2013,159.9,county_trend,160.44230769230762
IA_GREENE,2013,137.9,county_trend,169.89615384615374
IA_GRUNDY,2013,180.8,county_trend,183.58461538461538
IA_GUTHRIE,2013,130.1,county_trend,157.14615384615382
IA_HAMILTON,2013,135.0,county_trend,165.7961538461538
IA_HANCOCK,2013,169.9,county_trend,175.18846153846147
IA_HARDIN,2013,156.6,county_trend,180.13461538461533
IA_HARRISON,2013,177.1,county_trend,168.38461538461533
IA_HENRY,2013,160.4,county_trend,139.1846153846153
IA_HOWARD,2013,159.1,county_trend,178.74615384615382
IA_HUMBOLDT,2013,155.4,county_trend,174.2076923076922
IA_IDA,2013,177.7,county_trend,193.09999999999997
IA_IOWA,2013,165.9,county_trend,166.22307692307683
IA_JACKSON,2013,173.2,county_trend,157.46538461538458
IA_JASPER,2013,158.8,county_trend,171.38461538461527
IA_JEFFERSON,2013,145.5,county_trend,122.89999999999996
IA_JOHNSON,2013,181.1,county_trend,159.56923076923073
IA_JONES,2013,179.3,county_trend,165.85769230769222
IA_KEOKUK,2013,156.7,county_trend,138.5653846153846
IA_KOSSUTH,2013,167.7,county_trend,186.83846153846153
IA_LEE,2013,144.1,county_trend,127.79230769230766
IA_LINN,2013,178.6,county_trend,165.23461538461532
IA_LOUISA,2013,158.5,county_trend,160.46538461538452
IA_LUCAS,2013,117.9,county_trend,101.31923076923073
IA_LYON,2013,190.5,county_trend,190.5961538461537
IA_MADISON,2013,140.9,county_trend,139.6576923076922
IA_MAHASKA,2013,168.6,county_trend,156.3615384615384
IA_MARION,2013,156.4,county_trend,137.83076923076922
IA_MARSHALL,2013,163.2,county_trend,179.54999999999993
IA_MILLS,2013,171.0,county_trend,165.03846153846146
IA_MITCHELL,2013,164.1,county_trend,175.0961538461538
IA_MONONA,2013,175.2,county_trend,161.276923076923
IA_MONROE,2013,115.3,county_trend,103.51923076923069
IA_MONTGOMERY,2013,154.0,county_trend,161.95384615384606
IA_MUSCATINE,2013,158.3,county_trend,161.73846153846145
IA_OSCEOLA,2013,182.0,county_trend,194.2923076923076
IA_PAGE,2013,154.5,county_trend,146.7846153846153
IA_PALO_ALTO,2013,168.8,county_trend,183.27307692307684
IA_PLYMOUTH,2013,188.9,county_trend,170.25769230769225
IA_POCAHONTAS,2013,163.8,county_trend,183.64999999999995
IA_POLK,2013,143.6,county_trend,158.93461538461534
IA_POTTAWATTAMIE,2013,179.4,county_trend,174.55384615384608
IA_POWESHIEK,2013,158.5,county_trend,173.45384615384603
IA_RINGGOLD,2013,121.1,county_trend,103.74230769230768
IA_SAC,2013,142.6,county_trend,178.56923076923064
IA_SCOTT,2013,167.8,county_trend,160.54999999999995
IA_SHELBY,2013,182.6,county_trend,183.97307692307686
IA_SIOUX,2013,194.1,county_trend,182.9384615384614
IA_STORY,2013,137.2,county_trend,169.17307692307688
IA_TAMA,2013,158.7,county_trend,175.94999999999993
IA_TAYLOR,2013,136.2,county_trend,127.63846153846153
IA_UNION,2013,137.0,county_trend,125.94230769230764
IA_VAN_BUREN,2013,144.1,county_trend,117.39230769230764
IA_WAPELLO,2013,150.4,county_trend,121.53461538461531
IA_WARREN,2013,146.7,county_trend,123.69615384615378
IA_WASHINGTON,2013,159.0,county_trend,155.71153846153837
IA_WAYNE,2013,125.1,county_trend,95.67692307692303
IA_WEBSTER,2013,137.6,county_trend,174.51538461538453
IA_WINNESHIEK,2013,181.8,county_trend,180.59615384615373
IA_WOODBURY,2013,164.2,county_trend,173.95769230769224
IA_WRIGHT,2013,168.8,county_trend,174.3961538461538
IL_ADAMS,2013,153.3,county_trend,119.23076923076917
IL_BOONE,2013,179.9,county_trend,185.15023310023315
IL_BROWN,2013,176.2,county_trend,117.61538461538454
IL_BUREAU,2013,185.9,county_trend,174.91923076923067
IL_CARROLL,2013,199.6,county_trend,186.15769230769223
IL_CASS,2013,184.1,county_trend,155.62692307692305
IL_CHAMPAIGN,2013,168.1,county_trend,164.26538461538456
IL_CHRISTIAN,2013,199.8,county_trend,160.54615384615374
IL_CLAY,2013,153.5,county_trend,137.05023310023313
IL_CLINTON,2013,162.2,county_trend,116.24615384615382
IL_COLES,2013,182.2,county_trend,144.35769230769225
IL_CRAWFORD,2013,154.1,county_trend,117.40769230769224
IL_CUMBERLAND,2013,171.6,county_trend,121.76538461538452
IL_DOUGLAS,2013,187.1,county_trend,152.9307692307692
IL_EDGAR,2013,186.4,county_trend,149.34230769230766
IL_EDWARDS,2013,154.2,county_trend,118.61538461538454
IL_EFFINGHAM,2013,172.4,county_trend,131.55769230769224
IL_FAYETTE,2013,161.8,county_trend,117.0192307692307
IL_FORD,2013,164.0,county_trend,136.56538461538454
IL_FRANKLIN,2013,164.3,county_trend,103.24230769230765
IL_FULTON,2013,171.4,county_trend,150.54615384615377
IL_GALLATIN,2013,188.7,county_trend,131.27307692307684
IL_GREENE,2013,167.4,county_trend,144.8346153846153
IL_GRUNDY,2013,192.2,county_trend,153.73846153846148
IL_HAMILTON,2013,175.1,county_trend,114.96153846153844
IL_HANCOCK,2013,178.5,county_trend,145.8499999999999
IL_HENDERSON,2013,176.0,county_trend,169.5423076923076
IL_HENRY,2013,184.5,county_trend,169.6384615384615
IL_IROQUOIS,2013,174.4,county_trend,150.17307692307682
IL_JACKSON,2013,172.7,county_trend,105.8384615384615
IL_JASPER,2013,151.0,county_trend,115.96153846153842
IL_JEFFERSON,2013,153.0,county_trend,123.99906759906759
IL_JERSEY,2013,182.9,county_trend,139.7653846153846
IL_JOHNSON,2013,154.4,county_trend,132.9677156177157
IL_JO_DAVIESS,2013,175.5,county_trend,158.53461538461536
IL_KANE,2013,191.7,county_trend,176.46923076923068
IL_KANKAKEE,2013,172.1,county_trend,156.0115384615384
IL_KENDALL,2013,182.2,county_trend,162.14999999999992
IL_KNOX,2013,191.0,county_trend,176.08846153846147
IL_LAKE,2013,153.7,county_trend,148.2545454545455
IL_LEE,2013,171.3,county_trend,170.7038461538461
IL_LIVINGSTON,2013,179.1,county_trend,154.75384615384613
IL_LOGAN,2013,198.1,county_trend,157.26923076923066
IL_MACON,2013,192.7,county_trend,156.72307692307686
IL_MACOUPIN,2013,170.5,county_trend,126.21923076923076
IL_MADISON,2013,164.4,county_trend,115.32307692307683
IL_MARION,2013,159.7,county_trend,110.99615384615377
IL_MARSHALL,2013,191.2,county_trend,167.91538461538457
IL_MASON,2013,163.3,county_trend,145.98076923076917
IL_MASSAC,2013,170.7,county_trend,151.2956876456877
IL_MCDONOUGH,2013,187.8,county_trend,166.38846153846148
IL_MCHENRY,2013,160.6,county_trend,164.71153846153834
IL_MCLEAN,2013,188.6,county_trend,163.43076923076916
IL_MERCER,2013,177.1,county_trend,175.28846153846146
IL_MONROE,2013,147.0,county_trend,117.66153846153843
IL_MONTGOMERY,2013,182.9,county_trend,130.29230769230762
IL_MORGAN,2013,191.2,county_trend,152.176923076923
IL_MOULTRIE,2013,181.1,county_trend,157.5961538461538
IL_OGLE,2013,189.6,county_trend,177.27307692307687
IL_PEORIA,2013,180.5,county_trend,174.7346153846153
IL_PERRY,2013,136.1,county_trend,97.5461538461538
IL_PIATT,2013,187.4,county_trend,162.5423076923076
IL_PIKE,2013,164.3,county_trend,131.14999999999998
IL_PULASKI,2013,169.9,county_trend,130.78846153846146
IL_PUTNAM,2013,187.2,county_trend,185.74895104895114
IL_RICHLAND,2013,147.7,county_trend,105.57307692307684
IL_ROCK_ISLAND,2013,182.3,county_trend,183.51188811188814
IL_SALINE,2013,171.3,county_trend,123.88076923076918
IL_SANGAMON,2013,198.2,county_trend,163.66538461538457
IL_SCHUYLER,2013,169.0,county_trend,130.36923076923068
IL_SCOTT,2013,168.2,county_trend,144.66153846153838
IL_SHELBY,2013,178.2,county_trend,141.06538461538457
IL_STARK,2013,192.4,county_trend,175.7307692307691
IL_STEPHENSON,2013,182.0,county_trend,167.05384615384608
IL_TAZEWELL,2013,177.1,county_trend,170.1346153846153
IL_UNION,2013,162.3,county_trend,111.48461538461532
IL_VERMILION,2013,176.9,county_trend,154.39615384615374
IL_WABASH,2013,161.5,county_trend,122.36923076923071
IL_WARREN,2013,186.9,county_trend,181.6692307692307
IL_WASHINGTON,2013,160.6,county_trend,108.19230769230765
IL_WAYNE,2013,154.0,county_trend,112.12307692307685
IL_WHITE,2013,187.1,county_trend,133.2961538461538
IL_WHITESIDE,2013,179.8,county_trend,168.4615384615384
IL_WILL,2013,149.1,county_trend,162.66538461538454
IL_WILLIAMSON,2013,173.5,county_trend,115.54615384615374
IL_WINNEBAGO,2013,173.2,county_trend,160.7384615384614
IL_WOODFORD,2013,192.3,county_trend,168.63461538461533
IN_ADAMS,2013,176.7,county_trend,143.36153846153837
IN_ALLEN,2013,180.7,county_trend,144.99999999999994
IN_BARTHOLOMEW,2013,176.6,county_trend,120.1115384615384
IN_BENTON,2013,181.1,county_trend,163.63846153846146
IN_BLACKFORD,2013,172.5,county_trend,150.40769230769226
IN_BOONE,2013,189.8,county_trend,148.38846153846148
IN_CARROLL,2013,197.1,county_trend,165.53076923076918
IN_CASS,2013,192.3,county_trend,148.59615384615373
IN_CLARK,2013,161.2,county_trend,113.24999999999994
IN_CLAY,2013,154.7,county_trend,122.3153846153845
IN_CLINTON,2013,191.5,county_trend,177.43846153846144
IN_DAVIESS,2013,182.9,county_trend,140.69999999999993
IN_DEARBORN,2013,145.8,county_trend,116.45769230769224
IN_DECATUR,2013,183.2,county_trend,131.9115384615384
IN_DELAWARE,2013,174.3,county_trend,139.5038461538461
IN_DUBOIS,2013,180.5,county_trend,132.28076923076915
IN_ELKHART,2013,180.4,county_trend,137.29020979020987
IN_FAYETTE,2013,172.2,county_trend,129.16923076923067
IN_FOUNTAIN,2013,183.5,county_trend,158.37307692307687
IN_FRANKLIN,2013,179.2,county_trend,132.83076923076914
IN_FULTON,2013,179.0,county_trend,160.26538461538453
IN_GIBSON,2013,177.0,county_trend,129.7711672942443
IN_GRANT,2013,181.1,county_trend,166.57636363636362
IN_HAMILTON,2013,173.6,county_trend,150.56538461538454
IN_HANCOCK,2013,173.7,county_trend,139.26923076923066
IN_HARRISON,2013,168.0,county_trend,104.49615384615382
IN_HENDRICKS,2013,183.6,county_trend,124.74615384615376
IN_HUNTINGTON,2013,191.7,county_trend,148.87307692307687
IN_JACKSON,2013,148.8,county_trend,113.93846153846147
IN_JASPER,2013,179.9,county_trend,165.7961538461538
IN_JENNINGS,2013,156.4,county_trend,118.076923076923
IN_JOHNSON,2013,172.9,county_trend,112.44999999999996
IN_KNOX,2013,180.2,county_trend,132.82011834319536
IN_KOSCIUSKO,2013,176.7,county_trend,147.51538461538453
IN_LAGRANGE,2013,154.4,county_trend,125.44999999999993
IN_LAKE,2013,155.0,county_trend,169.2115384615384
IN_MADISON,2013,181.1,county_trend,155.04999999999993
IN_MARSHALL,2013,171.0,county_trend,147.02692307692305
IN_MIAMI,2013,174.7,county_trend,151.62307692307684
IN_MONROE,2013,185.5,county_trend,109.85384615384606
IN_MONTGOMERY,2013,195.9,county_trend,160.42692307692298
IN_MORGAN,2013,179.8,county_trend,108.6192307692307
IN_NEWTON,2013,174.1,county_trend,169.8192307692307
IN_NOBLE,2013,164.1,county_trend,134.85384615384612
IN_ORANGE,2013,181.4,county_trend,117.49999999999996
IN_OWEN,2013,148.6,county_trend,105.12692307692302
IN_PARKE,2013,173.1,county_trend,135.5038461538461
IN_PIKE,2013,169.1,county_trend,120.1234534696073
IN_PORTER,2013,177.8,county_trend,172.14615384615374
IN_POSEY,2013,193.0,county_trend,133.80384615384608
IN_PULASKI,2013,163.0,county_trend,152.91153846153847
IN_PUTNAM,2013,182.7,county_trend,130.03846153846155
IN_RANDOLPH,2013,171.3,county_trend,138.06153846153842
IN_RIPLEY,2013,170.2,county_trend,123.71923076923072
IN_RUSH,2013,193.6,county_trend,134.42307692307688
IN_SCOTT,2013,164.5,county_trend,126.00384615384613
IN_SHELBY,2013,178.8,county_trend,115.09999999999997
IN_SPENCER,2013,184.7,county_trend,128.17692307692298
IN_ST._JOSEPH,2013,157.9,county_trend,157.376923076923
IN_STARKE,2013,161.7,county_trend,135.0730769230769
IN_TIPPECANOE,2013,185.1,county_trend,160.69230769230757
IN_TIPTON,2013,191.2,county_trend,179.23461538461524
IN_UNION,2013,211.5,county_trend,148.24230769230763
IN_VANDERBURGH,2013,179.7,county_trend,126.71538461538456
IN_VERMILLION,2013,185.6,county_trend,144.69230769230765
IN_VIGO,2013,159.8,county_trend,124.07307692307688
IN_WABASH,2013,178.8,county_trend,149.3566971490049
IN_WARREN,2013,184.4,county_trend,160.39615384615377
IN_WARRICK,2013,183.6,county_trend,120.6461538461538
IN_WASHINGTON,2013,146.1,county_trend,114.36153846153837
IN_WAYNE,2013,177.3,county_trend,128.39999999999995
IN_WHITE,2013,184.1,county_trend,163.076923076923
IN_WHITLEY,2013,181.0,county_trend,131.71538461538458
MI_ALLEGAN,2013,156.7,county_trend,155.0961538461538
MI_ARENAC,2013,127.7,county_trend,162.5692307692307
MI_BARRY,2013,165.0,county_trend,143.74615384615373
MI_BAY,2013,145.6,county_trend,173.50384615384607
MI_BERRIEN,2013,151.5,county_trend,160.99999999999991
MI_BRANCH,2013,164.1,county_trend,135.94615384615375
MI_CALHOUN,2013,155.8,county_trend,128.38846153846148
MI_CASS,2013,160.8,county_trend,166.6538461538461
MI_CLINTON,2013,140.2,county_trend,154.27307692307687
MI_EATON,2013,170.8,county_trend,144.39615384615377
MI_GENESEE,2013,141.3,county_trend,144.46923076923065
MI_GRATIOT,2013,146.9,county_trend,163.34999999999988
MI_HILLSDALE,2013,168.7,county_trend,137.73076923076917
MI_HURON,2013,172.4,county_trend,180.2846153846153
MI_INGHAM,2013,161.5,county_trend,146.7692307692307
MI_IONIA,2013,163.0,county_trend,158.26538461538453
MI_JACKSON,2013,156.4,county_trend,120.58846153846146
MI_KALAMAZOO,2013,178.8,county_trend,155.06538461538457
MI_KENT,2013,154.2,county_trend,150.22692307692301
MI_LAPEER,2013,150.7,county_trend,151.65769230769223
MI_LENAWEE,2013,181.5,county_trend,143.22307692307683
MI_LIVINGSTON,2013,153.2,county_trend,141.3499999999999
MI_MACOMB,2013,152.5,county_trend,165.60384615384604
MI_MIDLAND,2013,151.0,county_trend,167.58461538461532
MI_MONROE,2013,152.8,county_trend,147.30769230769224
MI_MONTCALM,2013,143.1,county_trend,146.86153846153837
MI_MUSKEGON,2013,128.3,county_trend,144.047435897436
MI_NEWAYGO,2013,115.7,county_trend,137.36538461538453
MI_OAKLAND,2013,153.3,county_trend,131.79119266055045
MI_OCEANA,2013,130.3,county_trend,136.5698450536353
MI_OTTAWA,2013,145.9,county_trend,142.4423076923076
MI_SAGINAW,2013,147.4,county_trend,163.04615384615374
MI_SANILAC,2013,172.2,county_trend,171.0999999999999
MI_SHIAWASSEE,2013,155.5,county_trend,150.97307692307686
MI_TUSCOLA,2013,157.1,county_trend,172.31538461538452
MI_VAN_BUREN,2013,156.5,county_trend,164.12307692307684
MI_WASHTENAW,2013,155.7,county_trend,125.57307692307687
MI_WAYNE,2013,130.0,county_trend,123.48550458715596
MN_BLUE_EARTH,2013,185.2,county_trend,183.51153846153838
MN_BROWN,2013,170.8,county_trend,179.34615384615378
MN_CHIPPEWA,2013,175.6,county_trend,174.17307692307682
MN_FILLMORE,2013,171.9,county_trend,187.86923076923068
MN_GOODHUE,2013,181.5,county_trend,192.07692307692298
MN_HOUSTON,2013,153.0,county_trend,182.40384615384605
MN_MARTIN,2013,187.8,county_trend,189.33846153846144
MN_MURRAY,2013,176.2,county_trend,179.81538461538452
MN_NICOLLET,2013,174.0,county_trend,173.83846153846147
MN_NOBLES,2013,168.8,county_trend,184.57692307692304
MN_PIPESTONE,2013,165.0,county_trend,164.79230769230762
MN_REDWOOD,2013,166.5,county_trend,177.2884615384614
MN_RENVILLE,2013,173.4,county_trend,176.09615384615375
MN_ROCK,2013,180.1,county_trend,185.10769230769213
MN_WABASHA,2013,174.1,county_trend,190.9230769230768
MN_WINONA,2013,173.6,county_trend,186.35769230769216
MN_YELLOW_MEDICINE,2013,171.7,county_trend,163.18846153846144
MO_ADAIR,2013,126.2,county_trend,89.35769230769228
MO_ANDREW,2013,133.2,county_trend,111.59494351802049
MO_ATCHISON,2013,165.0,county_trend,153.5538461538461
MO_AUDRAIN,2013,124.3,county_trend,95.84999999999992
MO_BENTON,2013,111.0,county_trend,94.57692307692304
MO_BOLLINGER,2013,153.5,county_trend,121.89999999999995
MO_BOONE,2013,131.9,county_trend,91.78461538461534
MO_BUCHANAN,2013,148.9,county_trend,137.9461538461538
MO_CALDWELL,2013,90.0,county_trend,96.0192307692307
MO_CALLAWAY,2013,135.0,county_trend,108.97307692307687
MO_CAPE_GIRARDEAU,2013,154.1,county_trend,121.26153846153842
MO_CARROLL,2013,141.5,county_trend,118.73076923076917
MO_CASS,2013,107.4,county_trend,90.24230769230763
MO_CEDAR,2013,77.2,county_trend,119.23701117318437
MO_CHARITON,2013,114.1,county_trend,106.22307692307686
MO_CLAY,2013,141.1,county_trend,128.60769230769228
MO_CLINTON,2013,133.4,county_trend,123.18846153846151
MO_COLE,2013,136.1,county_trend,124.31923076923074
MO_DADE,2013,88.0,county_trend,83.53076923076921
MO_DUNKLIN,2013,192.4,county_trend,162.38859601936534
MO_FRANKLIN,2013,149.2,county_trend,108.91153846153843
MO_GASCONADE,2013,123.0,county_trend,104.66153846153841
MO_HENRY,2013,84.6,county_trend,67.13461538461536
MO_HOLT,2013,182.3,county_trend,154.6307692307691
MO_JACKSON,2013,142.3,county_trend,120.18461538461537
MO_JEFFERSON,2013,134.1,county_trend,105.05384615384608
MO_JOHNSON,2013,124.6,county_trend,101.13846153846148
MO_LAFAYETTE,2013,161.5,county_trend,133.36153846153837
MO_LAWRENCE,2013,88.3,county_trend,94.31081226465845
MO_LEWIS,2013,104.1,county_trend,85.82692307692301
MO_LINN,2013,101.5,county_trend,105.14999999999995
MO_LIVINGSTON,2013,99.8,county_trend,103.84615384615381
MO_MACON,2013,109.7,county_trend,102.41005917159767
MO_MISSISSIPPI,2013,191.9,county_trend,155.08846153846147
MO_MONITEAU,2013,124.5,county_trend,89.37584722969339
MO_MONROE,2013,123.0,county_trend,79.88461538461532
MO_MONTGOMERY,2013,122.6,county_trend,81.58846153846149
MO_MORGAN,2013,126.2,county_trend,79.76923076923075
MO_NEW_MADRID,2013,175.7,county_trend,169.33461538461532
MO_NODAWAY,2013,129.8,county_trend,121.72692307692301
MO_PEMISCOT,2013,173.9,county_trend,159.60215169445948
MO_PERRY,2013,160.6,county_trend,110.29230769230762
MO_PETTIS,2013,126.0,county_trend,89.78076923076917
MO_PIKE,2013,157.1,county_trend,102.6846153846153
MO_RALLS,2013,148.2,county_trend,97.54230769230765
MO_RANDOLPH,2013,118.2,county_trend,90.58434642280801
MO_RAY,2013,141.1,county_trend,125.60769230769225
MO_SALINE,2013,153.4,county_trend,133.88846153846146
MO_SCOTLAND,2013,119.1,county_trend,90.07805271651426
MO_SHELBY,2013,97.0,county_trend,87.70769230769228
MO_STODDARD,2013,185.1,county_trend,147.776923076923
MO_SULLIVAN,2013,95.5,county_trend,88.6115384615384
MO_VERNON,2013,93.5,county_trend,107.50597095212487
MO_WARREN,2013,149.6,county_trend,102.09230769230766
MO_WAYNE,2013,95.0,county_trend,77.9930446194225
MO_WORTH,2013,118.5,county_trend,97.38461538461534
OH_ADAMS,2013,156.2,county_trend,119.5115384615384
OH_ALLEN,2013,183.5,county_trend,144.42692307692298
OH_ASHLAND,2013,157.5,county_trend,150.22692307692301
OH_ASHTABULA,2013,135.8,county_trend,149.3192307692307
OH_AUGLAIZE,2013,170.8,county_trend,144.93076923076916
OH_BELMONT,2013,130.0,county_trend,88.67885462555066
OH_BROWN,2013,173.1,county_trend,145.90769230769223
OH_BUTLER,2013,167.5,county_trend,122.69615384615378
OH_CHAMPAIGN,2013,192.4,county_trend,156.91538461538454
OH_CLARK,2013,187.3,county_trend,166.51923076923072
OH_CLINTON,2013,186.2,county_trend,166.43461538461526
OH_COLUMBIANA,2013,169.7,county_trend,151.54615384615374
OH_COSHOCTON,2013,151.3,county_trend,151.7653846153845
OH_CRAWFORD,2013,180.1,county_trend,166.93846153846144
OH_DARKE,2013,173.5,county_trend,139.00384615384604
OH_DEFIANCE,2013,163.4,county_trend,122.99999999999994
OH_DELAWARE,2013,179.0,county_trend,159.05769230769224
OH_ERIE,2013,173.9,county_trend,163.54230769230765
OH_FAIRFIELD,2013,175.7,county_trend,149.78076923076912
OH_FAYETTE,2013,177.8,county_trend,157.26675632060255
OH_FRANKLIN,2013,175.8,county_trend,169.70545454545453
OH_FULTON,2013,189.3,county_trend,155.64999999999995
OH_GREENE,2013,177.3,county_trend,177.24999999999991
OH_GUERNSEY,2013,140.3,county_trend,134.0022738268021
OH_HANCOCK,2013,177.3,county_trend,158.45769230769224
OH_HARDIN,2013,172.2,county_trend,160.43461538461534
OH_HARRISON,2013,150.6,county_trend,126.3718367346938
OH_HENRY,2013,183.6,county_trend,145.3615384615384
OH_HIGHLAND,2013,184.8,county_trend,146.25769230769222
OH_HOCKING,2013,151.8,county_trend,134.79462989840354
OH_HOLMES,2013,148.0,county_trend,159.01538461538456
OH_HURON,2013,180.8,county_trend,163.1461538461538
OH_KNOX,2013,165.9,county_trend,153.8038461538461
OH_LICKING,2013,162.8,county_trend,153.6692307692307
OH_LOGAN,2013,171.4,county_trend,161.59615384615378
OH_LORAIN,2013,141.3,county_trend,156.71923076923065
OH_LUCAS,2013,174.4,county_trend,163.03846153846143
OH_MADISON,2013,189.7,county_trend,167.23076923076917
OH_MAHONING,2013,163.9,county_trend,146.93846153846147
OH_MARION,2013,174.4,county_trend,162.92692307692298
OH_MEDINA,2013,139.9,county_trend,149.35384615384606
OH_MERCER,2013,173.3,county_trend,142.76153846153846
OH_MIAMI,2013,182.3,county_trend,148.0615384615384
OH_MONTGOMERY,2013,184.4,county_trend,120.18076923076919
OH_MORGAN,2013,136.7,county_trend,127.1038461538461
OH_MORROW,2013,165.2,county_trend,157.6423076923076
OH_MUSKINGUM,2013,169.5,county_trend,155.79615384615374
OH_NOBLE,2013,138.4,county_trend,108.43989455184538
OH_OTTAWA,2013,158.4,county_trend,168.02307692307687
OH_PAULDING,2013,171.9,county_trend,133.13461538461536
OH_PERRY,2013,162.0,county_trend,146.63461538461533
OH_PICKAWAY,2013,173.9,county_trend,142.7961538461538
OH_PIKE,2013,170.7,county_trend,164.29946595460612
OH_PORTAGE,2013,138.3,county_trend,141.7395258829221
OH_PREBLE,2013,184.9,county_trend,128.02307692307684
OH_PUTNAM,2013,188.8,county_trend,147.78076923076918
OH_RICHLAND,2013,167.5,county_trend,148.65384615384608
OH_ROSS,2013,171.6,county_trend,160.7004662004663
OH_SANDUSKY,2013,170.4,county_trend,161.0346153846153
OH_SENECA,2013,165.3,county_trend,149.78076923076915
OH_SHELBY,2013,172.7,county_trend,155.37692307692302
OH_STARK,2013,152.9,county_trend,152.1692307692307
OH_TRUMBULL,2013,175.4,county_trend,156.326923076923
OH_TUSCARAWAS,2013,150.0,county_trend,154.16538461538454
OH_UNION,2013,180.5,county_trend,162.51153846153838
OH_VAN_WERT,2013,185.0,county_trend,139.36923076923068
OH_WARREN,2013,175.8,county_trend,154.28846153846146
OH_WAYNE,2013,162.2,county_trend,150.78461538461528
OH_WILLIAMS,2013,170.5,county_trend,137.61153846153834
OH_WOOD,2013,171.6,county_trend,162.22307692307683
OH_WYANDOT,2013,174.2,county_trend,159.2961538461538
WI_ADAMS,2013,109.4,county_trend,146.626923076923
WI_BUFFALO,2013,141.0,county_trend,157.56538461538452
WI_COLUMBIA,2013,157.9,county_trend,149.92307692307682
WI_CRAWFORD,2013,144.8,county_trend,150.56153846153842
WI_DANE,2013,177.4,county_trend,154.07692307692304
WI_DODGE,2013,163.0,county_trend,161.3923076923076
WI_DUNN,2013,112.1,county_trend,150.08846153846144
WI_EAU_CLAIRE,2013,130.0,county_trend,144.5923076923076
WI_FOND_DU_LAC,2013,166.8,county_trend,159.83461538461532
WI_GRANT,2013,179.3,county_trend,159.7038461538461
WI_GREEN,2013,157.1,county_trend,148.60384615384606
WI_GREEN_LAKE,2013,151.6,county_trend,139.71923076923068
WI_IOWA,2013,158.3,county_trend,160.64999999999992
WI_JACKSON,2013,123.8,county_trend,145.68461538461534
WI_JEFFERSON,2013,164.6,county_trend,151.99999999999994
WI_JUNEAU,2013,101.7,county_trend,142.23076923076914
WI_KENOSHA,2013,157.7,county_trend,160.91153846153838
WI_LAFAYETTE,2013,169.4,county_trend,149.626923076923
WI_LA_CROSSE,2013,149.1,county_trend,160.84999999999994
WI_MARINETTE,2013,145.2,county_trend,123.14230769230765
WI_MARQUETTE,2013,110.3,county_trend,111.09999999999994
WI_MONROE,2013,121.4,county_trend,144.04999999999993
WI_OCONTO,2013,154.4,county_trend,141.16153846153838
WI_OUTAGAMIE,2013,153.8,county_trend,149.5538461538461
WI_PEPIN,2013,134.8,county_trend,157.19999999999996
WI_PORTAGE,2013,135.7,county_trend,144.01538461538453
WI_RACINE,2013,162.8,county_trend,156.5423076923076
WI_RICHLAND,2013,141.9,county_trend,141.44615384615375
WI_ROCK,2013,168.4,county_trend,152.89230769230758
WI_SAUK,2013,154.3,county_trend,143.7
WI_SHEBOYGAN,2013,146.1,county_trend,146.84615384615375
WI_TREMPEALEAU,2013,122.4,county_trend,148.88846153846148
WI_VERNON,2013,138.8,county_trend,152.4346153846153
WI_WALWORTH,2013,161.3,county_trend,153.1961538461538
WI_WASHINGTON,2013,132.9,county_trend,139.1692307692307
WI_WAUKESHA,2013,153.3,county_trend,137.1615384615384
WI_WAUSHARA,2013,143.5,county_trend,147.97307692307686
WI_WINNEBAGO,2013,155.6,county_trend,137.3192307692307
IA_ADAIR,2013,137.8,ridge,182.47678175119574
IA_ADAMS,2013,147.6,ridge,185.09269241621936
IA_ALLAMAKEE,2013,162.1,ridge,190.85088915805733
IA_APPANOOSE,2013,109.1,ridge,177.97349208859532
IA_AUDUBON,2013,157.1,ridge,184.17345140380547
IA_BENTON,2013,163.7,ridge,181.88668757883437
IA_BLACK_HAWK,2013,166.1,ridge,185.81985053207768
IA_BOONE,2013,154.2,ridge,181.87106856409446
IA_BREMER,2013,175.1,ridge,188.51799029143706
IA_BUCHANAN,2013,168.8,ridge,185.3553218263386
IA_BUENA_VISTA,2013,160.5,ridge,193.83951902344887
IA_BUTLER,2013,179.2,ridge,189.03385508086507
IA_CALHOUN,2013,132.6,ridge,184.83523814320353
IA_CARROLL,2013,136.5,ridge,183.2160933274398
IA_CASS,2013,159.5,ridge,183.33617007547974
IA_CEDAR,2013,169.7,ridge,177.10284213159855
IA_CERRO_GORDO,2013,163.1,ridge,195.2883815210821
IA_CHEROKEE,2013,185.1,ridge,195.86167042196138
IA_CHICKASAW,2013,171.8,ridge,192.55576188148353
IA_CLARKE,2013,126.5,ridge,181.3011537708211
IA_CLAY,2013,167.2,ridge,200.36661858635367
IA_CLAYTON,2013,181.2,ridge,186.22271472073783
IA_CLINTON,2013,185.6,ridge,179.83461888165908
IA_CRAWFORD,2013,157.8,ridge,185.4017822462689
IA_DALLAS,2013,145.3,ridge,179.6119723701288
IA_DAVIS,2013,146.7,ridge,173.38067476548017
IA_DECATUR,2013,131.2,ridge,183.18204614828684
IA_DELAWARE,2013,184.7,ridge,183.85541438478475
IA_DES_MOINES,2013,165.4,ridge,170.62746510884722
IA_DICKINSON,2013,162.4,ridge,205.9008378406025
IA_DUBUQUE,2013,196.0,ridge,182.16570225716103
IA_EMMET,2013,166.4,ridge,202.91251215655768
IA_FAYETTE,2013,181.2,ridge,188.32663741882152
IA_FLOYD,2013,170.0,ridge,193.26744296009508
IA_FRANKLIN,2013,179.6,ridge,190.4193567983886
IA_FREMONT,2013,159.9,ridge,183.04612216210245
IA_GREENE,2013,137.9,ridge,181.5901589902387
IA_GRUNDY,2013,180.8,ridge,186.80008966847095
IA_GUTHRIE,2013,130.1,ridge,181.90945995714915
IA_HAMILTON,2013,135.0,ridge,186.779986503834
IA_HANCOCK,2013,169.9,ridge,196.40302239765106
IA_HARDIN,2013,156.6,ridge,187.15115799475598
IA_HARRISON,2013,177.1,ridge,183.41560135196397
IA_HENRY,2013,160.4,ridge,171.66522164019466
IA_HOWARD,2013,159.1,ridge,197.87051052116772
IA_HUMBOLDT,2013,155.4,ridge,192.15728495501148
IA_IDA,2013,177.7,ridge,190.200876529509
IA_IOWA,2013,165.9,ridge,176.47537309714656
IA_JACKSON,2013,173.2,ridge,179.8875467522408
IA_JASPER,2013,158.8,ridge,180.59388866735614
IA_JEFFERSON,2013,145.5,ridge,172.898794080345
IA_JOHNSON,2013,181.1,ridge,174.77729264975753
IA_JONES,2013,179.3,ridge,180.39708694768936
IA_KEOKUK,2013,156.7,ridge,173.76532999713152
IA_KOSSUTH,2013,167.7,ridge,198.62333739913387
IA_LEE,2013,144.1,ridge,170.008880112313
IA_LINN,2013,178.6,ridge,180.87910306613617
IA_LOUISA,2013,158.5,ridge,171.31321641643484
IA_LUCAS,2013,117.9,ridge,178.995112240436
IA_LYON,2013,190.5,ridge,206.0914650373677
IA_MADISON,2013,140.9,ridge,179.51231213210508
IA_MAHASKA,2013,168.6,ridge,174.1025761798123
IA_MARION,2013,156.4,ridge,175.16288334531217
IA_MARSHALL,2013,163.2,ridge,183.82255922470543
IA_MILLS,2013,171.0,ridge,183.7096240333318
IA_MITCHELL,2013,164.1,ridge,197.83789777165794
IA_MONONA,2013,175.2,ridge,186.73541887477774
IA_MONROE,2013,115.3,ridge,174.37419757042886
IA_MONTGOMERY,2013,154.0,ridge,184.1474223620525
IA_MUSCATINE,2013,158.3,ridge,173.40441066666045
IA_OSCEOLA,2013,182.0,ridge,207.02760010154068
IA_PAGE,2013,154.5,ridge,184.59876733851343
IA_PALO_ALTO,2013,168.8,ridge,198.00459929084053
IA_PLYMOUTH,2013,188.9,ridge,196.07230758041874
IA_POCAHONTAS,2013,163.8,ridge,191.3615470316479
IA_POLK,2013,143.6,ridge,179.47083560078786
IA_POTTAWATTAMIE,2013,179.4,ridge,183.2274259222214
IA_POWESHIEK,2013,158.5,ridge,179.42908815587293
IA_RINGGOLD,2013,121.1,ridge,184.43247255163192
IA_SAC,2013,142.6,ridge,187.34571188850262
IA_SCOTT,2013,167.8,ridge,178.455992628257
IA_SHELBY,2013,182.6,ridge,184.71554499281118
IA_SIOUX,2013,194.1,ridge,202.08388566358204
IA_STORY,2013,137.2,ridge,182.8642836027728
IA_TAMA,2013,158.7,ridge,182.36868397561275
IA_TAYLOR,2013,136.2,ridge,186.01498750687864
IA_UNION,2013,137.0,ridge,183.86950912587878
IA_VAN_BUREN,2013,144.1,ridge,171.31826779935218
IA_WAPELLO,2013,150.4,ridge,173.26477945305206
IA_WARREN,2013,146.7,ridge,177.68603688140809
IA_WASHINGTON,2013,159.0,ridge,171.49376718987966
IA_WAYNE,2013,125.1,ridge,180.58000010136993
IA_WEBSTER,2013,137.6,ridge,185.86271166789487
IA_WINNESHIEK,2013,181.8,ridge,192.88061200016784
IA_WOODBURY,2013,164.2,ridge,190.30509757000866
IA_WRIGHT,2013,168.8,ridge,191.8102003023235
IL_ADAMS,2013,153.3,ridge,161.26084675372465
IL_BOONE,2013,179.9,ridge,187.7645188612629
IL_BROWN,2013,176.2,ridge,160.87701964716496
IL_BUREAU,2013,185.9,ridge,175.56574277980755
IL_CARROLL,2013,199.6,ridge,178.81329618991197
IL_CASS,2013,184.1,ridge,164.56059886609242
IL_CHAMPAIGN,2013,168.1,ridge,174.33417875954214
IL_CHRISTIAN,2013,199.8,ridge,172.8642232589932
IL_CLAY,2013,153.5,ridge,161.25081809137964
IL_CLINTON,2013,162.2,ridge,162.92969385260741
IL_COLES,2013,182.2,ridge,167.69414484679444
IL_CRAWFORD,2013,154.1,ridge,159.66819467801287
IL_CUMBERLAND,2013,171.6,ridge,164.76104375073703
IL_DOUGLAS,2013,187.1,ridge,172.96984680424148
IL_EDGAR,2013,186.4,ridge,167.14108366926052
IL_EDWARDS,2013,154.2,ridge,160.56369811179925
IL_EFFINGHAM,2013,172.4,ridge,164.16070450046658
IL_FAYETTE,2013,161.8,ridge,166.66390242278177
IL_FORD,2013,164.0,ridge,175.33648273625943
IL_FRANKLIN,2013,164.3,ridge,156.84329349823858
IL_FULTON,2013,171.4,ridge,163.01962637346182
IL_GALLATIN,2013,188.7,ridge,161.2342661180893
IL_GREENE,2013,167.4,ridge,164.77784591983308
IL_GRUNDY,2013,192.2,ridge,176.4520560336028
IL_HAMILTON,2013,175.1,ridge,161.70967420286973
IL_HANCOCK,2013,178.5,ridge,165.3658475335337
IL_HENDERSON,2013,176.0,ridge,167.65101081175777
IL_HENRY,2013,184.5,ridge,175.06855717214302
IL_IROQUOIS,2013,174.4,ridge,174.67073200698385
IL_JACKSON,2013,172.7,ridge,150.53562320585308
IL_JASPER,2013,151.0,ridge,161.9252310893907
IL_JEFFERSON,2013,153.0,ridge,160.06660008497664
IL_JERSEY,2013,182.9,ridge,165.12773583053752
IL_JOHNSON,2013,154.4,ridge,147.48753925139712
IL_JO_DAVIESS,2013,175.5,ridge,177.1287580136843
IL_KANE,2013,191.7,ridge,182.41279474426668
IL_KANKAKEE,2013,172.1,ridge,177.36165677936836
IL_KENDALL,2013,182.2,ridge,177.28353073132243
IL_KNOX,2013,191.0,ridge,168.51775194806856
IL_LAKE,2013,153.7,ridge,177.01142738376745
IL_LEE,2013,171.3,ridge,180.4119986458563
IL_LIVINGSTON,2013,179.1,ridge,175.93783154133888
IL_LOGAN,2013,198.1,ridge,172.10079870215526
IL_MACON,2013,192.7,ridge,173.59508438867056
IL_MACOUPIN,2013,170.5,ridge,169.36390251572624
IL_MADISON,2013,164.4,ridge,165.1958481000901
IL_MARION,2013,159.7,ridge,163.4266621189917
IL_MARSHALL,2013,191.2,ridge,171.09464815528645
IL_MASON,2013,163.3,ridge,166.7259615158493
IL_MASSAC,2013,170.7,ridge,148.25280000728452
IL_MCDONOUGH,2013,187.8,ridge,165.02188621075564
IL_MCHENRY,2013,160.6,ridge,183.69024682705574
IL_MCLEAN,2013,188.6,ridge,174.27046351570135
IL_MERCER,2013,177.1,ridge,170.6229838132307
IL_MONROE,2013,147.0,ridge,156.93483436760522
IL_MONTGOMERY,2013,182.9,ridge,172.16307678366076
IL_MORGAN,2013,191.2,ridge,165.5387371912735
IL_MOULTRIE,2013,181.1,ridge,173.23395818742688
IL_OGLE,2013,189.6,ridge,182.9966651617528
IL_PEORIA,2013,180.5,ridge,167.36859662013558
IL_PERRY,2013,136.1,ridge,157.66677692290403
IL_PIATT,2013,187.4,ridge,174.51383326435678
IL_PIKE,2013,164.3,ridge,160.77628757058082
IL_PULASKI,2013,169.9,ridge,146.27038541299785
IL_PUTNAM,2013,187.2,ridge,169.81735383193293
IL_RICHLAND,2013,147.7,ridge,160.48048954935842
IL_ROCK_ISLAND,2013,182.3,ridge,171.5590045239039
IL_SALINE,2013,171.3,ridge,156.91329890189186
IL_SANGAMON,2013,198.2,ridge,170.11838929546872
IL_SCHUYLER,2013,169.0,ridge,162.0773004640922
IL_SCOTT,2013,168.2,ridge,164.02697072850745
IL_SHELBY,2013,178.2,ridge,170.0335286850358
IL_STARK,2013,192.4,ridge,174.13507816941606
IL_STEPHENSON,2013,182.0,ridge,184.3319549221065
IL_TAZEWELL,2013,177.1,ridge,168.23432474171787
IL_UNION,2013,162.3,ridge,146.91989766423438
IL_VERMILION,2013,176.9,ridge,170.72399121332415
IL_WABASH,2013,161.5,ridge,161.89175915799348
IL_WARREN,2013,186.9,ridge,168.7378930684975
IL_WASHINGTON,2013,160.6,ridge,160.64152364905
IL_WAYNE,2013,154.0,ridge,161.34870895259746
IL_WHITE,2013,187.1,ridge,162.00824443307738
IL_WHITESIDE,2013,179.8,ridge,177.51705692457057
IL_WILL,2013,149.1,ridge,178.52406634021114
IL_WILLIAMSON,2013,173.5,ridge,153.17116277628207
IL_WINNEBAGO,2013,173.2,ridge,185.6732414194238
IL_WOODFORD,2013,192.3,ridge,171.80696348464951
IN_ADAMS,2013,176.7,ridge,181.09606334922492
IN_ALLEN,2013,180.7,ridge,180.35964138022314
IN_BARTHOLOMEW,2013,176.6,ridge,162.9232472894354
IN_BENTON,2013,181.1,ridge,167.61065454552732
IN_BLACKFORD,2013,172.5,ridge,177.73662756393455
IN_BOONE,2013,189.8,ridge,164.71107552702557
IN_CARROLL,2013,197.1,ridge,165.19135174432165
IN_CASS,2013,192.3,ridge,167.4398239355471
IN_CLARK,2013,161.2,ridge,163.39287439835329
IN_CLAY,2013,154.7,ridge,155.36067504071121
IN_CLINTON,2013,191.5,ridge,165.12544666628173
IN_DAVIESS,2013,182.9,ridge,154.08763341331596
IN_DEARBORN,2013,145.8,ridge,165.54662389102052
IN_DECATUR,2013,183.2,ridge,169.6988721421657
IN_DELAWARE,2013,174.3,ridge,176.98903263420726
IN_DUBOIS,2013,180.5,ridge,153.94102812544043
IN_ELKHART,2013,180.4,ridge,176.69057292489538
IN_FAYETTE,2013,172.2,ridge,174.33666026712
IN_FOUNTAIN,2013,183.5,ridge,160.2797759020835
IN_FRANKLIN,2013,179.2,ridge,170.04128610142018
IN_FULTON,2013,179.0,ridge,169.23261826695858
IN_GIBSON,2013,177.0,ridge,154.5785101116133
IN_GRANT,2013,181.1,ridge,174.93123522666522
IN_HAMILTON,2013,173.6,ridge,169.19632935888126
IN_HANCOCK,2013,173.7,ridge,172.9760871014125
IN_HARRISON,2013,168.0,ridge,165.12213721507106
IN_HENDRICKS,2013,183.6,ridge,163.06605417769924
IN_HUNTINGTON,2013,191.7,ridge,176.94581068155017
IN_JACKSON,2013,148.8,ridge,159.39181573095908
IN_JASPER,2013,179.9,ridge,163.35684019448956
IN_JENNINGS,2013,156.4,ridge,164.05869376178086
IN_JOHNSON,2013,172.9,ridge,164.984949509518
IN_KNOX,2013,180.2,ridge,153.36951749749062
IN_KOSCIUSKO,2013,176.7,ridge,173.93156748351254
IN_LAGRANGE,2013,154.4,ridge,181.61178864306498
IN_LAKE,2013,155.0,ridge,169.25700488440546
IN_MADISON,2013,181.1,ridge,172.86123836818558
IN_MARSHALL,2013,171.0,ridge,171.12299441628036
IN_MIAMI,2013,174.7,ridge,170.1028662184869
IN_MONROE,2013,185.5,ridge,158.5811894571176
IN_MONTGOMERY,2013,195.9,ridge,162.46956832945227
IN_MORGAN,2013,179.8,ridge,160.87339338020988
IN_NEWTON,2013,174.1,ridge,165.0004865884863
IN_NOBLE,2013,164.1,ridge,178.27440323585762
IN_ORANGE,2013,181.4,ridge,156.59522902324798
IN_OWEN,2013,148.6,ridge,156.62952161574339
IN_PARKE,2013,173.1,ridge,157.64228230230427
IN_PIKE,2013,169.1,ridge,154.8824897867164
IN_PORTER,2013,177.8,ridge,163.40191162776443
IN_POSEY,2013,193.0,ridge,154.95535172611093
IN_PULASKI,2013,163.0,ridge,159.7469161311126
IN_PUTNAM,2013,182.7,ridge,159.57883424497584
IN_RANDOLPH,2013,171.3,ridge,179.55977290630386
IN_RIPLEY,2013,170.2,ridge,167.72682235998477
IN_RUSH,2013,193.6,ridge,173.94530188732924
IN_SCOTT,2013,164.5,ridge,161.80666127072948
IN_SHELBY,2013,178.8,ridge,169.0062038109297
IN_SPENCER,2013,184.7,ridge,155.2312337598551
IN_ST._JOSEPH,2013,157.9,ridge,173.8230905617247
IN_STARKE,2013,161.7,ridge,160.4649071598325
IN_TIPPECANOE,2013,185.1,ridge,163.2653910743868
IN_TIPTON,2013,191.2,ridge,170.04624867787746
IN_UNION,2013,211.5,ridge,174.4743249348292
IN_VANDERBURGH,2013,179.7,ridge,154.1441579728548
IN_VERMILLION,2013,185.6,ridge,158.17850890643675
IN_VIGO,2013,159.8,ridge,154.26727831433544
IN_WABASH,2013,178.8,ridge,171.675884854431
IN_WARREN,2013,184.4,ridge,164.00624613385014
IN_WARRICK,2013,183.6,ridge,151.94295096821418
IN_WASHINGTON,2013,146.1,ridge,160.57670454186626
IN_WAYNE,2013,177.3,ridge,177.40850459457096
IN_WHITE,2013,184.1,ridge,163.1812422996731
IN_WHITLEY,2013,181.0,ridge,176.4947782241528
MI_ALLEGAN,2013,156.7,ridge,158.76546851732226
MI_ARENAC,2013,127.7,ridge,160.05578403447
MI_BARRY,2013,165.0,ridge,159.77315541072517
MI_BAY,2013,145.6,ridge,166.44309528790367
MI_BERRIEN,2013,151.5,ridge,141.58556133796287
MI_BRANCH,2013,164.1,ridge,157.4502693108474
MI_CALHOUN,2013,155.8,ridge,159.16564219830053
MI_CASS,2013,160.8,ridge,150.78088533191382
MI_CLINTON,2013,140.2,ridge,160.52635598168328
MI_EATON,2013,170.8,ridge,159.50644509906508
MI_GENESEE,2013,141.3,ridge,159.2605996864097
MI_GRATIOT,2013,146.9,ridge,163.5346212847092
MI_HILLSDALE,2013,168.7,ridge,156.54830750818564
MI_HURON,2013,172.4,ridge,160.70682235206584
MI_INGHAM,2013,161.5,ridge,157.3329687817987
MI_IONIA,2013,163.0,ridge,166.09350343482618
MI_JACKSON,2013,156.4,ridge,156.82692703731777
MI_KALAMAZOO,2013,178.8,ridge,157.96969699801917
MI_KENT,2013,154.2,ridge,164.543707819462
MI_LAPEER,2013,150.7,ridge,153.17865929929437
MI_LENAWEE,2013,181.5,ridge,153.26293591490202
MI_LIVINGSTON,2013,153.2,ridge,154.86530090094564
MI_MACOMB,2013,152.5,ridge,153.70888668036318
MI_MIDLAND,2013,151.0,ridge,167.11628336890334
MI_MONROE,2013,152.8,ridge,137.860175259737
MI_MONTCALM,2013,143.1,ridge,172.15247444606587
MI_MUSKEGON,2013,128.3,ridge,160.96239071642566
MI_NEWAYGO,2013,115.7,ridge,166.5155141153
MI_OAKLAND,2013,153.3,ridge,153.32860093971263
MI_OCEANA,2013,130.3,ridge,162.01469304249332
MI_OTTAWA,2013,145.9,ridge,158.74224800201492
MI_SAGINAW,2013,147.4,ridge,168.43817463624657
MI_SANILAC,2013,172.2,ridge,155.13110224506013
MI_SHIAWASSEE,2013,155.5,ridge,162.56672614112892
MI_TUSCOLA,2013,157.1,ridge,156.95800255913377
MI_VAN_BUREN,2013,156.5,ridge,152.516491713549
MI_WASHTENAW,2013,155.7,ridge,149.78168894177762
MI_WAYNE,2013,130.0,ridge,140.64534085262036
MN_BLUE_EARTH,2013,185.2,ridge,207.2153847246323
MN_BROWN,2013,170.8,ridge,211.08691280354958
MN_CHIPPEWA,2013,175.6,ridge,202.89399601037792
MN_FILLMORE,2013,171.9,ridge,200.79189488765348
MN_GOODHUE,2013,181.5,ridge,204.87776486354772
MN_HOUSTON,2013,153.0,ridge,196.8423537928256
MN_MARTIN,2013,187.8,ridge,206.62116471869723
MN_MURRAY,2013,176.2,ridge,206.4306930005889
MN_NICOLLET,2013,174.0,ridge,208.7686571266706
MN_NOBLES,2013,168.8,ridge,206.48795171933818
MN_PIPESTONE,2013,165.0,ridge,208.8630082185747
MN_REDWOOD,2013,166.5,ridge,214.50145152071235
MN_RENVILLE,2013,173.4,ridge,211.38360783273697
MN_ROCK,2013,180.1,ridge,206.74212357817518
MN_WABASHA,2013,174.1,ridge,202.27249267313363
MN_WINONA,2013,173.6,ridge,199.5791391818828
MN_YELLOW_MEDICINE,2013,171.7,ridge,203.879108547126
MO_ADAIR,2013,126.2,ridge,146.53499432025876
MO_ANDREW,2013,133.2,ridge,159.4137819896392
MO_ATCHISON,2013,165.0,ridge,157.8371263818018
MO_AUDRAIN,2013,124.3,ridge,142.06579570831056
MO_BENTON,2013,111.0,ridge,128.75326628598805
MO_BOLLINGER,2013,153.5,ridge,125.86445771346557
MO_BOONE,2013,131.9,ridge,138.17774932798636
MO_BUCHANAN,2013,148.9,ridge,157.23941531974006
MO_CALDWELL,2013,90.0,ridge,156.3017874546349
MO_CALLAWAY,2013,135.0,ridge,135.85966890745055
MO_CAPE_GIRARDEAU,2013,154.1,ridge,130.2401479146252
MO_CARROLL,2013,141.5,ridge,150.72132248562184
MO_CASS,2013,107.4,ridge,144.9095645184329
MO_CEDAR,2013,77.2,ridge,129.09900612790554
MO_CHARITON,2013,114.1,ridge,146.45056070583567
MO_CLAY,2013,141.1,ridge,153.4978764740938
MO_CLINTON,2013,133.4,ridge,158.04252588911066
MO_COLE,2013,136.1,ridge,130.19021731987655
MO_DADE,2013,88.0,ridge,133.40347105983457
MO_DUNKLIN,2013,192.4,ridge,124.17991453858768
MO_FRANKLIN,2013,149.2,ridge,133.59604946707867
MO_GASCONADE,2013,123.0,ridge,129.9798246148693
MO_HENRY,2013,84.6,ridge,132.27077461603906
MO_HOLT,2013,182.3,ridge,158.36274848554288
MO_JACKSON,2013,142.3,ridge,150.09810884871948
MO_JEFFERSON,2013,134.1,ridge,134.17744588704173
MO_JOHNSON,2013,124.6,ridge,142.06993712105933
MO_LAFAYETTE,2013,161.5,ridge,148.45690213342183
MO_LAWRENCE,2013,88.3,ridge,134.7719521783279
MO_LEWIS,2013,104.1,ridge,141.6502227920719
MO_LINN,2013,101.5,ridge,147.65569300107236
MO_LIVINGSTON,2013,99.8,ridge,152.61191813952848
MO_MACON,2013,109.7,ridge,143.74696464777352
MO_MISSISSIPPI,2013,191.9,ridge,125.45067013120531
MO_MONITEAU,2013,124.5,ridge,135.50100792575628
MO_MONROE,2013,123.0,ridge,140.29957414093704
MO_MONTGOMERY,2013,122.6,ridge,138.41698969427102
MO_MORGAN,2013,126.2,ridge,131.18801676703447
MO_NEW_MADRID,2013,175.7,ridge,136.20183070942048
MO_NODAWAY,2013,129.8,ridge,160.293084006647
MO_PEMISCOT,2013,173.9,ridge,135.18268345643065
MO_PERRY,2013,160.6,ridge,130.24023075812892
MO_PETTIS,2013,126.0,ridge,138.43091434407657
MO_PIKE,2013,157.1,ridge,140.64229408008345
MO_RALLS,2013,148.2,ridge,140.49193994563444
MO_RANDOLPH,2013,118.2,ridge,141.67348512356781
MO_RAY,2013,141.1,ridge,153.115096861203
MO_SALINE,2013,153.4,ridge,146.37513624263187
MO_SCOTLAND,2013,119.1,ridge,145.7513785189313
MO_SHELBY,2013,97.0,ridge,142.749315830862
MO_STODDARD,2013,185.1,ridge,140.04424189705773
MO_SULLIVAN,2013,95.5,ridge,148.91956404151196
MO_VERNON,2013,93.5,ridge,134.2345518316722
MO_WARREN,2013,149.6,ridge,136.85070970069725
MO_WAYNE,2013,95.0,ridge,115.83393419750477
MO_WORTH,2013,118.5,ridge,159.02578023954703
OH_ADAMS,2013,156.2,ridge,154.51570591029676
OH_ALLEN,2013,183.5,ridge,167.99161461081997
OH_ASHLAND,2013,157.5,ridge,166.17864889133105
OH_ASHTABULA,2013,135.8,ridge,171.7023521470234
OH_AUGLAIZE,2013,170.8,ridge,168.3077288262862
OH_BELMONT,2013,130.0,ridge,161.83245057201285
OH_BROWN,2013,173.1,ridge,153.34352364844716
OH_BUTLER,2013,167.5,ridge,154.14483479358103
OH_CHAMPAIGN,2013,192.4,ridge,165.7251294841581
OH_CLARK,2013,187.3,ridge,163.0393896879142
OH_CLINTON,2013,186.2,ridge,157.75678417949158
OH_COLUMBIANA,2013,169.7,ridge,168.2217868259911
OH_COSHOCTON,2013,151.3,ridge,161.2580948275425
OH_CRAWFORD,2013,180.1,ridge,167.1771417796826
OH_DARKE,2013,173.5,ridge,166.14164412034958
OH_DEFIANCE,2013,163.4,ridge,172.06875695511044
OH_DELAWARE,2013,179.0,ridge,162.67052609529932
OH_ERIE,2013,173.9,ridge,164.75754787057923
OH_FAIRFIELD,2013,175.7,ridge,156.64798931153163
OH_FAYETTE,2013,177.8,ridge,158.3079250264781
OH_FRANKLIN,2013,175.8,ridge,157.2556233423523
OH_FULTON,2013,189.3,ridge,168.56480782333406
OH_GREENE,2013,177.3,ridge,160.05171811822112
OH_GUERNSEY,2013,140.3,ridge,159.4628115615579
OH_HANCOCK,2013,177.3,ridge,168.69990043597898
OH_HARDIN,2013,172.2,ridge,167.43927286426316
OH_HARRISON,2013,150.6,ridge,162.90833212579375
OH_HENRY,2013,183.6,ridge,172.0226384174168
OH_HIGHLAND,2013,184.8,ridge,156.52174858676025
OH_HOCKING,2013,151.8,ridge,158.1279199727958
OH_HOLMES,2013,148.0,ridge,163.6149871880913
OH_HURON,2013,180.8,ridge,166.10955968985735
OH_KNOX,2013,165.9,ridge,162.61974857030745
OH_LICKING,2013,162.8,ridge,158.85185780549503
OH_LOGAN,2013,171.4,ridge,167.3702063637292
OH_LORAIN,2013,141.3,ridge,163.7831103143195
OH_LUCAS,2013,174.4,ridge,158.8438275402474
OH_MADISON,2013,189.7,ridge,159.14181493218757
OH_MAHONING,2013,163.9,ridge,170.23959206574406
OH_MARION,2013,174.4,ridge,167.4854580982789
OH_MEDINA,2013,139.9,ridge,167.3031429018094
OH_MERCER,2013,173.3,ridge,169.0122330273153
OH_MIAMI,2013,182.3,ridge,164.16291123555771
OH_MONTGOMERY,2013,184.4,ridge,159.24685978477567
OH_MORGAN,2013,136.7,ridge,158.70070079546593
OH_MORROW,2013,165.2,ridge,165.7744710522397
OH_MUSKINGUM,2013,169.5,ridge,158.4332776201868
OH_NOBLE,2013,138.4,ridge,158.68553982955922
OH_OTTAWA,2013,158.4,ridge,161.72543278845177
OH_PAULDING,2013,171.9,ridge,173.44951873875954
OH_PERRY,2013,162.0,ridge,158.61706206417193
OH_PICKAWAY,2013,173.9,ridge,156.1217431554608
OH_PIKE,2013,170.7,ridge,157.04104635518354
OH_PORTAGE,2013,138.3,ridge,171.14010749023987
OH_PREBLE,2013,184.9,ridge,162.0455280674865
OH_PUTNAM,2013,188.8,ridge,173.19573971064835
OH_RICHLAND,2013,167.5,ridge,166.85215590545562
OH_ROSS,2013,171.6,ridge,155.54513230442456
OH_SANDUSKY,2013,170.4,ridge,170.3373873348505
OH_SENECA,2013,165.3,ridge,167.02129148405567
OH_SHELBY,2013,172.7,ridge,168.08516563083228
OH_STARK,2013,152.9,ridge,165.91878396213446
OH_TRUMBULL,2013,175.4,ridge,173.5400824341539
OH_TUSCARAWAS,2013,150.0,ridge,162.72308196290513
OH_UNION,2013,180.5,ridge,164.78957117365138
OH_VAN_WERT,2013,185.0,ridge,168.6741978837149
OH_WARREN,2013,175.8,ridge,154.82258746136722
OH_WAYNE,2013,162.2,ridge,164.97731747169635
OH_WILLIAMS,2013,170.5,ridge,168.9120810061952
OH_WOOD,2013,171.6,ridge,167.83222264049937
OH_WYANDOT,2013,174.2,ridge,166.94414407848154
WI_ADAMS,2013,109.4,ridge,162.87457045791245
WI_BUFFALO,2013,141.0,ridge,172.18429587402818
WI_COLUMBIA,2013,157.9,ridge,164.04367089692198
WI_CRAWFORD,2013,144.8,ridge,163.82255769134983
WI_DANE,2013,177.4,ridge,168.26258582560337
WI_DODGE,2013,163.0,ridge,164.89256016494522
WI_DUNN,2013,112.1,ridge,173.75022365726647
WI_EAU_CLAIRE,2013,130.0,ridge,171.39295208303
WI_FOND_DU_LAC,2013,166.8,ridge,162.05176175370175
WI_GRANT,2013,179.3,ridge,162.19310671659267
WI_GREEN,2013,157.1,ridge,166.90667335112389
WI_GREEN_LAKE,2013,151.6,ridge,164.49348698732828
WI_IOWA,2013,158.3,ridge,167.22672418196947
WI_JACKSON,2013,123.8,ridge,170.43491824734255
WI_JEFFERSON,2013,164.6,ridge,165.64883178910912
WI_JUNEAU,2013,101.7,ridge,165.5436780923965
WI_KENOSHA,2013,157.7,ridge,153.68668706121016
WI_LAFAYETTE,2013,169.4,ridge,163.59308292456197
WI_LA_CROSSE,2013,149.1,ridge,170.3098562170482
WI_MARINETTE,2013,145.2,ridge,188.47566972278392
WI_MARQUETTE,2013,110.3,ridge,160.42357902423265
WI_MONROE,2013,121.4,ridge,168.87345143952126
WI_OCONTO,2013,154.4,ridge,181.52022952694304
WI_OUTAGAMIE,2013,153.8,ridge,163.046785927058
WI_PEPIN,2013,134.8,ridge,172.80257693467698
WI_PORTAGE,2013,135.7,ridge,165.73952669864445
WI_RACINE,2013,162.8,ridge,151.92815696980475
WI_RICHLAND,2013,141.9,ridge,166.68381855637253
WI_ROCK,2013,168.4,ridge,168.4175041069735
WI_SAUK,2013,154.3,ridge,167.9870913568908
WI_SHEBOYGAN,2013,146.1,ridge,152.75479946348543
WI_TREMPEALEAU,2013,122.4,ridge,172.68922052793374
WI_VERNON,2013,138.8,ridge,169.33992728184109
WI_WALWORTH,2013,161.3,ridge,163.35693737290802
WI_WASHINGTON,2013,132.9,ridge,157.54476046827025
WI_WAUKESHA,2013,153.3,ridge,159.26019187887044
WI_WAUSHARA,2013,143.5,ridge,162.26420742737065
WI_WINNEBAGO,2013,155.6,ridge,163.75101245890488
IA_ADAIR,2013,137.8,random_forest,157.2778189906492
IA_ADAMS,2013,147.6,random_forest,156.2511076200654
IA_ALLAMAKEE,2013,162.1,random_forest,134.58996045735427
IA_APPANOOSE,2013,109.1,random_forest,163.95630330340836
IA_AUDUBON,2013,157.1,random_forest,167.1869937701296
IA_BENTON,2013,163.7,random_forest,139.52265786011287
IA_BLACK_HAWK,2013,166.1,random_forest,135.49052055843646
IA_BOONE,2013,154.2,random_forest,155.51993669158358
IA_BREMER,2013,175.1,random_forest,134.89606761655284
IA_BUCHANAN,2013,168.8,random_forest,136.82616272789892
IA_BUENA_VISTA,2013,160.5,random_forest,163.0874319885243
IA_BUTLER,2013,179.2,random_forest,135.1579703695902
IA_CALHOUN,2013,132.6,random_forest,161.84761030134015
IA_CARROLL,2013,136.5,random_forest,166.88824931107175
IA_CASS,2013,159.5,random_forest,167.11629467577987
IA_CEDAR,2013,169.7,random_forest,154.5693832592761
IA_CERRO_GORDO,2013,163.1,random_forest,134.27284398785685
IA_CHEROKEE,2013,185.1,random_forest,163.61759135480176
IA_CHICKASAW,2013,171.8,random_forest,133.88896595203227
IA_CLARKE,2013,126.5,random_forest,153.08606143092442
IA_CLAY,2013,167.2,random_forest,153.44580440318703
IA_CLAYTON,2013,181.2,random_forest,135.19802148231244
IA_CLINTON,2013,185.6,random_forest,160.7769821279013
IA_CRAWFORD,2013,157.8,random_forest,168.03086715331432
IA_DALLAS,2013,145.3,random_forest,164.30377247328983
IA_DAVIS,2013,146.7,random_forest,160.4660350585369
IA_DECATUR,2013,131.2,random_forest,155.50374122528484
IA_DELAWARE,2013,184.7,random_forest,135.88730438208776
IA_DES_MOINES,2013,165.4,random_forest,161.31714714187348
IA_DICKINSON,2013,162.4,random_forest,141.01712558927287
IA_DUBUQUE,2013,196.0,random_forest,140.59912944313146
IA_EMMET,2013,166.4,random_forest,142.80940743825388
IA_FAYETTE,2013,181.2,random_forest,133.75842642032006
IA_FLOYD,2013,170.0,random_forest,134.46491617128552
IA_FRANKLIN,2013,179.6,random_forest,135.30795723096873
IA_FREMONT,2013,159.9,random_forest,159.69009487178792
IA_GREENE,2013,137.9,random_forest,165.4376982973483
IA_GRUNDY,2013,180.8,random_forest,135.71525027418284
IA_GUTHRIE,2013,130.1,random_forest,167.21368317501623
IA_HAMILTON,2013,135.0,random_forest,141.71276389898955
IA_HANCOCK,2013,169.9,random_forest,134.77859546110406
IA_HARDIN,2013,156.6,random_forest,137.9910643464955
IA_HARRISON,2013,177.1,random_forest,167.0452842229131
IA_HENRY,2013,160.4,random_forest,161.8390794596195
IA_HOWARD,2013,159.1,random_forest,133.67412975177416
IA_HUMBOLDT,2013,155.4,random_forest,142.04713582575067
IA_IDA,2013,177.7,random_forest,168.1652753005405
IA_IOWA,2013,165.9,random_forest,144.89506834017772
IA_JACKSON,2013,173.2,random_forest,143.15290734049
IA_JASPER,2013,158.8,random_forest,149.70859773282362
IA_JEFFERSON,2013,145.5,random_forest,161.66226713371762
IA_JOHNSON,2013,181.1,random_forest,151.77673526660175
IA_JONES,2013,179.3,random_forest,141.11247166572636
IA_KEOKUK,2013,156.7,random_forest,154.5492657607589
IA_KOSSUTH,2013,167.7,random_forest,137.05936092476756
IA_LEE,2013,144.1,random_forest,160.07688119650285
IA_LINN,2013,178.6,random_forest,141.04702929465395
IA_LOUISA,2013,158.5,random_forest,161.64106491600836
IA_LUCAS,2013,117.9,random_forest,157.3500437268651
IA_LYON,2013,190.5,random_forest,154.19268254199972
IA_MADISON,2013,140.9,random_forest,155.4813827162988
IA_MAHASKA,2013,168.6,random_forest,153.36015423530333
IA_MARION,2013,156.4,random_forest,153.14063240097178
IA_MARSHALL,2013,163.2,random_forest,143.3909399074783
IA_MILLS,2013,171.0,random_forest,163.51855688928532
IA_MITCHELL,2013,164.1,random_forest,133.66553970201457
IA_MONONA,2013,175.2,random_forest,168.36971282664848
IA_MONROE,2013,115.3,random_forest,157.44513200770461
IA_MONTGOMERY,2013,154.0,random_forest,166.02019186312594
IA_MUSCATINE,2013,158.3,random_forest,162.5479675038614
IA_OSCEOLA,2013,182.0,random_forest,141.68185951342778
IA_PAGE,2013,154.5,random_forest,165.70605345964685
IA_PALO_ALTO,2013,168.8,random_forest,153.8005682890078
IA_PLYMOUTH,2013,188.9,random_forest,168.46448718924162
IA_POCAHONTAS,2013,163.8,random_forest,160.32693994368816
IA_POLK,2013,143.6,random_forest,157.21369080020543
IA_POTTAWATTAMIE,2013,179.4,random_forest,166.13397434019006
IA_POWESHIEK,2013,158.5,random_forest,145.88047011377006
IA_RINGGOLD,2013,121.1,random_forest,153.93425282689412
IA_SAC,2013,142.6,random_forest,166.3136911536598
IA_SCOTT,2013,167.8,random_forest,167.01615494691814
IA_SHELBY,2013,182.6,random_forest,167.94753860786983
IA_SIOUX,2013,194.1,random_forest,160.56873408959584
IA_STORY,2013,137.2,random_forest,145.61748071388547
IA_TAMA,2013,158.7,random_forest,142.56669105398746
IA_TAYLOR,2013,136.2,random_forest,155.92638732098857
IA_UNION,2013,137.0,random_forest,154.88841187739675
IA_VAN_BUREN,2013,144.1,random_forest,158.92866673420127
IA_WAPELLO,2013,150.4,random_forest,160.71749634838446
IA_WARREN,2013,146.7,random_forest,160.8003206981003
IA_WASHINGTON,2013,159.0,random_forest,158.63235424193397
IA_WAYNE,2013,125.1,random_forest,153.9494612361224
IA_WEBSTER,2013,137.6,random_forest,154.42670052436307
IA_WINNESHIEK,2013,181.8,random_forest,134.29455235161265
IA_WOODBURY,2013,164.2,random_forest,169.0266088267693
IA_WRIGHT,2013,168.8,random_forest,136.0563690212857
IL_ADAMS,2013,153.3,random_forest,160.23594058947484
IL_BOONE,2013,179.9,random_forest,167.69267134995224
IL_BROWN,2013,176.2,random_forest,160.8015718584866
IL_BUREAU,2013,185.9,random_forest,171.71200792948866
IL_CARROLL,2013,199.6,random_forest,163.64061180756607
IL_CASS,2013,184.1,random_forest,164.16748084720297
IL_CHAMPAIGN,2013,168.1,random_forest,174.80912288343308
IL_CHRISTIAN,2013,199.8,random_forest,165.55814850473175
IL_CLAY,2013,153.5,random_forest,162.35895632796564
IL_CLINTON,2013,162.2,random_forest,157.26915838184715
IL_COLES,2013,182.2,random_forest,168.12798923914113
IL_CRAWFORD,2013,154.1,random_forest,165.06588327405896
IL_CUMBERLAND,2013,171.6,random_forest,163.617004709584
IL_DOUGLAS,2013,187.1,random_forest,174.08610331219745
IL_EDGAR,2013,186.4,random_forest,172.9734252777518
IL_EDWARDS,2013,154.2,random_forest,160.89279059002445
IL_EFFINGHAM,2013,172.4,random_forest,162.4166840849125
IL_FAYETTE,2013,161.8,random_forest,162.42860277896173
IL_FORD,2013,164.0,random_forest,174.92364616115495
IL_FRANKLIN,2013,164.3,random_forest,151.72338766859394
IL_FULTON,2013,171.4,random_forest,171.1142557521258
IL_GALLATIN,2013,188.7,random_forest,153.5378804404234
IL_GREENE,2013,167.4,random_forest,160.3491344371729
IL_GRUNDY,2013,192.2,random_forest,171.81358245556078
IL_HAMILTON,2013,175.1,random_forest,153.9319651188497
IL_HANCOCK,2013,178.5,random_forest,164.9671195239984
IL_HENDERSON,2013,176.0,random_forest,172.829111349125
IL_HENRY,2013,184.5,random_forest,170.79938618899587
IL_IROQUOIS,2013,174.4,random_forest,173.03516131777963
IL_JACKSON,2013,172.7,random_forest,147.5544584468477
IL_JASPER,2013,151.0,random_forest,164.16706246629832
IL_JEFFERSON,2013,153.0,random_forest,153.956944952411
IL_JERSEY,2013,182.9,random_forest,160.08019739930754
IL_JOHNSON,2013,154.4,random_forest,139.2321103906962
IL_JO_DAVIESS,2013,175.5,random_forest,148.1278882792546
IL_KANE,2013,191.7,random_forest,167.98756618561123
IL_KANKAKEE,2013,172.1,random_forest,173.00557446915997
IL_KENDALL,2013,182.2,random_forest,169.79556858661368
IL_KNOX,2013,191.0,random_forest,172.70499964948834
IL_LAKE,2013,153.7,random_forest,134.41234770789208
IL_LEE,2013,171.3,random_forest,168.98417439023154
IL_LIVINGSTON,2013,179.1,random_forest,173.8061880250105
IL_LOGAN,2013,198.1,random_forest,173.80006538978316
IL_MACON,2013,192.7,random_forest,174.1892356763457
IL_MACOUPIN,2013,170.5,random_forest,159.53360411771916
IL_MADISON,2013,164.4,random_forest,160.47872651637695
IL_MARION,2013,159.7,random_forest,158.4761076403393
IL_MARSHALL,2013,191.2,random_forest,169.5028141627699
IL_MASON,2013,163.3,random_forest,171.06856049287848
IL_MASSAC,2013,170.7,random_forest,131.8498389397565
IL_MCDONOUGH,2013,187.8,random_forest,171.6336857450232
IL_MCHENRY,2013,160.6,random_forest,162.53854172229353
IL_MCLEAN,2013,188.6,random_forest,174.7366205290686
IL_MERCER,2013,177.1,random_forest,172.10962276056074
IL_MONROE,2013,147.0,random_forest,152.5697409012233
IL_MONTGOMERY,2013,182.9,random_forest,163.14757678886147
IL_MORGAN,2013,191.2,random_forest,162.97524843188728
IL_MOULTRIE,2013,181.1,random_forest,173.25279164153272
IL_OGLE,2013,189.6,random_forest,168.1841800514938
IL_PEORIA,2013,180.5,random_forest,171.6321902742759
IL_PERRY,2013,136.1,random_forest,151.31661219335228
IL_PIATT,2013,187.4,random_forest,174.47749162038593
IL_PIKE,2013,164.3,random_forest,160.29143282893352
IL_PULASKI,2013,169.9,random_forest,133.52829936821365
IL_PUTNAM,2013,187.2,random_forest,167.9944141048048
IL_RICHLAND,2013,147.7,random_forest,163.4480070485559
IL_ROCK_ISLAND,2013,182.3,random_forest,171.39332986942995
IL_SALINE,2013,171.3,random_forest,150.64834500454972
IL_SANGAMON,2013,198.2,random_forest,169.6326079020655
IL_SCHUYLER,2013,169.0,random_forest,162.46008894713933
IL_SCOTT,2013,168.2,random_forest,161.78780706494285
IL_SHELBY,2013,178.2,random_forest,164.4033144959453
IL_STARK,2013,192.4,random_forest,173.81756191116563
IL_STEPHENSON,2013,182.0,random_forest,167.47163842157335
IL_TAZEWELL,2013,177.1,random_forest,170.7819621613757
IL_UNION,2013,162.3,random_forest,143.98816969824054
IL_VERMILION,2013,176.9,random_forest,173.22861463377097
IL_WABASH,2013,161.5,random_forest,164.26094519242181
IL_WARREN,2013,186.9,random_forest,172.73608473190387
IL_WASHINGTON,2013,160.6,random_forest,154.9071384203947
IL_WAYNE,2013,154.0,random_forest,157.29683916336705
IL_WHITE,2013,187.1,random_forest,155.46247995375603
IL_WHITESIDE,2013,179.8,random_forest,169.41486708618282
IL_WILL,2013,149.1,random_forest,170.1891670126757
IL_WILLIAMSON,2013,173.5,random_forest,148.69420674106988
IL_WINNEBAGO,2013,173.2,random_forest,167.61985094523195
IL_WOODFORD,2013,192.3,random_forest,174.6054636149036
IN_ADAMS,2013,176.7,random_forest,148.59541595585404
IN_ALLEN,2013,180.7,random_forest,150.83873034538868
IN_BARTHOLOMEW,2013,176.6,random_forest,153.75518192620515
IN_BENTON,2013,181.1,random_forest,154.7010147684911
IN_BLACKFORD,2013,172.5,random_forest,149.41502851115746
IN_BOONE,2013,189.8,random_forest,151.68645943729604
IN_CARROLL,2013,197.1,random_forest,148.71676372465691
IN_CASS,2013,192.3,random_forest,148.36954353792842
IN_CLARK,2013,161.2,random_forest,151.31563408516135
IN_CLAY,2013,154.7,random_forest,152.03098594114726
IN_CLINTON,2013,191.5,random_forest,149.9689105672988
IN_DAVIESS,2013,182.9,random_forest,150.05878480849145
IN_DEARBORN,2013,145.8,random_forest,153.91116696360672
IN_DECATUR,2013,183.2,random_forest,151.4999760860734
IN_DELAWARE,2013,174.3,random_forest,150.23830712888642
IN_DUBOIS,2013,180.5,random_forest,149.3133017368299
IN_ELKHART,2013,180.4,random_forest,147.1863111186939
IN_FAYETTE,2013,172.2,random_forest,151.18994878703825
IN_FOUNTAIN,2013,183.5,random_forest,150.62713287046017
IN_FRANKLIN,2013,179.2,random_forest,151.22004391039175
IN_FULTON,2013,179.0,random_forest,148.0744248866724
IN_GIBSON,2013,177.0,random_forest,149.78487406752703
IN_GRANT,2013,181.1,random_forest,149.43844253333947
IN_HAMILTON,2013,173.6,random_forest,151.68423408799305
IN_HANCOCK,2013,173.7,random_forest,153.14643432797567
IN_HARRISON,2013,168.0,random_forest,151.72816810381818
IN_HENDRICKS,2013,183.6,random_forest,152.19571610532813
IN_HUNTINGTON,2013,191.7,random_forest,148.594076496001
IN_JACKSON,2013,148.8,random_forest,152.60599841722419
IN_JASPER,2013,179.9,random_forest,147.72435273322776
IN_JENNINGS,2013,156.4,random_forest,151.67560170860463
IN_JOHNSON,2013,172.9,random_forest,153.76589179845425
IN_KNOX,2013,180.2,random_forest,149.52520614877565
IN_KOSCIUSKO,2013,176.7,random_forest,148.02485899055392
IN_LAGRANGE,2013,154.4,random_forest,147.24627199934656
IN_LAKE,2013,155.0,random_forest,154.41763550274806
IN_MADISON,2013,181.1,random_forest,151.18673362339047
IN_MARSHALL,2013,171.0,random_forest,147.43457159926953
IN_MIAMI,2013,174.7,random_forest,148.42740390354535
IN_MONROE,2013,185.5,random_forest,150.22534204236348
IN_MONTGOMERY,2013,195.9,random_forest,152.48206805092576
IN_MORGAN,2013,179.8,random_forest,153.2733766074129
IN_NEWTON,2013,174.1,random_forest,148.51507373828818
IN_NOBLE,2013,164.1,random_forest,147.34694671215996
IN_ORANGE,2013,181.4,random_forest,150.7253046164024
IN_OWEN,2013,148.6,random_forest,151.57869839741903
IN_PARKE,2013,173.1,random_forest,151.51024211262387
IN_PIKE,2013,169.1,random_forest,149.84790973815467
IN_PORTER,2013,177.8,random_forest,147.7478855995262
IN_POSEY,2013,193.0,random_forest,149.44696730281592
IN_PULASKI,2013,163.0,random_forest,147.144816483248
IN_PUTNAM,2013,182.7,random_forest,151.31317361048428
IN_RANDOLPH,2013,171.3,random_forest,150.4612280200659
IN_RIPLEY,2013,170.2,random_forest,151.264479577266
IN_RUSH,2013,193.6,random_forest,151.5489889629168
IN_SCOTT,2013,164.5,random_forest,152.22470799160595
IN_SHELBY,2013,178.8,random_forest,154.7827652893693
IN_SPENCER,2013,184.7,random_forest,151.1405340229125
IN_ST._JOSEPH,2013,157.9,random_forest,150.13083170320976
IN_STARKE,2013,161.7,random_forest,148.00118592592864
IN_TIPPECANOE,2013,185.1,random_forest,153.04957082272807
IN_TIPTON,2013,191.2,random_forest,150.48832605266875
IN_UNION,2013,211.5,random_forest,151.00330895432774
IN_VANDERBURGH,2013,179.7,random_forest,148.2240833098451
IN_VERMILLION,2013,185.6,random_forest,152.56002994760362
IN_VIGO,2013,159.8,random_forest,149.75216688269816
IN_WABASH,2013,178.8,random_forest,147.5679277006521
IN_WARREN,2013,184.4,random_forest,156.21926670909485
IN_WARRICK,2013,183.6,random_forest,145.39760922551812
IN_WASHINGTON,2013,146.1,random_forest,152.9819376093406
IN_WAYNE,2013,177.3,random_forest,150.44603612972574
IN_WHITE,2013,184.1,random_forest,148.34108306164714
IN_WHITLEY,2013,181.0,random_forest,147.22787423025616
MI_ALLEGAN,2013,156.7,random_forest,146.85256481445361
MI_ARENAC,2013,127.7,random_forest,127.72052328079869
MI_BARRY,2013,165.0,random_forest,143.14921641460256
MI_BAY,2013,145.6,random_forest,141.47987771306325
MI_BERRIEN,2013,151.5,random_forest,145.03610178105592
MI_BRANCH,2013,164.1,random_forest,142.42319612752493
MI_CALHOUN,2013,155.8,random_forest,142.7684161621605
MI_CASS,2013,160.8,random_forest,143.983131796947
MI_CLINTON,2013,140.2,random_forest,143.70598314133403
MI_EATON,2013,170.8,random_forest,143.22499316701243
MI_GENESEE,2013,141.3,random_forest,144.82286570805493
MI_GRATIOT,2013,146.9,random_forest,145.0580808227476
MI_HILLSDALE,2013,168.7,random_forest,142.88632379757692
MI_HURON,2013,172.4,random_forest,142.31282401919435
MI_INGHAM,2013,161.5,random_forest,142.6181536071577
MI_IONIA,2013,163.0,random_forest,145.42475603484357
MI_JACKSON,2013,156.4,random_forest,142.77921621642344
MI_KALAMAZOO,2013,178.8,random_forest,142.33535507106103
MI_KENT,2013,154.2,random_forest,145.12978980699143
MI_LAPEER,2013,150.7,random_forest,142.80705356871206
MI_LENAWEE,2013,181.5,random_forest,144.09476461519208
MI_LIVINGSTON,2013,153.2,random_forest,143.00483138528259
MI_MACOMB,2013,152.5,random_forest,147.157923188089
MI_MIDLAND,2013,151.0,random_forest,143.23215184799977
MI_MONROE,2013,152.8,random_forest,147.7300536577582
MI_MONTCALM,2013,143.1,random_forest,142.21735038542295
MI_MUSKEGON,2013,128.3,random_forest,141.07973374113323
MI_NEWAYGO,2013,115.7,random_forest,138.01669909934057
MI_OAKLAND,2013,153.3,random_forest,143.34769117705582
MI_OCEANA,2013,130.3,random_forest,136.80916408286402
MI_OTTAWA,2013,145.9,random_forest,145.23776000994476
MI_SAGINAW,2013,147.4,random_forest,144.17125240476977
MI_SANILAC,2013,172.2,random_forest,144.43851610007889
MI_SHIAWASSEE,2013,155.5,random_forest,144.70602662132168
MI_TUSCOLA,2013,157.1,random_forest,144.6736088424592
MI_VAN_BUREN,2013,156.5,random_forest,144.25652057742826
MI_WASHTENAW,2013,155.7,random_forest,143.22183310642146
MI_WAYNE,2013,130.0,random_forest,146.2983119901431
MN_BLUE_EARTH,2013,185.2,random_forest,134.2213147484914
MN_BROWN,2013,170.8,random_forest,136.89539393177
MN_CHIPPEWA,2013,175.6,random_forest,129.3672150755075
MN_FILLMORE,2013,171.9,random_forest,132.74729190251966
MN_GOODHUE,2013,181.5,random_forest,131.64489170998348
MN_HOUSTON,2013,153.0,random_forest,133.31644520643897
MN_MARTIN,2013,187.8,random_forest,140.40935408954394
MN_MURRAY,2013,176.2,random_forest,129.9200400733012
MN_NICOLLET,2013,174.0,random_forest,135.3254837013989
MN_NOBLES,2013,168.8,random_forest,131.34204588560573
MN_PIPESTONE,2013,165.0,random_forest,129.05830582785
MN_REDWOOD,2013,166.5,random_forest,136.93408802693835
MN_RENVILLE,2013,173.4,random_forest,136.94101764276022
MN_ROCK,2013,180.1,random_forest,137.5429969916337
MN_WABASHA,2013,174.1,random_forest,131.37932303736707
MN_WINONA,2013,173.6,random_forest,132.35364883133428
MN_YELLOW_MEDICINE,2013,171.7,random_forest,128.6894235215753
MO_ADAIR,2013,126.2,random_forest,141.23923475536236
MO_ANDREW,2013,133.2,random_forest,140.04100119284968
MO_ATCHISON,2013,165.0,random_forest,138.42566416678878
MO_AUDRAIN,2013,124.3,random_forest,144.4433676524332
MO_BENTON,2013,111.0,random_forest,138.34004536921125
MO_BOLLINGER,2013,153.5,random_forest,138.05727924391022
MO_BOONE,2013,131.9,random_forest,144.52067445007435
MO_BUCHANAN,2013,148.9,random_forest,144.26143712102026
MO_CALDWELL,2013,90.0,random_forest,143.7176087567214
MO_CALLAWAY,2013,135.0,random_forest,144.63108452186913
MO_CAPE_GIRARDEAU,2013,154.1,random_forest,140.75546918325563
MO_CARROLL,2013,141.5,random_forest,144.2116609798234
MO_CASS,2013,107.4,random_forest,136.62286066768758
MO_CEDAR,2013,77.2,random_forest,138.83933037571882
MO_CHARITON,2013,114.1,random_forest,143.94993405762904
MO_CLAY,2013,141.1,random_forest,144.16783244688838
MO_CLINTON,2013,133.4,random_forest,144.00851953175626
MO_COLE,2013,136.1,random_forest,140.70699766640126
MO_DADE,2013,88.0,random_forest,139.12177427365106
MO_DUNKLIN,2013,192.4,random_forest,131.81779262056386
MO_FRANKLIN,2013,149.2,random_forest,145.85806552239134
MO_GASCONADE,2013,123.0,random_forest,144.67051987939726
MO_HENRY,2013,84.6,random_forest,137.9228336065217
MO_HOLT,2013,182.3,random_forest,140.42238061498875
MO_JACKSON,2013,142.3,random_forest,142.68372659210723
MO_JEFFERSON,2013,134.1,random_forest,144.55381264062402
MO_JOHNSON,2013,124.6,random_forest,143.89628876672649
MO_LAFAYETTE,2013,161.5,random_forest,144.5146576370434
MO_LAWRENCE,2013,88.3,random_forest,139.78115797001618
MO_LEWIS,2013,104.1,random_forest,146.22058729992435
MO_LINN,2013,101.5,random_forest,144.9480594469931
MO_LIVINGSTON,2013,99.8,random_forest,143.30218923764963
MO_MACON,2013,109.7,random_forest,146.19351871227897
MO_MISSISSIPPI,2013,191.9,random_forest,132.12587593180996
MO_MONITEAU,2013,124.5,random_forest,141.40942690926744
MO_MONROE,2013,123.0,random_forest,143.6930079988946
MO_MONTGOMERY,2013,122.6,random_forest,145.76947321987114
MO_MORGAN,2013,126.2,random_forest,140.81315224130583
MO_NEW_MADRID,2013,175.7,random_forest,133.2391245412952
MO_NODAWAY,2013,129.8,random_forest,142.3747500290213
MO_PEMISCOT,2013,173.9,random_forest,131.29279929350398
MO_PERRY,2013,160.6,random_forest,142.9068459434911
MO_PETTIS,2013,126.0,random_forest,143.74169156469594
MO_PIKE,2013,157.1,random_forest,143.9101729443853
MO_RALLS,2013,148.2,random_forest,143.20251589103322
MO_RANDOLPH,2013,118.2,random_forest,144.16897223722927
MO_RAY,2013,141.1,random_forest,144.7341926746712
MO_SALINE,2013,153.4,random_forest,144.47780685491162
MO_SCOTLAND,2013,119.1,random_forest,143.42539471746844
MO_SHELBY,2013,97.0,random_forest,145.85439147302696
MO_STODDARD,2013,185.1,random_forest,130.51524239431322
MO_SULLIVAN,2013,95.5,random_forest,144.32312468899948
MO_VERNON,2013,93.5,random_forest,138.80055617630106
MO_WARREN,2013,149.6,random_forest,146.42824446274622
MO_WAYNE,2013,95.0,random_forest,134.59641642522269
MO_WORTH,2013,118.5,random_forest,139.81222645174807
OH_ADAMS,2013,156.2,random_forest,152.57664240795017
OH_ALLEN,2013,183.5,random_forest,146.00925575343751
OH_ASHLAND,2013,157.5,random_forest,148.715033556888
OH_ASHTABULA,2013,135.8,random_forest,145.33564388295872
OH_AUGLAIZE,2013,170.8,random_forest,147.25754407402866
OH_BELMONT,2013,130.0,random_forest,149.95040049911677
OH_BROWN,2013,173.1,random_forest,154.011788082426
OH_BUTLER,2013,167.5,random_forest,151.83588562597598
OH_CHAMPAIGN,2013,192.4,random_forest,148.6700248723711
OH_CLARK,2013,187.3,random_forest,149.5530092912048
OH_CLINTON,2013,186.2,random_forest,153.25146091588235
OH_COLUMBIANA,2013,169.7,random_forest,147.97535383269195
OH_COSHOCTON,2013,151.3,random_forest,148.16898047618326
OH_CRAWFORD,2013,180.1,random_forest,148.0022721031221
OH_DARKE,2013,173.5,random_forest,149.23744706664337
OH_DEFIANCE,2013,163.4,random_forest,147.30411279093244
OH_DELAWARE,2013,179.0,random_forest,148.3565761331567
OH_ERIE,2013,173.9,random_forest,148.25547886832922
OH_FAIRFIELD,2013,175.7,random_forest,150.14929927737325
OH_FAYETTE,2013,177.8,random_forest,151.8958440114074
OH_FRANKLIN,2013,175.8,random_forest,149.51221533352378
OH_FULTON,2013,189.3,random_forest,148.32192011149004
OH_GREENE,2013,177.3,random_forest,150.39031127686954
OH_GUERNSEY,2013,140.3,random_forest,147.93470611756302
OH_HANCOCK,2013,177.3,random_forest,149.86060266788502
OH_HARDIN,2013,172.2,random_forest,147.79486875411965
OH_HARRISON,2013,150.6,random_forest,147.61097796172857
OH_HENRY,2013,183.6,random_forest,147.07105452813005
OH_HIGHLAND,2013,184.8,random_forest,155.45996279081118
OH_HOCKING,2013,151.8,random_forest,152.5033757843663
OH_HOLMES,2013,148.0,random_forest,148.3774878623484
OH_HURON,2013,180.8,random_forest,147.77855169828337
OH_KNOX,2013,165.9,random_forest,149.17780108099382
OH_LICKING,2013,162.8,random_forest,148.71625160616293
OH_LOGAN,2013,171.4,random_forest,148.52384939689034
OH_LORAIN,2013,141.3,random_forest,147.87684702111852
OH_LUCAS,2013,174.4,random_forest,147.0237022092621
OH_MADISON,2013,189.7,random_forest,149.89743800897492
OH_MAHONING,2013,163.9,random_forest,146.79925653620472
OH_MARION,2013,174.4,random_forest,148.15218081033862
OH_MEDINA,2013,139.9,random_forest,147.67894702409646
OH_MERCER,2013,173.3,random_forest,147.99302582641434
OH_MIAMI,2013,182.3,random_forest,149.45562465241537
OH_MONTGOMERY,2013,184.4,random_forest,150.06243911947848
OH_MORGAN,2013,136.7,random_forest,151.38742349570913
OH_MORROW,2013,165.2,random_forest,148.96323134467715
OH_MUSKINGUM,2013,169.5,random_forest,147.5818134568111
OH_NOBLE,2013,138.4,random_forest,147.4794066771712
OH_OTTAWA,2013,158.4,random_forest,148.3573540785097
OH_PAULDING,2013,171.9,random_forest,147.2963813349314
OH_PERRY,2013,162.0,random_forest,148.9611605257611
OH_PICKAWAY,2013,173.9,random_forest,152.83655843859842
OH_PIKE,2013,170.7,random_forest,151.24274139809586
OH_PORTAGE,2013,138.3,random_forest,146.48808678830943
OH_PREBLE,2013,184.9,random_forest,149.77054055795438
OH_PUTNAM,2013,188.8,random_forest,146.0095322956608
OH_RICHLAND,2013,167.5,random_forest,148.3034398055566
OH_ROSS,2013,171.6,random_forest,154.0536331435031
OH_SANDUSKY,2013,170.4,random_forest,147.83399437251833
OH_SENECA,2013,165.3,random_forest,147.70783178536118
OH_SHELBY,2013,172.7,random_forest,148.9446129525101
OH_STARK,2013,152.9,random_forest,147.3975149302319
OH_TRUMBULL,2013,175.4,random_forest,145.54518891430638
OH_TUSCARAWAS,2013,150.0,random_forest,147.63682245330068
OH_UNION,2013,180.5,random_forest,148.34949374180323
OH_VAN_WERT,2013,185.0,random_forest,147.54266984064262
OH_WARREN,2013,175.8,random_forest,155.1386885075572
OH_WAYNE,2013,162.2,random_forest,148.51569109914684
OH_WILLIAMS,2013,170.5,random_forest,146.4274080430619
OH_WOOD,2013,171.6,random_forest,147.78388549425975
OH_WYANDOT,2013,174.2,random_forest,148.0834439901859
WI_ADAMS,2013,109.4,random_forest,143.04746934659573
WI_BUFFALO,2013,141.0,random_forest,124.52527799243794
WI_COLUMBIA,2013,157.9,random_forest,146.26221167217767
WI_CRAWFORD,2013,144.8,random_forest,129.76939333680926
WI_DANE,2013,177.4,random_forest,151.395842700221
WI_DODGE,2013,163.0,random_forest,146.7192297913713
WI_DUNN,2013,112.1,random_forest,124.76811654174325
WI_EAU_CLAIRE,2013,130.0,random_forest,123.4347355193855
WI_FOND_DU_LAC,2013,166.8,random_forest,140.4185489164425
WI_GRANT,2013,179.3,random_forest,132.96423989733773
WI_GREEN,2013,157.1,random_forest,155.7386096737163
WI_GREEN_LAKE,2013,151.6,random_forest,149.07229041094604
WI_IOWA,2013,158.3,random_forest,144.4474497221263
WI_JACKSON,2013,123.8,random_forest,126.30751991690477
WI_JEFFERSON,2013,164.6,random_forest,152.7515611650178
WI_JUNEAU,2013,101.7,random_forest,135.06246932282426
WI_KENOSHA,2013,157.7,random_forest,129.95767990324765
WI_LAFAYETTE,2013,169.4,random_forest,145.4227258454074
WI_LA_CROSSE,2013,149.1,random_forest,127.60693828446044
WI_MARINETTE,2013,145.2,random_forest,118.96569610825517
WI_MARQUETTE,2013,110.3,random_forest,147.40836142452093
WI_MONROE,2013,121.4,random_forest,130.71197961086412
WI_OCONTO,2013,154.4,random_forest,118.90434832448486
WI_OUTAGAMIE,2013,153.8,random_forest,145.64928345997782
WI_PEPIN,2013,134.8,random_forest,123.79205334828657
WI_PORTAGE,2013,135.7,random_forest,141.50967646939444
WI_RACINE,2013,162.8,random_forest,128.53908059500267
WI_RICHLAND,2013,141.9,random_forest,136.6660017760527
WI_ROCK,2013,168.4,random_forest,159.52631316226214
WI_SAUK,2013,154.3,random_forest,141.4165042771383
WI_SHEBOYGAN,2013,146.1,random_forest,122.1687960587881
WI_TREMPEALEAU,2013,122.4,random_forest,123.92629125258675
WI_VERNON,2013,138.8,random_forest,127.26784621937968
WI_WALWORTH,2013,161.3,random_forest,154.646558752839
WI_WASHINGTON,2013,132.9,random_forest,141.99395914859875
WI_WAUKESHA,2013,153.3,random_forest,145.6597757482877
WI_WAUSHARA,2013,143.5,random_forest,147.24293056476995
WI_WINNEBAGO,2013,155.6,random_forest,133.37557979097699
IA_ADAIR,2013,137.8,xgboost,148.71807861328125
IA_ADAMS,2013,147.6,xgboost,147.67620849609375
IA_ALLAMAKEE,2013,162.1,xgboost,145.65225219726562
IA_APPANOOSE,2013,109.1,xgboost,161.83709716796875
IA_AUDUBON,2013,157.1,xgboost,161.08551025390625
IA_BENTON,2013,163.7,xgboost,159.01441955566406
IA_BLACK_HAWK,2013,166.1,xgboost,159.7447052001953
IA_BOONE,2013,154.2,xgboost,160.71353149414062
IA_BREMER,2013,175.1,xgboost,151.58811950683594
IA_BUCHANAN,2013,168.8,xgboost,154.08428955078125
IA_BUENA_VISTA,2013,160.5,xgboost,160.5065155029297
IA_BUTLER,2013,179.2,xgboost,152.93008422851562
IA_CALHOUN,2013,132.6,xgboost,159.81024169921875
IA_CARROLL,2013,136.5,xgboost,162.93048095703125
IA_CASS,2013,159.5,xgboost,160.78033447265625
IA_CEDAR,2013,169.7,xgboost,157.80906677246094
IA_CERRO_GORDO,2013,163.1,xgboost,151.12600708007812
IA_CHEROKEE,2013,185.1,xgboost,158.43707275390625
IA_CHICKASAW,2013,171.8,xgboost,153.8550262451172
IA_CLARKE,2013,126.5,xgboost,144.50320434570312
IA_CLAY,2013,167.2,xgboost,157.86941528320312
IA_CLAYTON,2013,181.2,xgboost,150.73060607910156
IA_CLINTON,2013,185.6,xgboost,156.75888061523438
IA_CRAWFORD,2013,157.8,xgboost,161.00697326660156
IA_DALLAS,2013,145.3,xgboost,159.28318786621094
IA_DAVIS,2013,146.7,xgboost,157.1836395263672
IA_DECATUR,2013,131.2,xgboost,150.7423858642578
IA_DELAWARE,2013,184.7,xgboost,152.93948364257812
IA_DES_MOINES,2013,165.4,xgboost,164.1142578125
IA_DICKINSON,2013,162.4,xgboost,152.11868286132812
IA_DUBUQUE,2013,196.0,xgboost,149.85235595703125
IA_EMMET,2013,166.4,xgboost,156.12399291992188
IA_FAYETTE,2013,181.2,xgboost,147.5345001220703
IA_FLOYD,2013,170.0,xgboost,153.5450897216797
IA_FRANKLIN,2013,179.6,xgboost,155.72850036621094
IA_FREMONT,2013,159.9,xgboost,164.14697265625
IA_GREENE,2013,137.9,xgboost,161.2925262451172
IA_GRUNDY,2013,180.8,xgboost,161.56517028808594
IA_GUTHRIE,2013,130.1,xgboost,163.09425354003906
IA_HAMILTON,2013,135.0,xgboost,156.77951049804688
IA_HANCOCK,2013,169.9,xgboost,152.8828582763672
IA_HARDIN,2013,156.6,xgboost,159.49307250976562
IA_HARRISON,2013,177.1,xgboost,160.31103515625
IA_HENRY,2013,160.4,xgboost,164.22247314453125
IA_HOWARD,2013,159.1,xgboost,145.5504608154297
IA_HUMBOLDT,2013,155.4,xgboost,155.77310180664062
IA_IDA,2013,177.7,xgboost,160.46218872070312
IA_IOWA,2013,165.9,xgboost,153.22128295898438
IA_JACKSON,2013,173.2,xgboost,149.9689483642578
IA_JASPER,2013,158.8,xgboost,159.0369873046875
IA_JEFFERSON,2013,145.5,xgboost,164.1705322265625
IA_JOHNSON,2013,181.1,xgboost,152.4549102783203
IA_JONES,2013,179.3,xgboost,151.99270629882812
IA_KEOKUK,2013,156.7,xgboost,156.69105529785156
IA_KOSSUTH,2013,167.7,xgboost,154.78396606445312
IA_LEE,2013,144.1,xgboost,165.36399841308594
IA_LINN,2013,178.6,xgboost,155.16908264160156
IA_LOUISA,2013,158.5,xgboost,161.53866577148438
IA_LUCAS,2013,117.9,xgboost,161.50555419921875
IA_LYON,2013,190.5,xgboost,150.03941345214844
IA_MADISON,2013,140.9,xgboost,148.40907287597656
IA_MAHASKA,2013,168.6,xgboost,156.95208740234375
IA_MARION,2013,156.4,xgboost,156.005126953125
IA_MARSHALL,2013,163.2,xgboost,160.35816955566406
IA_MILLS,2013,171.0,xgboost,163.32960510253906
IA_MITCHELL,2013,164.1,xgboost,148.5601043701172
IA_MONONA,2013,175.2,xgboost,161.83074951171875
IA_MONROE,2013,115.3,xgboost,154.97885131835938
IA_MONTGOMERY,2013,154.0,xgboost,159.16224670410156
IA_MUSCATINE,2013,158.3,xgboost,158.5261993408203
IA_OSCEOLA,2013,182.0,xgboost,147.78628540039062
IA_PAGE,2013,154.5,xgboost,162.18960571289062
IA_PALO_ALTO,2013,168.8,xgboost,159.13088989257812
IA_PLYMOUTH,2013,188.9,xgboost,159.30967712402344
IA_POCAHONTAS,2013,163.8,xgboost,159.47775268554688
IA_POLK,2013,143.6,xgboost,159.86451721191406
IA_POTTAWATTAMIE,2013,179.4,xgboost,161.07261657714844
IA_POWESHIEK,2013,158.5,xgboost,161.30319213867188
IA_RINGGOLD,2013,121.1,xgboost,147.82012939453125
IA_SAC,2013,142.6,xgboost,162.19296264648438
IA_SCOTT,2013,167.8,xgboost,160.74935913085938
IA_SHELBY,2013,182.6,xgboost,161.00230407714844
IA_SIOUX,2013,194.1,xgboost,149.7989501953125
IA_STORY,2013,137.2,xgboost,160.77284240722656
IA_TAMA,2013,158.7,xgboost,156.77723693847656
IA_TAYLOR,2013,136.2,xgboost,150.14517211914062
IA_UNION,2013,137.0,xgboost,145.74317932128906
IA_VAN_BUREN,2013,144.1,xgboost,165.1615753173828
IA_WAPELLO,2013,150.4,xgboost,160.92919921875
IA_WARREN,2013,146.7,xgboost,159.9943389892578
IA_WASHINGTON,2013,159.0,xgboost,157.79527282714844
IA_WAYNE,2013,125.1,xgboost,147.53070068359375
IA_WEBSTER,2013,137.6,xgboost,160.6463623046875
IA_WINNESHIEK,2013,181.8,xgboost,141.16549682617188
IA_WOODBURY,2013,164.2,xgboost,162.2431182861328
IA_WRIGHT,2013,168.8,xgboost,157.11680603027344
IL_ADAMS,2013,153.3,xgboost,160.52130126953125
IL_BOONE,2013,179.9,xgboost,169.06430053710938
IL_BROWN,2013,176.2,xgboost,164.70204162597656
IL_BUREAU,2013,185.9,xgboost,164.21234130859375
IL_CARROLL,2013,199.6,xgboost,158.7160186767578
IL_CASS,2013,184.1,xgboost,168.71298217773438
IL_CHAMPAIGN,2013,168.1,xgboost,170.65771484375
IL_CHRISTIAN,2013,199.8,xgboost,168.9930877685547
IL_CLAY,2013,153.5,xgboost,156.36143493652344
IL_CLINTON,2013,162.2,xgboost,152.73886108398438
IL_COLES,2013,182.2,xgboost,167.09068298339844
IL_CRAWFORD,2013,154.1,xgboost,161.542724609375
IL_CUMBERLAND,2013,171.6,xgboost,164.9485321044922
IL_DOUGLAS,2013,187.1,xgboost,171.08338928222656
IL_EDGAR,2013,186.4,xgboost,169.3031463623047
IL_EDWARDS,2013,154.2,xgboost,154.75257873535156
IL_EFFINGHAM,2013,172.4,xgboost,160.8618621826172
IL_FAYETTE,2013,161.8,xgboost,160.9358367919922
IL_FORD,2013,164.0,xgboost,170.49996948242188
IL_FRANKLIN,2013,164.3,xgboost,146.70457458496094
IL_FULTON,2013,171.4,xgboost,170.12808227539062
IL_GALLATIN,2013,188.7,xgboost,146.5813751220703
IL_GREENE,2013,167.4,xgboost,163.2094268798828
IL_GRUNDY,2013,192.2,xgboost,169.1753387451172
IL_HAMILTON,2013,175.1,xgboost,150.66624450683594
IL_HANCOCK,2013,178.5,xgboost,173.27659606933594
IL_HENDERSON,2013,176.0,xgboost,173.8681182861328
IL_HENRY,2013,184.5,xgboost,164.5207061767578
IL_IROQUOIS,2013,174.4,xgboost,170.07720947265625
IL_JACKSON,2013,172.7,xgboost,147.53965759277344
IL_JASPER,2013,151.0,xgboost,159.42840576171875
IL_JEFFERSON,2013,153.0,xgboost,151.7720184326172
IL_JERSEY,2013,182.9,xgboost,163.85861206054688
IL_JOHNSON,2013,154.4,xgboost,135.08285522460938
IL_JO_DAVIESS,2013,175.5,xgboost,152.33645629882812
IL_KANE,2013,191.7,xgboost,167.79666137695312
IL_KANKAKEE,2013,172.1,xgboost,172.49017333984375
IL_KENDALL,2013,182.2,xgboost,165.97747802734375
IL_KNOX,2013,191.0,xgboost,170.24330139160156
IL_LAKE,2013,153.7,xgboost,143.71372985839844
IL_LEE,2013,171.3,xgboost,164.50498962402344
IL_LIVINGSTON,2013,179.1,xgboost,169.647705078125
IL_LOGAN,2013,198.1,xgboost,166.9423828125
IL_MACON,2013,192.7,xgboost,170.3742218017578
IL_MACOUPIN,2013,170.5,xgboost,163.20718383789062
IL_MADISON,2013,164.4,xgboost,161.0936737060547
IL_MARION,2013,159.7,xgboost,154.7050323486328
IL_MARSHALL,2013,191.2,xgboost,164.5375213623047
IL_MASON,2013,163.3,xgboost,170.48977661132812
IL_MASSAC,2013,170.7,xgboost,125.8641357421875
IL_MCDONOUGH,2013,187.8,xgboost,171.8768310546875
IL_MCHENRY,2013,160.6,xgboost,167.53335571289062
IL_MCLEAN,2013,188.6,xgboost,172.17189025878906
IL_MERCER,2013,177.1,xgboost,169.3551788330078
IL_MONROE,2013,147.0,xgboost,153.5626678466797
IL_MONTGOMERY,2013,182.9,xgboost,164.62771606445312
IL_MORGAN,2013,191.2,xgboost,168.710205078125
IL_MOULTRIE,2013,181.1,xgboost,173.2611541748047
IL_OGLE,2013,189.6,xgboost,165.7228240966797
IL_PEORIA,2013,180.5,xgboost,165.45779418945312
IL_PERRY,2013,136.1,xgboost,151.17059326171875
IL_PIATT,2013,187.4,xgboost,171.1160888671875
IL_PIKE,2013,164.3,xgboost,164.6231689453125
IL_PULASKI,2013,169.9,xgboost,125.15621948242188
IL_PUTNAM,2013,187.2,xgboost,160.39796447753906
IL_RICHLAND,2013,147.7,xgboost,157.90170288085938
IL_ROCK_ISLAND,2013,182.3,xgboost,167.15724182128906
IL_SALINE,2013,171.3,xgboost,145.50474548339844
IL_SANGAMON,2013,198.2,xgboost,172.59930419921875
IL_SCHUYLER,2013,169.0,xgboost,167.77410888671875
IL_SCOTT,2013,168.2,xgboost,165.12208557128906
IL_SHELBY,2013,178.2,xgboost,168.23013305664062
IL_STARK,2013,192.4,xgboost,170.26817321777344
IL_STEPHENSON,2013,182.0,xgboost,168.5446014404297
IL_TAZEWELL,2013,177.1,xgboost,164.91265869140625
IL_UNION,2013,162.3,xgboost,139.727294921875
IL_VERMILION,2013,176.9,xgboost,170.2901153564453
IL_WABASH,2013,161.5,xgboost,159.83395385742188
IL_WARREN,2013,186.9,xgboost,174.23968505859375
IL_WASHINGTON,2013,160.6,xgboost,152.5778350830078
IL_WAYNE,2013,154.0,xgboost,153.5805206298828
IL_WHITE,2013,187.1,xgboost,148.93817138671875
IL_WHITESIDE,2013,179.8,xgboost,165.44728088378906
IL_WILL,2013,149.1,xgboost,168.35398864746094
IL_WILLIAMSON,2013,173.5,xgboost,145.45091247558594
IL_WINNEBAGO,2013,173.2,xgboost,168.95953369140625
IL_WOODFORD,2013,192.3,xgboost,168.9323272705078
IN_ADAMS,2013,176.7,xgboost,150.67173767089844
IN_ALLEN,2013,180.7,xgboost,148.85450744628906
IN_BARTHOLOMEW,2013,176.6,xgboost,151.38035583496094
IN_BENTON,2013,181.1,xgboost,155.92593383789062
IN_BLACKFORD,2013,172.5,xgboost,151.7880096435547
IN_BOONE,2013,189.8,xgboost,155.07528686523438
IN_CARROLL,2013,197.1,xgboost,154.02932739257812
IN_CASS,2013,192.3,xgboost,150.9603729248047
IN_CLARK,2013,161.2,xgboost,141.49082946777344
IN_CLAY,2013,154.7,xgboost,153.68870544433594
IN_CLINTON,2013,191.5,xgboost,154.07774353027344
IN_DAVIESS,2013,182.9,xgboost,145.3585662841797
IN_DEARBORN,2013,145.8,xgboost,150.18048095703125
IN_DECATUR,2013,183.2,xgboost,154.3914794921875
IN_DELAWARE,2013,174.3,xgboost,152.38681030273438
IN_DUBOIS,2013,180.5,xgboost,145.7191619873047
IN_ELKHART,2013,180.4,xgboost,147.45114135742188
IN_FAYETTE,2013,172.2,xgboost,153.41226196289062
IN_FOUNTAIN,2013,183.5,xgboost,154.4245147705078
IN_FRANKLIN,2013,179.2,xgboost,150.92587280273438
IN_FULTON,2013,179.0,xgboost,153.7262420654297
IN_GIBSON,2013,177.0,xgboost,146.353515625
IN_GRANT,2013,181.1,xgboost,150.60641479492188
IN_HAMILTON,2013,173.6,xgboost,155.20016479492188
IN_HANCOCK,2013,173.7,xgboost,155.57095336914062
IN_HARRISON,2013,168.0,xgboost,140.70582580566406
IN_HENDRICKS,2013,183.6,xgboost,155.14466857910156
IN_HUNTINGTON,2013,191.7,xgboost,149.78054809570312
IN_JACKSON,2013,148.8,xgboost,150.53836059570312
IN_JASPER,2013,179.9,xgboost,148.64517211914062
IN_JENNINGS,2013,156.4,xgboost,153.30148315429688
IN_JOHNSON,2013,172.9,xgboost,153.47879028320312
IN_KNOX,2013,180.2,xgboost,149.394775390625
IN_KOSCIUSKO,2013,176.7,xgboost,147.6534881591797
IN_LAGRANGE,2013,154.4,xgboost,144.63638305664062
IN_LAKE,2013,155.0,xgboost,155.74417114257812
IN_MADISON,2013,181.1,xgboost,154.67823791503906
IN_MARSHALL,2013,171.0,xgboost,149.0818328857422
IN_MIAMI,2013,174.7,xgboost,151.38381958007812
IN_MONROE,2013,185.5,xgboost,149.7297821044922
IN_MONTGOMERY,2013,195.9,xgboost,155.7373046875
IN_MORGAN,2013,179.8,xgboost,154.31417846679688
IN_NEWTON,2013,174.1,xgboost,154.01629638671875
IN_NOBLE,2013,164.1,xgboost,145.3807830810547
IN_ORANGE,2013,181.4,xgboost,145.962646484375
IN_OWEN,2013,148.6,xgboost,151.5039520263672
IN_PARKE,2013,173.1,xgboost,154.02276611328125
IN_PIKE,2013,169.1,xgboost,144.3238067626953
IN_PORTER,2013,177.8,xgboost,147.8476104736328
IN_POSEY,2013,193.0,xgboost,142.9589385986328
IN_PULASKI,2013,163.0,xgboost,147.04689025878906
IN_PUTNAM,2013,182.7,xgboost,155.47830200195312
IN_RANDOLPH,2013,171.3,xgboost,152.6342010498047
IN_RIPLEY,2013,170.2,xgboost,147.60499572753906
IN_RUSH,2013,193.6,xgboost,156.3206787109375
IN_SCOTT,2013,164.5,xgboost,147.91806030273438
IN_SHELBY,2013,178.8,xgboost,156.10757446289062
IN_SPENCER,2013,184.7,xgboost,139.02171325683594
IN_ST._JOSEPH,2013,157.9,xgboost,148.82012939453125
IN_STARKE,2013,161.7,xgboost,146.37142944335938
IN_TIPPECANOE,2013,185.1,xgboost,157.50892639160156
IN_TIPTON,2013,191.2,xgboost,154.20370483398438
IN_UNION,2013,211.5,xgboost,153.68777465820312
IN_VANDERBURGH,2013,179.7,xgboost,139.30516052246094
IN_VERMILLION,2013,185.6,xgboost,154.09225463867188
IN_VIGO,2013,159.8,xgboost,151.17283630371094
IN_WABASH,2013,178.8,xgboost,150.9447479248047
IN_WARREN,2013,184.4,xgboost,160.54762268066406
IN_WARRICK,2013,183.6,xgboost,135.31732177734375
IN_WASHINGTON,2013,146.1,xgboost,147.1125946044922
IN_WAYNE,2013,177.3,xgboost,152.457275390625
IN_WHITE,2013,184.1,xgboost,152.7131805419922
IN_WHITLEY,2013,181.0,xgboost,145.34202575683594
MI_ALLEGAN,2013,156.7,xgboost,139.98265075683594
MI_ARENAC,2013,127.7,xgboost,135.81610107421875
MI_BARRY,2013,165.0,xgboost,135.89280700683594
MI_BAY,2013,145.6,xgboost,140.83644104003906
MI_BERRIEN,2013,151.5,xgboost,141.51202392578125
MI_BRANCH,2013,164.1,xgboost,137.69772338867188
MI_CALHOUN,2013,155.8,xgboost,136.65232849121094
MI_CASS,2013,160.8,xgboost,140.4865264892578
MI_CLINTON,2013,140.2,xgboost,139.86392211914062
MI_EATON,2013,170.8,xgboost,137.2991180419922
MI_GENESEE,2013,141.3,xgboost,144.24468994140625
MI_GRATIOT,2013,146.9,xgboost,139.5839385986328
MI_HILLSDALE,2013,168.7,xgboost,137.22364807128906
MI_HURON,2013,172.4,xgboost,148.8180694580078
MI_INGHAM,2013,161.5,xgboost,137.11581420898438
MI_IONIA,2013,163.0,xgboost,142.73333740234375
MI_JACKSON,2013,156.4,xgboost,137.11581420898438
MI_KALAMAZOO,2013,178.8,xgboost,134.5734100341797
MI_KENT,2013,154.2,xgboost,137.94943237304688
MI_LAPEER,2013,150.7,xgboost,141.6617889404297
MI_LENAWEE,2013,181.5,xgboost,138.62376403808594
MI_LIVINGSTON,2013,153.2,xgboost,140.00973510742188
MI_MACOMB,2013,152.5,xgboost,146.5004119873047
MI_MIDLAND,2013,151.0,xgboost,142.2097930908203
MI_MONROE,2013,152.8,xgboost,148.19833374023438
MI_MONTCALM,2013,143.1,xgboost,133.75265502929688
MI_MUSKEGON,2013,128.3,xgboost,141.32479858398438
MI_NEWAYGO,2013,115.7,xgboost,135.45436096191406
MI_OAKLAND,2013,153.3,xgboost,140.48153686523438
MI_OCEANA,2013,130.3,xgboost,130.94664001464844
MI_OTTAWA,2013,145.9,xgboost,145.98062133789062
MI_SAGINAW,2013,147.4,xgboost,141.5074920654297
MI_SANILAC,2013,172.2,xgboost,147.7674102783203
MI_SHIAWASSEE,2013,155.5,xgboost,141.23504638671875
MI_TUSCOLA,2013,157.1,xgboost,149.9918212890625
MI_VAN_BUREN,2013,156.5,xgboost,135.54507446289062
MI_WASHTENAW,2013,155.7,xgboost,138.7060546875
MI_WAYNE,2013,130.0,xgboost,149.06997680664062
MN_BLUE_EARTH,2013,185.2,xgboost,155.5599822998047
MN_BROWN,2013,170.8,xgboost,153.60191345214844
MN_CHIPPEWA,2013,175.6,xgboost,142.41050720214844
MN_FILLMORE,2013,171.9,xgboost,147.70506286621094
MN_GOODHUE,2013,181.5,xgboost,144.6383056640625
MN_HOUSTON,2013,153.0,xgboost,152.7075653076172
MN_MARTIN,2013,187.8,xgboost,153.80120849609375
MN_MURRAY,2013,176.2,xgboost,141.1680145263672
MN_NICOLLET,2013,174.0,xgboost,154.8104248046875
MN_NOBLES,2013,168.8,xgboost,145.13568115234375
MN_PIPESTONE,2013,165.0,xgboost,139.9483642578125
MN_REDWOOD,2013,166.5,xgboost,153.47463989257812
MN_RENVILLE,2013,173.4,xgboost,148.64356994628906
MN_ROCK,2013,180.1,xgboost,146.67465209960938
MN_WABASHA,2013,174.1,xgboost,146.81187438964844
MN_WINONA,2013,173.6,xgboost,148.3669891357422
MN_YELLOW_MEDICINE,2013,171.7,xgboost,137.5164031982422
MO_ADAIR,2013,126.2,xgboost,133.0961456298828
MO_ANDREW,2013,133.2,xgboost,135.75338745117188
MO_ATCHISON,2013,165.0,xgboost,137.65811157226562
MO_AUDRAIN,2013,124.3,xgboost,144.7526397705078
MO_BENTON,2013,111.0,xgboost,134.20248413085938
MO_BOLLINGER,2013,153.5,xgboost,128.60174560546875
MO_BOONE,2013,131.9,xgboost,140.1897735595703
MO_BUCHANAN,2013,148.9,xgboost,140.73199462890625
MO_CALDWELL,2013,90.0,xgboost,135.16983032226562
MO_CALLAWAY,2013,135.0,xgboost,145.48626708984375
MO_CAPE_GIRARDEAU,2013,154.1,xgboost,138.9447479248047
MO_CARROLL,2013,141.5,xgboost,140.86599731445312
MO_CASS,2013,107.4,xgboost,132.46839904785156
MO_CEDAR,2013,77.2,xgboost,129.33738708496094
MO_CHARITON,2013,114.1,xgboost,140.3948516845703
MO_CLAY,2013,141.1,xgboost,142.0245819091797
MO_CLINTON,2013,133.4,xgboost,138.59339904785156
MO_COLE,2013,136.1,xgboost,138.314208984375
MO_DADE,2013,88.0,xgboost,133.1057891845703
MO_DUNKLIN,2013,192.4,xgboost,135.83631896972656
MO_FRANKLIN,2013,149.2,xgboost,142.7020721435547
MO_GASCONADE,2013,123.0,xgboost,136.95484924316406
MO_HENRY,2013,84.6,xgboost,134.0134735107422
MO_HOLT,2013,182.3,xgboost,137.62820434570312
MO_JACKSON,2013,142.3,xgboost,141.74444580078125
MO_JEFFERSON,2013,134.1,xgboost,134.067138671875
MO_JOHNSON,2013,124.6,xgboost,144.61239624023438
MO_LAFAYETTE,2013,161.5,xgboost,141.4242401123047
MO_LAWRENCE,2013,88.3,xgboost,129.1478729248047
MO_LEWIS,2013,104.1,xgboost,137.64956665039062
MO_LINN,2013,101.5,xgboost,136.09400939941406
MO_LIVINGSTON,2013,99.8,xgboost,138.4732666015625
MO_MACON,2013,109.7,xgboost,139.8612518310547
MO_MISSISSIPPI,2013,191.9,xgboost,127.91082000732422
MO_MONITEAU,2013,124.5,xgboost,141.20420837402344
MO_MONROE,2013,123.0,xgboost,135.60494995117188
MO_MONTGOMERY,2013,122.6,xgboost,145.22894287109375
MO_MORGAN,2013,126.2,xgboost,134.16360473632812
MO_NEW_MADRID,2013,175.7,xgboost,135.83892822265625
MO_NODAWAY,2013,129.8,xgboost,137.19699096679688
MO_PEMISCOT,2013,173.9,xgboost,137.94564819335938
MO_PERRY,2013,160.6,xgboost,128.18556213378906
MO_PETTIS,2013,126.0,xgboost,144.10955810546875
MO_PIKE,2013,157.1,xgboost,141.5890350341797
MO_RALLS,2013,148.2,xgboost,141.0791473388672
MO_RANDOLPH,2013,118.2,xgboost,138.443359375
MO_RAY,2013,141.1,xgboost,142.6827392578125
MO_SALINE,2013,153.4,xgboost,144.6517791748047
MO_SCOTLAND,2013,119.1,xgboost,137.83970642089844
MO_SHELBY,2013,97.0,xgboost,140.08587646484375
MO_STODDARD,2013,185.1,xgboost,136.0449676513672
MO_SULLIVAN,2013,95.5,xgboost,133.1448516845703
MO_VERNON,2013,93.5,xgboost,133.651123046875
MO_WARREN,2013,149.6,xgboost,144.05020141601562
MO_WAYNE,2013,95.0,xgboost,119.8072509765625
MO_WORTH,2013,118.5,xgboost,129.43545532226562
OH_ADAMS,2013,156.2,xgboost,146.16502380371094
OH_ALLEN,2013,183.5,xgboost,151.5350341796875
OH_ASHLAND,2013,157.5,xgboost,153.26649475097656
OH_ASHTABULA,2013,135.8,xgboost,140.27162170410156
OH_AUGLAIZE,2013,170.8,xgboost,152.6661834716797
OH_BELMONT,2013,130.0,xgboost,150.6017303466797
OH_BROWN,2013,173.1,xgboost,145.7715301513672
OH_BUTLER,2013,167.5,xgboost,147.2099151611328
OH_CHAMPAIGN,2013,192.4,xgboost,152.1447296142578
OH_CLARK,2013,187.3,xgboost,151.46627807617188
OH_CLINTON,2013,186.2,xgboost,153.32479858398438
OH_COLUMBIANA,2013,169.7,xgboost,146.12789916992188
OH_COSHOCTON,2013,151.3,xgboost,146.93563842773438
OH_CRAWFORD,2013,180.1,xgboost,151.86776733398438
OH_DARKE,2013,173.5,xgboost,151.32252502441406
OH_DEFIANCE,2013,163.4,xgboost,145.59182739257812
OH_DELAWARE,2013,179.0,xgboost,152.6062469482422
OH_ERIE,2013,173.9,xgboost,150.40989685058594
OH_FAIRFIELD,2013,175.7,xgboost,148.42214965820312
OH_FAYETTE,2013,177.8,xgboost,150.78997802734375
OH_FRANKLIN,2013,175.8,xgboost,149.68724060058594
OH_FULTON,2013,189.3,xgboost,143.47377014160156
OH_GREENE,2013,177.3,xgboost,150.39968872070312
OH_GUERNSEY,2013,140.3,xgboost,149.38641357421875
OH_HANCOCK,2013,177.3,xgboost,151.87451171875
OH_HARDIN,2013,172.2,xgboost,151.86965942382812
OH_HARRISON,2013,150.6,xgboost,149.19480895996094
OH_HENRY,2013,183.6,xgboost,145.4423370361328
OH_HIGHLAND,2013,184.8,xgboost,147.50320434570312
OH_HOCKING,2013,151.8,xgboost,148.76560974121094
OH_HOLMES,2013,148.0,xgboost,149.83868408203125
OH_HURON,2013,180.8,xgboost,151.1634979248047
OH_KNOX,2013,165.9,xgboost,152.1770782470703
OH_LICKING,2013,162.8,xgboost,151.35723876953125
OH_LOGAN,2013,171.4,xgboost,151.4274444580078
OH_LORAIN,2013,141.3,xgboost,150.8510284423828
OH_LUCAS,2013,174.4,xgboost,144.90106201171875
OH_MADISON,2013,189.7,xgboost,151.72381591796875
OH_MAHONING,2013,163.9,xgboost,145.55259704589844
OH_MARION,2013,174.4,xgboost,152.1372833251953
OH_MEDINA,2013,139.9,xgboost,151.89366149902344
OH_MERCER,2013,173.3,xgboost,151.08062744140625
OH_MIAMI,2013,182.3,xgboost,150.3126983642578
OH_MONTGOMERY,2013,184.4,xgboost,151.0714111328125
OH_MORGAN,2013,136.7,xgboost,147.8976287841797
OH_MORROW,2013,165.2,xgboost,152.77503967285156
OH_MUSKINGUM,2013,169.5,xgboost,148.42633056640625
OH_NOBLE,2013,138.4,xgboost,148.63885498046875
OH_OTTAWA,2013,158.4,xgboost,148.1842803955078
OH_PAULDING,2013,171.9,xgboost,148.5334930419922
OH_PERRY,2013,162.0,xgboost,147.49789428710938
OH_PICKAWAY,2013,173.9,xgboost,148.7195587158203
OH_PIKE,2013,170.7,xgboost,145.29953002929688
OH_PORTAGE,2013,138.3,xgboost,143.37374877929688
OH_PREBLE,2013,184.9,xgboost,150.4923553466797
OH_PUTNAM,2013,188.8,xgboost,150.07150268554688
OH_RICHLAND,2013,167.5,xgboost,152.16465759277344
OH_ROSS,2013,171.6,xgboost,145.91282653808594
OH_SANDUSKY,2013,170.4,xgboost,151.03880310058594
OH_SENECA,2013,165.3,xgboost,150.42234802246094
OH_SHELBY,2013,172.7,xgboost,152.17251586914062
OH_STARK,2013,152.9,xgboost,151.29074096679688
OH_TRUMBULL,2013,175.4,xgboost,145.31585693359375
OH_TUSCARAWAS,2013,150.0,xgboost,149.31837463378906
OH_UNION,2013,180.5,xgboost,152.8505859375
OH_VAN_WERT,2013,185.0,xgboost,147.2868194580078
OH_WARREN,2013,175.8,xgboost,147.65782165527344
OH_WAYNE,2013,162.2,xgboost,153.05955505371094
OH_WILLIAMS,2013,170.5,xgboost,142.69801330566406
OH_WOOD,2013,171.6,xgboost,146.78541564941406
OH_WYANDOT,2013,174.2,xgboost,151.59426879882812
WI_ADAMS,2013,109.4,xgboost,123.7943115234375
WI_BUFFALO,2013,141.0,xgboost,125.28084564208984
WI_COLUMBIA,2013,157.9,xgboost,139.74459838867188
WI_CRAWFORD,2013,144.8,xgboost,129.7822265625
WI_DANE,2013,177.4,xgboost,146.1167755126953
WI_DODGE,2013,163.0,xgboost,142.68641662597656
WI_DUNN,2013,112.1,xgboost,124.51183319091797
WI_EAU_CLAIRE,2013,130.0,xgboost,125.21395874023438
WI_FOND_DU_LAC,2013,166.8,xgboost,138.26441955566406
WI_GRANT,2013,179.3,xgboost,136.40467834472656
WI_GREEN,2013,157.1,xgboost,148.1625518798828
WI_GREEN_LAKE,2013,151.6,xgboost,140.76206970214844
WI_IOWA,2013,158.3,xgboost,140.04966735839844
WI_JACKSON,2013,123.8,xgboost,124.31793212890625
WI_JEFFERSON,2013,164.6,xgboost,145.94395446777344
WI_JUNEAU,2013,101.7,xgboost,128.2714385986328
WI_KENOSHA,2013,157.7,xgboost,135.02537536621094
WI_LAFAYETTE,2013,169.4,xgboost,141.41455078125
WI_LA_CROSSE,2013,149.1,xgboost,128.6566619873047
WI_MARINETTE,2013,145.2,xgboost,114.75988006591797
WI_MARQUETTE,2013,110.3,xgboost,124.49222564697266
WI_MONROE,2013,121.4,xgboost,126.98578643798828
WI_OCONTO,2013,154.4,xgboost,117.46710205078125
WI_OUTAGAMIE,2013,153.8,xgboost,140.26683044433594
WI_PEPIN,2013,134.8,xgboost,124.53490447998047
WI_PORTAGE,2013,135.7,xgboost,130.3450927734375
WI_RACINE,2013,162.8,xgboost,133.35337829589844
WI_RICHLAND,2013,141.9,xgboost,131.5677947998047
WI_ROCK,2013,168.4,xgboost,153.02804565429688
WI_SAUK,2013,154.3,xgboost,135.68373107910156
WI_SHEBOYGAN,2013,146.1,xgboost,133.5293731689453
WI_TREMPEALEAU,2013,122.4,xgboost,126.8548812866211
WI_VERNON,2013,138.8,xgboost,128.89053344726562
WI_WALWORTH,2013,161.3,xgboost,149.14755249023438
WI_WASHINGTON,2013,132.9,xgboost,143.19358825683594
WI_WAUKESHA,2013,153.3,xgboost,142.9917755126953
WI_WAUSHARA,2013,143.5,xgboost,136.33682250976562
WI_WINNEBAGO,2013,155.6,xgboost,135.22775268554688
IA_ADAIR,2014,169.3,global_mean,144.54684107987754
IA_ADAMS,2014,169.9,global_mean,144.54684107987754
IA_ALLAMAKEE,2014,175.6,global_mean,144.54684107987754
IA_APPANOOSE,2014,170.9,global_mean,144.54684107987754
IA_AUDUBON,2014,185.5,global_mean,144.54684107987754
IA_BENTON,2014,185.4,global_mean,144.54684107987754
IA_BLACK_HAWK,2014,165.2,global_mean,144.54684107987754
IA_BOONE,2014,180.9,global_mean,144.54684107987754
IA_BREMER,2014,159.0,global_mean,144.54684107987754
IA_BUCHANAN,2014,169.3,global_mean,144.54684107987754
IA_BUENA_VISTA,2014,172.1,global_mean,144.54684107987754
IA_BUTLER,2014,167.7,global_mean,144.54684107987754
IA_CALHOUN,2014,189.6,global_mean,144.54684107987754
IA_CARROLL,2014,188.6,global_mean,144.54684107987754
IA_CASS,2014,173.7,global_mean,144.54684107987754
IA_CEDAR,2014,184.1,global_mean,144.54684107987754
IA_CERRO_GORDO,2014,168.3,global_mean,144.54684107987754
IA_CHEROKEE,2014,183.6,global_mean,144.54684107987754
IA_CHICKASAW,2014,157.6,global_mean,144.54684107987754
IA_CLARKE,2014,162.2,global_mean,144.54684107987754
IA_CLAY,2014,166.3,global_mean,144.54684107987754
IA_CLAYTON,2014,176.7,global_mean,144.54684107987754
IA_CLINTON,2014,197.0,global_mean,144.54684107987754
IA_CRAWFORD,2014,183.0,global_mean,144.54684107987754
IA_DALLAS,2014,195.5,global_mean,144.54684107987754
IA_DAVIS,2014,184.2,global_mean,144.54684107987754
IA_DECATUR,2014,164.0,global_mean,144.54684107987754
IA_DELAWARE,2014,174.9,global_mean,144.54684107987754
IA_DES_MOINES,2014,199.0,global_mean,144.54684107987754
IA_DICKINSON,2014,157.9,global_mean,144.54684107987754
IA_DUBUQUE,2014,184.9,global_mean,144.54684107987754
IA_EMMET,2014,165.0,global_mean,144.54684107987754
IA_FAYETTE,2014,170.9,global_mean,144.54684107987754
IA_FLOYD,2014,162.8,global_mean,144.54684107987754
IA_FRANKLIN,2014,165.8,global_mean,144.54684107987754
IA_FREMONT,2014,191.5,global_mean,144.54684107987754
IA_GREENE,2014,181.2,global_mean,144.54684107987754
IA_GRUNDY,2014,182.4,global_mean,144.54684107987754
IA_GUTHRIE,2014,176.1,global_mean,144.54684107987754
IA_HAMILTON,2014,173.1,global_mean,144.54684107987754
IA_HANCOCK,2014,173.9,global_mean,144.54684107987754
IA_HARDIN,2014,166.3,global_mean,144.54684107987754
IA_HARRISON,2014,161.1,global_mean,144.54684107987754
IA_HENRY,2014,196.6,global_mean,144.54684107987754
IA_HOWARD,2014,164.4,global_mean,144.54684107987754
IA_HUMBOLDT,2014,176.9,global_mean,144.54684107987754
IA_IDA,2014,189.9,global_mean,144.54684107987754
IA_IOWA,2014,192.1,global_mean,144.54684107987754
IA_JACKSON,2014,188.9,global_mean,144.54684107987754
IA_JASPER,2014,191.5,global_mean,144.54684107987754
IA_JEFFERSON,2014,200.9,global_mean,144.54684107987754
IA_JOHNSON,2014,184.6,global_mean,144.54684107987754
IA_JONES,2014,180.1,global_mean,144.54684107987754
IA_KEOKUK,2014,193.2,global_mean,144.54684107987754
IA_KOSSUTH,2014,176.6,global_mean,144.54684107987754
IA_LEE,2014,200.6,global_mean,144.54684107987754
IA_LINN,2014,176.1,global_mean,144.54684107987754
IA_LOUISA,2014,188.2,global_mean,144.54684107987754
IA_LUCAS,2014,153.7,global_mean,144.54684107987754
IA_LYON,2014,172.9,global_mean,144.54684107987754
IA_MADISON,2014,171.4,global_mean,144.54684107987754
IA_MAHASKA,2014,189.9,global_mean,144.54684107987754
IA_MARION,2014,171.6,global_mean,144.54684107987754
IA_MARSHALL,2014,190.5,global_mean,144.54684107987754
IA_MILLS,2014,184.9,global_mean,144.54684107987754
IA_MITCHELL,2014,175.1,global_mean,144.54684107987754
IA_MONONA,2014,156.6,global_mean,144.54684107987754
IA_MONROE,2014,175.7,global_mean,144.54684107987754
IA_MONTGOMERY,2014,163.1,global_mean,144.54684107987754
IA_MUSCATINE,2014,188.1,global_mean,144.54684107987754
IA_OSCEOLA,2014,175.4,global_mean,144.54684107987754
IA_PAGE,2014,182.4,global_mean,144.54684107987754
IA_PALO_ALTO,2014,164.6,global_mean,144.54684107987754
IA_PLYMOUTH,2014,187.3,global_mean,144.54684107987754
IA_POCAHONTAS,2014,174.8,global_mean,144.54684107987754
IA_POLK,2014,181.4,global_mean,144.54684107987754
IA_POTTAWATTAMIE,2014,169.1,global_mean,144.54684107987754
IA_POWESHIEK,2014,188.4,global_mean,144.54684107987754
IA_RINGGOLD,2014,166.4,global_mean,144.54684107987754
IA_SAC,2014,179.8,global_mean,144.54684107987754
IA_SCOTT,2014,194.5,global_mean,144.54684107987754
IA_SHELBY,2014,185.2,global_mean,144.54684107987754
IA_SIOUX,2014,187.4,global_mean,144.54684107987754
IA_STORY,2014,169.9,global_mean,144.54684107987754
IA_TAMA,2014,182.7,global_mean,144.54684107987754
IA_TAYLOR,2014,178.8,global_mean,144.54684107987754
IA_UNION,2014,176.1,global_mean,144.54684107987754
IA_VAN_BUREN,2014,192.2,global_mean,144.54684107987754
IA_WAPELLO,2014,195.2,global_mean,144.54684107987754
IA_WARREN,2014,169.9,global_mean,144.54684107987754
IA_WASHINGTON,2014,191.3,global_mean,144.54684107987754
IA_WAYNE,2014,171.9,global_mean,144.54684107987754
IA_WEBSTER,2014,190.0,global_mean,144.54684107987754
IA_WINNESHIEK,2014,174.0,global_mean,144.54684107987754
IA_WOODBURY,2014,177.5,global_mean,144.54684107987754
IA_WRIGHT,2014,169.4,global_mean,144.54684107987754
IL_ADAMS,2014,202.4,global_mean,144.54684107987754
IL_ALEXANDER,2014,192.8,global_mean,144.54684107987754
IL_BOND,2014,182.1,global_mean,144.54684107987754
IL_BOONE,2014,191.4,global_mean,144.54684107987754
IL_BROWN,2014,196.6,global_mean,144.54684107987754
IL_BUREAU,2014,196.0,global_mean,144.54684107987754
IL_CALHOUN,2014,198.2,global_mean,144.54684107987754
IL_CARROLL,2014,196.1,global_mean,144.54684107987754
IL_CASS,2014,208.3,global_mean,144.54684107987754
IL_CHAMPAIGN,2014,216.5,global_mean,144.54684107987754
IL_CHRISTIAN,2014,217.8,global_mean,144.54684107987754
IL_CLARK,2014,198.1,global_mean,144.54684107987754
IL_CLAY,2014,173.1,global_mean,144.54684107987754
IL_CLINTON,2014,192.7,global_mean,144.54684107987754
IL_COLES,2014,212.6,global_mean,144.54684107987754
IL_CRAWFORD,2014,184.7,global_mean,144.54684107987754
IL_CUMBERLAND,2014,196.1,global_mean,144.54684107987754
IL_DE_WITT,2014,221.0,global_mean,144.54684107987754
IL_DOUGLAS,2014,224.0,global_mean,144.54684107987754
IL_EDGAR,2014,201.5,global_mean,144.54684107987754
IL_EFFINGHAM,2014,196.4,global_mean,144.54684107987754
IL_FAYETTE,2014,180.3,global_mean,144.54684107987754
IL_FORD,2014,201.1,global_mean,144.54684107987754
IL_FRANKLIN,2014,160.3,global_mean,144.54684107987754
IL_FULTON,2014,198.2,global_mean,144.54684107987754
IL_GALLATIN,2014,187.6,global_mean,144.54684107987754
IL_GREENE,2014,198.8,global_mean,144.54684107987754
IL_GRUNDY,2014,205.1,global_mean,144.54684107987754
IL_HANCOCK,2014,218.5,global_mean,144.54684107987754
IL_HENDERSON,2014,207.9,global_mean,144.54684107987754
IL_HENRY,2014,194.2,global_mean,144.54684107987754
IL_IROQUOIS,2014,186.2,global_mean,144.54684107987754
IL_JACKSON,2014,169.2,global_mean,144.54684107987754
IL_JASPER,2014,185.4,global_mean,144.54684107987754
IL_JEFFERSON,2014,165.2,global_mean,144.54684107987754
IL_JERSEY,2014,199.9,global_mean,144.54684107987754
IL_JOHNSON,2014,142.3,global_mean,144.54684107987754
IL_JO_DAVIESS,2014,183.2,global_mean,144.54684107987754
IL_KANE,2014,185.6,global_mean,144.54684107987754
IL_KANKAKEE,2014,174.3,global_mean,144.54684107987754
IL_KNOX,2014,201.4,global_mean,144.54684107987754
IL_LAKE,2014,151.2,global_mean,144.54684107987754
IL_LAWRENCE,2014,177.4,global_mean,144.54684107987754
IL_LEE,2014,181.6,global_mean,144.54684107987754
IL_LIVINGSTON,2014,211.6,global_mean,144.54684107987754
IL_LOGAN,2014,230.8,global_mean,144.54684107987754
IL_MACON,2014,236.0,global_mean,144.54684107987754
IL_MACOUPIN,2014,199.5,global_mean,144.54684107987754
IL_MADISON,2014,191.6,global_mean,144.54684107987754
IL_MARION,2014,183.8,global_mean,144.54684107987754
IL_MARSHALL,2014,207.3,global_mean,144.54684107987754
IL_MASON,2014,195.7,global_mean,144.54684107987754
IL_MASSAC,2014,163.2,global_mean,144.54684107987754
IL_MCDONOUGH,2014,211.6,global_mean,144.54684107987754
IL_MCHENRY,2014,184.3,global_mean,144.54684107987754
IL_MCLEAN,2014,218.3,global_mean,144.54684107987754
IL_MENARD,2014,222.7,global_mean,144.54684107987754
IL_MERCER,2014,193.5,global_mean,144.54684107987754
IL_MONROE,2014,181.4,global_mean,144.54684107987754
IL_MONTGOMERY,2014,205.1,global_mean,144.54684107987754
IL_MORGAN,2014,223.3,global_mean,144.54684107987754
IL_MOULTRIE,2014,223.3,global_mean,144.54684107987754
IL_OGLE,2014,193.4,global_mean,144.54684107987754
IL_PEORIA,2014,208.1,global_mean,144.54684107987754
IL_PERRY,2014,146.1,global_mean,144.54684107987754
IL_PIATT,2014,235.2,global_mean,144.54684107987754
IL_PIKE,2014,199.5,global_mean,144.54684107987754
IL_POPE,2014,160.1,global_mean,144.54684107987754
IL_PULASKI,2014,177.7,global_mean,144.54684107987754
IL_PUTNAM,2014,194.8,global_mean,144.54684107987754
IL_RANDOLPH,2014,181.4,global_mean,144.54684107987754
IL_RICHLAND,2014,181.1,global_mean,144.54684107987754
IL_ROCK_ISLAND,2014,185.8,global_mean,144.54684107987754
IL_SALINE,2014,176.7,global_mean,144.54684107987754
IL_SANGAMON,2014,226.8,global_mean,144.54684107987754
IL_SCHUYLER,2014,204.1,global_mean,144.54684107987754
IL_SCOTT,2014,201.7,global_mean,144.54684107987754
IL_SHELBY,2014,206.4,global_mean,144.54684107987754
IL_STARK,2014,207.1,global_mean,144.54684107987754
IL_STEPHENSON,2014,192.6,global_mean,144.54684107987754
IL_TAZEWELL,2014,224.4,global_mean,144.54684107987754
IL_UNION,2014,185.9,global_mean,144.54684107987754
IL_VERMILION,2014,204.0,global_mean,144.54684107987754
IL_WABASH,2014,180.0,global_mean,144.54684107987754
IL_WARREN,2014,216.1,global_mean,144.54684107987754
IL_WASHINGTON,2014,184.3,global_mean,144.54684107987754
IL_WAYNE,2014,184.8,global_mean,144.54684107987754
IL_WHITE,2014,196.4,global_mean,144.54684107987754
IL_WHITESIDE,2014,184.6,global_mean,144.54684107987754
IL_WILL,2014,178.6,global_mean,144.54684107987754
IL_WILLIAMSON,2014,161.6,global_mean,144.54684107987754
IL_WINNEBAGO,2014,190.4,global_mean,144.54684107987754
IL_WOODFORD,2014,217.5,global_mean,144.54684107987754
IN_ADAMS,2014,183.3,global_mean,144.54684107987754
IN_ALLEN,2014,185.8,global_mean,144.54684107987754
IN_BARTHOLOMEW,2014,200.3,global_mean,144.54684107987754
IN_BENTON,2014,202.4,global_mean,144.54684107987754
IN_BLACKFORD,2014,157.1,global_mean,144.54684107987754
IN_BOONE,2014,200.6,global_mean,144.54684107987754
IN_CARROLL,2014,205.3,global_mean,144.54684107987754
IN_CASS,2014,195.9,global_mean,144.54684107987754
IN_CLARK,2014,173.3,global_mean,144.54684107987754
IN_CLAY,2014,200.3,global_mean,144.54684107987754
IN_CLINTON,2014,214.1,global_mean,144.54684107987754
IN_DAVIESS,2014,210.2,global_mean,144.54684107987754
IN_DEARBORN,2014,165.9,global_mean,144.54684107987754
IN_DECATUR,2014,205.8,global_mean,144.54684107987754
IN_DELAWARE,2014,174.0,global_mean,144.54684107987754
IN_DUBOIS,2014,190.4,global_mean,144.54684107987754
IN_ELKHART,2014,182.0,global_mean,144.54684107987754
IN_FAYETTE,2014,187.4,global_mean,144.54684107987754
IN_FLOYD,2014,152.1,global_mean,144.54684107987754
IN_FOUNTAIN,2014,204.8,global_mean,144.54684107987754
IN_FRANKLIN,2014,194.1,global_mean,144.54684107987754
IN_FULTON,2014,177.9,global_mean,144.54684107987754
IN_GIBSON,2014,195.3,global_mean,144.54684107987754
IN_GRANT,2014,185.0,global_mean,144.54684107987754
IN_GREENE,2014,186.0,global_mean,144.54684107987754
IN_HAMILTON,2014,197.3,global_mean,144.54684107987754
IN_HANCOCK,2014,188.6,global_mean,144.54684107987754
IN_HARRISON,2014,178.0,global_mean,144.54684107987754
IN_HENDRICKS,2014,198.5,global_mean,144.54684107987754
IN_HENRY,2014,192.9,global_mean,144.54684107987754
IN_HOWARD,2014,200.6,global_mean,144.54684107987754
IN_HUNTINGTON,2014,185.4,global_mean,144.54684107987754
IN_JACKSON,2014,171.5,global_mean,144.54684107987754
IN_JASPER,2014,174.2,global_mean,144.54684107987754
IN_JAY,2014,169.1,global_mean,144.54684107987754
IN_JEFFERSON,2014,188.0,global_mean,144.54684107987754
IN_JENNINGS,2014,186.6,global_mean,144.54684107987754
IN_JOHNSON,2014,186.9,global_mean,144.54684107987754
IN_KNOX,2014,194.2,global_mean,144.54684107987754
IN_KOSCIUSKO,2014,173.5,global_mean,144.54684107987754
IN_LAGRANGE,2014,151.2,global_mean,144.54684107987754
IN_LAKE,2014,167.4,global_mean,144.54684107987754
IN_LAWRENCE,2014,190.4,global_mean,144.54684107987754
IN_MADISON,2014,196.4,global_mean,144.54684107987754
IN_MARION,2014,178.5,global_mean,144.54684107987754
IN_MARSHALL,2014,183.3,global_mean,144.54684107987754
IN_MARTIN,2014,188.5,global_mean,144.54684107987754
IN_MIAMI,2014,176.5,global_mean,144.54684107987754
IN_MONROE,2014,180.6,global_mean,144.54684107987754
IN_MONTGOMERY,2014,205.3,global_mean,144.54684107987754
IN_MORGAN,2014,197.0,global_mean,144.54684107987754
IN_NEWTON,2014,185.1,global_mean,144.54684107987754
IN_NOBLE,2014,168.8,global_mean,144.54684107987754
IN_ORANGE,2014,196.9,global_mean,144.54684107987754
IN_PERRY,2014,172.5,global_mean,144.54684107987754
IN_PIKE,2014,170.7,global_mean,144.54684107987754
IN_PORTER,2014,177.1,global_mean,144.54684107987754
IN_POSEY,2014,197.3,global_mean,144.54684107987754
IN_PULASKI,2014,155.7,global_mean,144.54684107987754
IN_PUTNAM,2014,198.6,global_mean,144.54684107987754
IN_RANDOLPH,2014,179.6,global_mean,144.54684107987754
IN_RIPLEY,2014,178.3,global_mean,144.54684107987754
IN_RUSH,2014,197.3,global_mean,144.54684107987754
IN_SCOTT,2014,190.7,global_mean,144.54684107987754
IN_SHELBY,2014,187.9,global_mean,144.54684107987754
IN_SPENCER,2014,174.0,global_mean,144.54684107987754
IN_ST._JOSEPH,2014,160.8,global_mean,144.54684107987754
IN_STARKE,2014,156.3,global_mean,144.54684107987754
IN_STEUBEN,2014,160.5,global_mean,144.54684107987754
IN_SULLIVAN,2014,196.0,global_mean,144.54684107987754
IN_TIPPECANOE,2014,206.6,global_mean,144.54684107987754
IN_TIPTON,2014,214.9,global_mean,144.54684107987754
IN_UNION,2014,200.0,global_mean,144.54684107987754
IN_VANDERBURGH,2014,188.0,global_mean,144.54684107987754
IN_VERMILLION,2014,213.6,global_mean,144.54684107987754
IN_WABASH,2014,181.0,global_mean,144.54684107987754
IN_WARREN,2014,209.5,global_mean,144.54684107987754
IN_WARRICK,2014,175.4,global_mean,144.54684107987754
IN_WASHINGTON,2014,180.0,global_mean,144.54684107987754
IN_WAYNE,2014,185.2,global_mean,144.54684107987754
IN_WELLS,2014,189.9,global_mean,144.54684107987754
IN_WHITE,2014,194.2,global_mean,144.54684107987754
IN_WHITLEY,2014,183.1,global_mean,144.54684107987754
MI_ARENAC,2014,155.4,global_mean,144.54684107987754
MI_BARRY,2014,151.6,global_mean,144.54684107987754
MI_BAY,2014,164.4,global_mean,144.54684107987754
MI_BERRIEN,2014,176.4,global_mean,144.54684107987754
MI_BRANCH,2014,167.2,global_mean,144.54684107987754
MI_CALHOUN,2014,158.6,global_mean,144.54684107987754
MI_CASS,2014,172.0,global_mean,144.54684107987754
MI_CLINTON,2014,163.4,global_mean,144.54684107987754
MI_EATON,2014,176.5,global_mean,144.54684107987754
MI_GENESEE,2014,142.5,global_mean,144.54684107987754
MI_GRATIOT,2014,153.5,global_mean,144.54684107987754
MI_HILLSDALE,2014,155.0,global_mean,144.54684107987754
MI_HURON,2014,172.3,global_mean,144.54684107987754
MI_INGHAM,2014,175.9,global_mean,144.54684107987754
MI_IONIA,2014,161.4,global_mean,144.54684107987754
MI_JACKSON,2014,155.6,global_mean,144.54684107987754
MI_KALAMAZOO,2014,188.7,global_mean,144.54684107987754
MI_KENT,2014,146.8,global_mean,144.54684107987754
MI_LAPEER,2014,149.1,global_mean,144.54684107987754
MI_LENAWEE,2014,174.7,global_mean,144.54684107987754
MI_LIVINGSTON,2014,171.4,global_mean,144.54684107987754
MI_MACOMB,2014,160.2,global_mean,144.54684107987754
MI_MIDLAND,2014,168.9,global_mean,144.54684107987754
MI_MONROE,2014,175.4,global_mean,144.54684107987754
MI_MONTCALM,2014,149.3,global_mean,144.54684107987754
MI_MUSKEGON,2014,132.7,global_mean,144.54684107987754
MI_NEWAYGO,2014,119.4,global_mean,144.54684107987754
MI_OAKLAND,2014,139.3,global_mean,144.54684107987754
MI_OCEANA,2014,123.3,global_mean,144.54684107987754
MI_OTTAWA,2014,152.3,global_mean,144.54684107987754
MI_SAGINAW,2014,171.6,global_mean,144.54684107987754
MI_SANILAC,2014,171.3,global_mean,144.54684107987754
MI_SHIAWASSEE,2014,156.4,global_mean,144.54684107987754
MI_TUSCOLA,2014,178.5,global_mean,144.54684107987754
MI_WASHTENAW,2014,172.2,global_mean,144.54684107987754
MI_WAYNE,2014,150.0,global_mean,144.54684107987754
MN_BLUE_EARTH,2014,158.2,global_mean,144.54684107987754
MN_BROWN,2014,168.2,global_mean,144.54684107987754
MN_CHIPPEWA,2014,164.4,global_mean,144.54684107987754
MN_FILLMORE,2014,176.1,global_mean,144.54684107987754
MN_GOODHUE,2014,182.0,global_mean,144.54684107987754
MN_HOUSTON,2014,169.4,global_mean,144.54684107987754
MN_MARTIN,2014,168.4,global_mean,144.54684107987754
MN_MURRAY,2014,158.7,global_mean,144.54684107987754
MN_NICOLLET,2014,154.3,global_mean,144.54684107987754
MN_NOBLES,2014,157.2,global_mean,144.54684107987754
MN_PIPESTONE,2014,145.8,global_mean,144.54684107987754
MN_REDWOOD,2014,165.8,global_mean,144.54684107987754
MN_RENVILLE,2014,150.9,global_mean,144.54684107987754
MN_ROCK,2014,155.0,global_mean,144.54684107987754
MN_WABASHA,2014,178.3,global_mean,144.54684107987754
MN_WINONA,2014,175.6,global_mean,144.54684107987754
MN_YELLOW_MEDICINE,2014,153.6,global_mean,144.54684107987754
MO_ADAIR,2014,179.5,global_mean,144.54684107987754
MO_ANDREW,2014,171.9,global_mean,144.54684107987754
MO_ATCHISON,2014,192.2,global_mean,144.54684107987754
MO_AUDRAIN,2014,185.5,global_mean,144.54684107987754
MO_BARTON,2014,178.9,global_mean,144.54684107987754
MO_BOONE,2014,187.8,global_mean,144.54684107987754
MO_BUTLER,2014,174.2,global_mean,144.54684107987754
MO_CALDWELL,2014,184.7,global_mean,144.54684107987754
MO_CALLAWAY,2014,183.9,global_mean,144.54684107987754
MO_CAPE_GIRARDEAU,2014,157.6,global_mean,144.54684107987754
MO_CASS,2014,179.1,global_mean,144.54684107987754
MO_CHARITON,2014,187.8,global_mean,144.54684107987754
MO_CLAY,2014,182.8,global_mean,144.54684107987754
MO_CLINTON,2014,183.6,global_mean,144.54684107987754
MO_COLE,2014,178.3,global_mean,144.54684107987754
MO_DADE,2014,167.3,global_mean,144.54684107987754
MO_DAVIESS,2014,176.9,global_mean,144.54684107987754
MO_FRANKLIN,2014,173.0,global_mean,144.54684107987754
MO_GASCONADE,2014,159.7,global_mean,144.54684107987754
MO_HENRY,2014,162.1,global_mean,144.54684107987754
MO_HOLT,2014,201.0,global_mean,144.54684107987754
MO_JEFFERSON,2014,126.8,global_mean,144.54684107987754
MO_JOHNSON,2014,185.9,global_mean,144.54684107987754
MO_KNOX,2014,194.5,global_mean,144.54684107987754
MO_LAFAYETTE,2014,209.7,global_mean,144.54684107987754
MO_LAWRENCE,2014,144.6,global_mean,144.54684107987754
MO_LEWIS,2014,183.0,global_mean,144.54684107987754
MO_MARION,2014,181.4,global_mean,144.54684107987754
MO_MISSISSIPPI,2014,196.4,global_mean,144.54684107987754
MO_MONROE,2014,187.2,global_mean,144.54684107987754
MO_MORGAN,2014,147.3,global_mean,144.54684107987754
MO_NEW_MADRID,2014,197.6,global_mean,144.54684107987754
MO_NODAWAY,2014,194.3,global_mean,144.54684107987754
MO_PEMISCOT,2014,179.2,global_mean,144.54684107987754
MO_PERRY,2014,169.8,global_mean,144.54684107987754
MO_PETTIS,2014,187.5,global_mean,144.54684107987754
MO_PIKE,2014,192.9,global_mean,144.54684107987754
MO_RANDOLPH,2014,171.9,global_mean,144.54684107987754
MO_RAY,2014,191.3,global_mean,144.54684107987754
MO_SALINE,2014,207.2,global_mean,144.54684107987754
MO_SCOTLAND,2014,179.6,global_mean,144.54684107987754
MO_SHELBY,2014,184.0,global_mean,144.54684107987754
MO_STODDARD,2014,190.2,global_mean,144.54684107987754
MO_SULLIVAN,2014,162.7,global_mean,144.54684107987754
MO_WARREN,2014,187.6,global_mean,144.54684107987754
MO_WORTH,2014,190.4,global_mean,144.54684107987754
OH_ADAMS,2014,143.3,global_mean,144.54684107987754
OH_ALLEN,2014,179.1,global_mean,144.54684107987754
OH_ASHLAND,2014,149.7,global_mean,144.54684107987754
OH_ASHTABULA,2014,150.0,global_mean,144.54684107987754
OH_AUGLAIZE,2014,178.2,global_mean,144.54684107987754
OH_BELMONT,2014,130.0,global_mean,144.54684107987754
OH_BROWN,2014,171.7,global_mean,144.54684107987754
OH_BUTLER,2014,175.4,global_mean,144.54684107987754
OH_CHAMPAIGN,2014,180.9,global_mean,144.54684107987754
OH_CLARK,2014,195.0,global_mean,144.54684107987754
OH_CLERMONT,2014,180.0,global_mean,144.54684107987754
OH_CLINTON,2014,199.4,global_mean,144.54684107987754
OH_COLUMBIANA,2014,163.0,global_mean,144.54684107987754
OH_COSHOCTON,2014,165.8,global_mean,144.54684107987754
OH_CRAWFORD,2014,183.5,global_mean,144.54684107987754
OH_DARKE,2014,183.8,global_mean,144.54684107987754
OH_DEFIANCE,2014,184.5,global_mean,144.54684107987754
OH_DELAWARE,2014,154.4,global_mean,144.54684107987754
OH_ERIE,2014,159.3,global_mean,144.54684107987754
OH_FAIRFIELD,2014,177.9,global_mean,144.54684107987754
OH_FAYETTE,2014,185.5,global_mean,144.54684107987754
OH_FRANKLIN,2014,173.2,global_mean,144.54684107987754
OH_FULTON,2014,183.2,global_mean,144.54684107987754
OH_GREENE,2014,191.5,global_mean,144.54684107987754
OH_GUERNSEY,2014,166.3,global_mean,144.54684107987754
OH_HAMILTON,2014,197.9,global_mean,144.54684107987754
OH_HANCOCK,2014,193.2,global_mean,144.54684107987754
OH_HARDIN,2014,167.8,global_mean,144.54684107987754
OH_HARRISON,2014,151.9,global_mean,144.54684107987754
OH_HENRY,2014,190.9,global_mean,144.54684107987754
OH_HIGHLAND,2014,178.5,global_mean,144.54684107987754
OH_HOCKING,2014,170.0,global_mean,144.54684107987754
OH_HOLMES,2014,158.0,global_mean,144.54684107987754
OH_HURON,2014,154.9,global_mean,144.54684107987754
OH_KNOX,2014,156.3,global_mean,144.54684107987754
OH_LICKING,2014,153.5,global_mean,144.54684107987754
OH_LOGAN,2014,165.2,global_mean,144.54684107987754
OH_LORAIN,2014,159.9,global_mean,144.54684107987754
OH_LUCAS,2014,179.7,global_mean,144.54684107987754
OH_MADISON,2014,170.6,global_mean,144.54684107987754
OH_MAHONING,2014,149.7,global_mean,144.54684107987754
OH_MARION,2014,171.7,global_mean,144.54684107987754
OH_MEDINA,2014,157.0,global_mean,144.54684107987754
OH_MERCER,2014,193.8,global_mean,144.54684107987754
OH_MIAMI,2014,179.4,global_mean,144.54684107987754
OH_MONTGOMERY,2014,187.1,global_mean,144.54684107987754
OH_MORGAN,2014,156.1,global_mean,144.54684107987754
OH_MORROW,2014,153.9,global_mean,144.54684107987754
OH_MUSKINGUM,2014,155.2,global_mean,144.54684107987754
OH_NOBLE,2014,156.3,global_mean,144.54684107987754
OH_OTTAWA,2014,160.3,global_mean,144.54684107987754
OH_PAULDING,2014,191.7,global_mean,144.54684107987754
OH_PERRY,2014,154.9,global_mean,144.54684107987754
OH_PICKAWAY,2014,179.5,global_mean,144.54684107987754
OH_PIKE,2014,166.2,global_mean,144.54684107987754
OH_PORTAGE,2014,152.3,global_mean,144.54684107987754
OH_PREBLE,2014,186.1,global_mean,144.54684107987754
OH_PUTNAM,2014,196.2,global_mean,144.54684107987754
OH_RICHLAND,2014,167.9,global_mean,144.54684107987754
OH_ROSS,2014,173.6,global_mean,144.54684107987754
OH_SANDUSKY,2014,183.9,global_mean,144.54684107987754
OH_SENECA,2014,168.4,global_mean,144.54684107987754
OH_SHELBY,2014,173.8,global_mean,144.54684107987754
OH_TRUMBULL,2014,159.0,global_mean,144.54684107987754
OH_TUSCARAWAS,2014,154.4,global_mean,144.54684107987754
OH_UNION,2014,163.8,global_mean,144.54684107987754
OH_VAN_WERT,2014,192.2,global_mean,144.54684107987754
OH_WARREN,2014,184.4,global_mean,144.54684107987754
OH_WAYNE,2014,164.1,global_mean,144.54684107987754
OH_WILLIAMS,2014,171.9,global_mean,144.54684107987754
OH_WOOD,2014,182.2,global_mean,144.54684107987754
OH_WYANDOT,2014,170.9,global_mean,144.54684107987754
WI_ADAMS,2014,130.3,global_mean,144.54684107987754
WI_BUFFALO,2014,148.3,global_mean,144.54684107987754
WI_COLUMBIA,2014,166.2,global_mean,144.54684107987754
WI_CRAWFORD,2014,154.0,global_mean,144.54684107987754
WI_DANE,2014,180.7,global_mean,144.54684107987754
WI_DODGE,2014,166.0,global_mean,144.54684107987754
WI_DUNN,2014,140.8,global_mean,144.54684107987754
WI_EAU_CLAIRE,2014,149.2,global_mean,144.54684107987754
WI_FOND_DU_LAC,2014,164.8,global_mean,144.54684107987754
WI_GRANT,2014,176.3,global_mean,144.54684107987754
WI_GREEN,2014,177.4,global_mean,144.54684107987754
WI_GREEN_LAKE,2014,169.7,global_mean,144.54684107987754
WI_IOWA,2014,186.7,global_mean,144.54684107987754
WI_JACKSON,2014,149.5,global_mean,144.54684107987754
WI_JEFFERSON,2014,163.4,global_mean,144.54684107987754
WI_JUNEAU,2014,147.9,global_mean,144.54684107987754
WI_KENOSHA,2014,174.9,global_mean,144.54684107987754
WI_LAFAYETTE,2014,182.4,global_mean,144.54684107987754
WI_LA_CROSSE,2014,167.1,global_mean,144.54684107987754
WI_MARINETTE,2014,112.4,global_mean,144.54684107987754
WI_MARQUETTE,2014,143.2,global_mean,144.54684107987754
WI_MILWAUKEE,2014,126.4,global_mean,144.54684107987754
WI_MONROE,2014,147.2,global_mean,144.54684107987754
WI_OCONTO,2014,116.2,global_mean,144.54684107987754
WI_OUTAGAMIE,2014,133.7,global_mean,144.54684107987754
WI_OZAUKEE,2014,143.3,global_mean,144.54684107987754
WI_PEPIN,2014,147.7,global_mean,144.54684107987754
WI_PORTAGE,2014,153.7,global_mean,144.54684107987754
WI_RACINE,2014,172.7,global_mean,144.54684107987754
WI_RICHLAND,2014,155.1,global_mean,144.54684107987754
WI_ROCK,2014,184.1,global_mean,144.54684107987754
WI_SAUK,2014,154.5,global_mean,144.54684107987754
WI_SHEBOYGAN,2014,142.6,global_mean,144.54684107987754
WI_TREMPEALEAU,2014,158.3,global_mean,144.54684107987754
WI_VERNON,2014,159.2,global_mean,144.54684107987754
WI_WALWORTH,2014,187.4,global_mean,144.54684107987754
WI_WASHINGTON,2014,150.6,global_mean,144.54684107987754
WI_WAUKESHA,2014,169.9,global_mean,144.54684107987754
WI_WAUSHARA,2014,182.8,global_mean,144.54684107987754
WI_WINNEBAGO,2014,145.8,global_mean,144.54684107987754
IA_ADAIR,2014,169.3,county_trend,147.56263736263736
IA_ADAMS,2014,169.9,county_trend,148.3043956043957
IA_ALLAMAKEE,2014,175.6,county_trend,174.23296703296703
IA_APPANOOSE,2014,170.9,county_trend,95.42197802197805
IA_AUDUBON,2014,185.5,county_trend,167.9857142857143
IA_BENTON,2014,185.4,county_trend,164.6923076923077
IA_BLACK_HAWK,2014,165.2,county_trend,167.7769230769231
IA_BOONE,2014,180.9,county_trend,167.9692307692308
IA_BREMER,2014,159.0,county_trend,176.08901098901103
IA_BUCHANAN,2014,169.3,county_trend,170.3956043956044
IA_BUENA_VISTA,2014,172.1,county_trend,176.83076923076925
IA_BUTLER,2014,167.7,county_trend,175.13186813186817
IA_CALHOUN,2014,189.6,county_trend,161.57252747252755
IA_CARROLL,2014,188.6,county_trend,162.69120879120882
IA_CASS,2014,173.7,county_trend,168.3428571428572
IA_CEDAR,2014,184.1,county_trend,178.06153846153848
IA_CERRO_GORDO,2014,168.3,county_trend,163.0373626373626
IA_CHEROKEE,2014,183.6,county_trend,192.76593406593415
IA_CHICKASAW,2014,157.6,county_trend,172.49890109890114
IA_CLARKE,2014,162.2,county_trend,105.41098901098906
IA_CLAY,2014,166.3,county_trend,184.36483516483517
IA_CLAYTON,2014,176.7,county_trend,180.36703296703308
IA_CLINTON,2014,197.0,county_trend,176.61208791208787
IA_CRAWFORD,2014,183.0,county_trend,177.97362637362642
IA_DALLAS,2014,195.5,county_trend,159.18131868131871
IA_DAVIS,2014,184.2,county_trend,101.14175824175825
IA_DECATUR,2014,164.0,county_trend,108.2
IA_DELAWARE,2014,174.9,county_trend,173.16153846153847
IA_DES_MOINES,2014,199.0,county_trend,156.81758241758243
IA_DICKINSON,2014,157.9,county_trend,177.90219780219783
IA_DUBUQUE,2014,184.9,county_trend,182.46153846153848
IA_EMMET,2014,165.0,county_trend,181.3989010989011
IA_FAYETTE,2014,170.9,county_trend,174.78461538461536
IA_FLOYD,2014,162.8,county_trend,169.56813186813184
IA_FRANKLIN,2014,165.8,county_trend,177.13736263736263
IA_FREMONT,2014,191.5,county_trend,161.96813186813185
IA_GREENE,2014,181.2,county_trend,161.21098901098904
IA_GRUNDY,2014,182.4,county_trend,184.07032967032973
IA_GUTHRIE,2014,176.1,county_trend,150.22527472527477
IA_HAMILTON,2014,173.1,county_trend,156.33296703296708
IA_HANCOCK,2014,173.9,county_trend,174.53626373626375
IA_HARDIN,2014,166.3,county_trend,174.3857142857143
IA_HARRISON,2014,161.1,county_trend,172.3923076923077
IA_HENRY,2014,196.6,county_trend,143.29340659340664
IA_HOWARD,2014,164.4,county_trend,175.4219780219781
IA_HUMBOLDT,2014,176.9,county_trend,169.21318681318684
IA_IDA,2014,189.9,county_trend,192.40219780219783
IA_IOWA,2014,192.1,county_trend,166.2736263736264
IA_JACKSON,2014,188.9,county_trend,162.13736263736266
IA_JASPER,2014,191.5,county_trend,167.77362637362637
IA_JEFFERSON,2014,200.9,county_trend,126.73736263736266
IA_JOHNSON,2014,184.6,county_trend,165.6274725274726
IA_JONES,2014,180.1,county_trend,169.82307692307694
IA_KEOKUK,2014,193.2,county_trend,141.85384615384618
IA_KOSSUTH,2014,176.6,county_trend,183.41868131868137
IA_LEE,2014,200.6,county_trend,130.10879120879122
IA_LINN,2014,176.1,county_trend,169.05934065934068
IA_LOUISA,2014,188.2,county_trend,160.7021978021978
IA_LUCAS,2014,153.7,county_trend,102.72087912087913
IA_LYON,2014,172.9,county_trend,193.17802197802197
IA_MADISON,2014,171.4,county_trend,138.8868131868132
IA_MAHASKA,2014,189.9,county_trend,159.23736263736265
IA_MARION,2014,171.6,county_trend,141.61538461538467
IA_MARSHALL,2014,190.5,county_trend,175.53296703296706
IA_MILLS,2014,184.9,county_trend,168.82197802197805
IA_MITCHELL,2014,175.1,county_trend,172.9483516483517
IA_MONONA,2014,156.6,county_trend,166.92747252747253
IA_MONROE,2014,175.7,county_trend,102.85274725274725
IA_MONTGOMERY,2014,163.1,county_trend,160.9615384615385
IA_MUSCATINE,2014,188.1,county_trend,160.87472527472528
IA_OSCEOLA,2014,175.4,county_trend,194.24065934065936
IA_PAGE,2014,182.4,county_trend,149.68571428571428
IA_PALO_ALTO,2014,164.6,county_trend,181.03296703296706
IA_PLYMOUTH,2014,187.3,county_trend,177.07582417582418
IA_POCAHONTAS,2014,174.8,county_trend,179.7505494505495
IA_POLK,2014,181.4,county_trend,153.80769230769235
IA_POTTAWATTAMIE,2014,169.1,county_trend,178.05164835164842
IA_POWESHIEK,2014,188.4,county_trend,169.61978021978024
IA_RINGGOLD,2014,166.4,county_trend,105.83956043956044
IA_SAC,2014,179.8,county_trend,170.14395604395605
IA_SCOTT,2014,194.5,county_trend,161.1406593406594
IA_SHELBY,2014,185.2,county_trend,186.66373626373627
IA_SIOUX,2014,187.4,county_trend,187.51098901098908
IA_STORY,2014,169.9,county_trend,159.92747252747256
IA_TAMA,2014,182.7,county_trend,171.75824175824178
IA_TAYLOR,2014,178.8,county_trend,129.27582417582417
IA_UNION,2014,176.1,county_trend,127.61098901098902
IA_VAN_BUREN,2014,192.2,county_trend,122.50000000000004
IA_WAPELLO,2014,195.2,county_trend,127.26373626373623
IA_WARREN,2014,169.9,county_trend,127.63076923076926
IA_WASHINGTON,2014,191.3,county_trend,155.96703296703305
IA_WAYNE,2014,171.9,county_trend,99.82087912087911
IA_WEBSTER,2014,190.0,county_trend,164.05274725274728
IA_WINNESHIEK,2014,174.0,county_trend,183.05384615384617
IA_WOODBURY,2014,177.5,county_trend,173.85164835164835
IA_WRIGHT,2014,169.4,county_trend,173.43516483516487
IL_ADAMS,2014,202.4,county_trend,124.7593406593407
IL_ALEXANDER,2014,192.8,county_trend,147.0969696969697
IL_BOND,2014,182.1,county_trend,111.44505494505486
IL_BOONE,2014,191.4,county_trend,186.89340962904492
IL_BROWN,2014,196.6,county_trend,130.74395604395605
IL_BUREAU,2014,196.0,county_trend,178.67472527472535
IL_CALHOUN,2014,198.2,county_trend,149.32637362637354
IL_CARROLL,2014,196.1,county_trend,191.37252747252748
IL_CASS,2014,208.3,county_trend,162.44395604395604
IL_CHAMPAIGN,2014,216.5,county_trend,165.23956043956048
IL_CHRISTIAN,2014,217.8,county_trend,170.24615384615387
IL_CLARK,2014,198.1,county_trend,120.1923076923076
IL_CLAY,2014,173.1,county_trend,144.06910023677975
IL_CLINTON,2014,192.7,county_trend,127.13956043956046
IL_COLES,2014,212.6,county_trend,152.96813186813188
IL_CRAWFORD,2014,184.7,county_trend,125.46263736263737
IL_CUMBERLAND,2014,196.1,county_trend,132.87252747252748
IL_DE_WITT,2014,221.0,county_trend,172.04285714285706
IL_DOUGLAS,2014,224.0,county_trend,161.65274725274728
IL_EDGAR,2014,201.5,county_trend,158.66593406593412
IL_EFFINGHAM,2014,196.4,county_trend,142.1802197802198
IL_FAYETTE,2014,180.3,county_trend,128.09670329670334
IL_FORD,2014,201.1,county_trend,141.99999999999997
IL_FRANKLIN,2014,160.3,county_trend,119.73516483516488
IL_FULTON,2014,198.2,county_trend,155.40109890109892
IL_GALLATIN,2014,187.6,county_trend,146.43736263736264
IL_GREENE,2014,198.8,county_trend,150.3604395604396
IL_GRUNDY,2014,205.1,county_trend,164.47142857142856
IL_HANCOCK,2014,218.5,county_trend,153.33186813186816
IL_HENDERSON,2014,207.9,county_trend,171.79560439560444
IL_HENRY,2014,194.2,county_trend,174.44615384615392
IL_IROQUOIS,2014,186.2,county_trend,155.74065934065936
IL_JACKSON,2014,169.2,county_trend,122.27032967032969
IL_JASPER,2014,185.4,county_trend,123.310989010989
IL_JEFFERSON,2014,165.2,county_trend,135.34297553275445
IL_JERSEY,2014,199.9,county_trend,150.91758241758245
IL_JOHNSON,2014,142.3,county_trend,141.65761641673237
IL_JO_DAVIESS,2014,183.2,county_trend,163.33516483516482
IL_KANE,2014,185.6,county_trend,183.19450549450545
IL_KANKAKEE,2014,174.3,county_trend,160.92747252747253
IL_KNOX,2014,201.4,county_trend,181.07362637362638
IL_LAKE,2014,151.2,county_trend,154.64601226993872
IL_LAWRENCE,2014,177.4,county_trend,155.08613053613053
IL_LEE,2014,181.6,county_trend,171.4934065934066
IL_LIVINGSTON,2014,211.6,county_trend,161.12857142857143
IL_LOGAN,2014,230.8,county_trend,167.6923076923077
IL_MACON,2014,236.0,county_trend,165.1879120879121
IL_MACOUPIN,2014,199.5,county_trend,135.38901098901104
IL_MADISON,2014,191.6,county_trend,126.31758241758246
IL_MARION,2014,183.8,county_trend,123.18791208791204
IL_MARSHALL,2014,207.3,county_trend,174.8791208791209
IL_MASON,2014,195.7,county_trend,150.1032967032967
IL_MASSAC,2014,163.2,county_trend,161.09597474348848
IL_MCDONOUGH,2014,211.6,county_trend,171.66373626373633
IL_MCHENRY,2014,184.3,county_trend,166.0395604395604
IL_MCLEAN,2014,218.3,county_trend,170.03956043956046
IL_MENARD,2014,222.7,county_trend,153.43956043956035
IL_MERCER,2014,193.5,county_trend,176.57912087912086
IL_MONROE,2014,181.4,county_trend,124.02197802197804
IL_MONTGOMERY,2014,205.1,county_trend,142.28681318681325
IL_MORGAN,2014,223.3,county_trend,161.16373626373633
IL_MOULTRIE,2014,223.3,county_trend,163.0505494505495
IL_OGLE,2014,193.4,county_trend,182.3747252747253
IL_PEORIA,2014,208.1,county_trend,177.3175824175824
IL_PERRY,2014,146.1,county_trend,107.50219780219778
IL_PIATT,2014,235.2,county_trend,168.7945054945055
IL_PIKE,2014,199.5,county_trend,137.767032967033
IL_POPE,2014,160.1,county_trend,83.5184100418411
IL_PULASKI,2014,177.7,county_trend,141.64945054945056
IL_PUTNAM,2014,194.8,county_trend,188.20876085240718
IL_RANDOLPH,2014,181.4,county_trend,105.71208791208787
IL_RICHLAND,2014,181.1,county_trend,115.70109890109893
IL_ROCK_ISLAND,2014,185.8,county_trend,185.07588792423036
IL_SALINE,2014,176.7,county_trend,137.10879120879122
IL_SANGAMON,2014,226.8,county_trend,172.30329670329675
IL_SCHUYLER,2014,204.1,county_trend,138.31428571428572
IL_SCOTT,2014,201.7,county_trend,149.74285714285716
IL_SHELBY,2014,206.4,county_trend,150.2494505494506
IL_STARK,2014,207.1,county_trend,181.25164835164836
IL_STEPHENSON,2014,192.6,county_trend,172.19780219780222
IL_TAZEWELL,2014,224.4,county_trend,172.20439560439564
IL_UNION,2014,185.9,county_trend,123.80000000000003
IL_VERMILION,2014,204.0,county_trend,160.23956043956048
IL_WABASH,2014,180.0,county_trend,132.0934065934066
IL_WARREN,2014,216.1,county_trend,183.89450549450552
IL_WASHINGTON,2014,184.3,county_trend,121.31868131868133
IL_WAYNE,2014,184.8,county_trend,122.5131868131868
IL_WHITE,2014,196.4,county_trend,148.45054945054946
IL_WHITESIDE,2014,184.6,county_trend,172.72527472527474
IL_WILL,2014,178.6,county_trend,160.64505494505494
IL_WILLIAMSON,2014,161.6,county_trend,132.22307692307692
IL_WINNEBAGO,2014,190.4,county_trend,166.14835164835162
IL_WOODFORD,2014,217.5,county_trend,174.96483516483522
IN_ADAMS,2014,183.3,county_trend,153.19120879120885
IN_ALLEN,2014,185.8,county_trend,154.9373626373627
IN_BARTHOLOMEW,2014,200.3,county_trend,133.50549450549454
IN_BENTON,2014,202.4,county_trend,168.73406593406597
IN_BLACKFORD,2014,157.1,county_trend,157.36373626373629
IN_BOONE,2014,200.6,county_trend,159.29230769230776
IN_CARROLL,2014,205.3,county_trend,174.2681318681319
IN_CASS,2014,195.9,county_trend,160.09890109890114
IN_CLARK,2014,173.3,county_trend,124.85054945054947
IN_CLAY,2014,200.3,county_trend,128.03626373626375
IN_CLINTON,2014,214.1,county_trend,182.51648351648353
IN_DAVIESS,2014,210.2,county_trend,151.0461538461539
IN_DEARBORN,2014,165.9,county_trend,123.40659340659344
IN_DECATUR,2014,205.8,county_trend,144.0120879120879
IN_DELAWARE,2014,174.0,county_trend,148.3692307692308
IN_DUBOIS,2014,190.4,county_trend,144.8934065934066
IN_ELKHART,2014,182.0,county_trend,151.17763649962598
IN_FAYETTE,2014,187.4,county_trend,139.34945054945058
IN_FLOYD,2014,152.1,county_trend,39.67142857142855
IN_FOUNTAIN,2014,204.8,county_trend,165.5439560439561
IN_FRANKLIN,2014,194.1,county_trend,145.03956043956043
IN_FULTON,2014,177.9,county_trend,167.13846153846154
IN_GIBSON,2014,195.3,county_trend,143.09124906507094
IN_GRANT,2014,185.0,county_trend,174.51067193675883
IN_GREENE,2014,186.0,county_trend,137.02657342657338
IN_HAMILTON,2014,197.3,county_trend,157.2153846153846
IN_HANCOCK,2014,188.6,county_trend,147.82087912087917
IN_HARRISON,2014,178.0,county_trend,119.99340659340663
IN_HENDRICKS,2014,198.5,county_trend,138.28131868131874
IN_HENRY,2014,192.9,county_trend,143.75604395604387
IN_HOWARD,2014,200.6,county_trend,175.99120879120875
IN_HUNTINGTON,2014,185.4,county_trend,161.41758241758245
IN_JACKSON,2014,171.5,county_trend,121.77472527472526
IN_JASPER,2014,174.2,county_trend,171.15054945054948
IN_JAY,2014,169.1,county_trend,140.28901098901093
IN_JEFFERSON,2014,188.0,county_trend,106.98463925523662
IN_JENNINGS,2014,186.6,county_trend,126.62747252747253
IN_JOHNSON,2014,186.9,county_trend,126.05384615384618
IN_KNOX,2014,194.2,county_trend,146.32483171278975
IN_KOSCIUSKO,2014,173.5,county_trend,155.82967032967036
IN_LAGRANGE,2014,151.2,county_trend,134.46813186813193
IN_LAKE,2014,167.4,county_trend,168.03516483516484
IN_LAWRENCE,2014,190.4,county_trend,116.99010989010979
IN_MADISON,2014,196.4,county_trend,162.3802197802198
IN_MARION,2014,178.5,county_trend,148.67727272727276
IN_MARSHALL,2014,183.3,county_trend,153.86923076923082
IN_MARTIN,2014,188.5,county_trend,124.24835164835156
IN_MIAMI,2014,176.5,county_trend,158.41648351648354
IN_MONROE,2014,180.6,county_trend,128.25824175824178
IN_MONTGOMERY,2014,205.3,county_trend,170.47802197802204
IN_MORGAN,2014,197.0,county_trend,124.54065934065935
IN_NEWTON,2014,185.1,county_trend,172.00769230769234
IN_NOBLE,2014,168.8,county_trend,142.85164835164835
IN_ORANGE,2014,196.9,county_trend,132.97692307692307
IN_PERRY,2014,172.5,county_trend,152.00466200466195
IN_PIKE,2014,170.7,county_trend,134.49199700822726
IN_PORTER,2014,177.1,county_trend,176.86593406593408
IN_POSEY,2014,197.3,county_trend,148.41538461538462
IN_PULASKI,2014,155.7,county_trend,156.74505494505496
IN_PUTNAM,2014,198.6,county_trend,142.34835164835164
IN_RANDOLPH,2014,179.6,county_trend,147.0120879120879
IN_RIPLEY,2014,178.3,county_trend,135.64505494505497
IN_RUSH,2014,197.3,county_trend,149.12637362637363
IN_SCOTT,2014,190.7,county_trend,135.44065934065938
IN_SHELBY,2014,187.9,county_trend,129.59230769230768
IN_SPENCER,2014,174.0,county_trend,143.60989010989013
IN_ST._JOSEPH,2014,160.8,county_trend,159.1197802197802
IN_STARKE,2014,156.3,county_trend,142.77472527472528
IN_STEUBEN,2014,160.5,county_trend,117.53516483516478
IN_SULLIVAN,2014,196.0,county_trend,166.856993006993
IN_TIPPECANOE,2014,206.6,county_trend,167.86043956043957
IN_TIPTON,2014,214.9,county_trend,184.14395604395605
IN_UNION,2014,200.0,county_trend,165.22967032967037
IN_VANDERBURGH,2014,188.0,county_trend,139.2824175824176
IN_VERMILLION,2014,213.6,county_trend,155.02197802197804
IN_WABASH,2014,181.0,county_trend,159.41937172774854
IN_WARREN,2014,209.5,county_trend,167.49230769230772
IN_WARRICK,2014,175.4,county_trend,136.910989010989
IN_WASHINGTON,2014,180.0,county_trend,121.67802197802197
IN_WAYNE,2014,185.2,county_trend,140.59780219780222
IN_WELLS,2014,189.9,county_trend,152.93186813186807
IN_WHITE,2014,194.2,county_trend,169.03076923076927
IN_WHITLEY,2014,183.1,county_trend,143.93076923076927
MI_ARENAC,2014,155.4,county_trend,156.86043956043954
MI_BARRY,2014,151.6,county_trend,151.42637362637367
MI_BAY,2014,164.4,county_trend,170.06593406593416
MI_BERRIEN,2014,176.4,county_trend,161.41318681318683
MI_BRANCH,2014,167.2,county_trend,144.49780219780223
MI_CALHOUN,2014,158.6,county_trend,136.85934065934063
MI_CASS,2014,172.0,county_trend,168.84725274725272
MI_CLINTON,2014,163.4,county_trend,152.99780219780223
MI_EATON,2014,176.5,county_trend,152.76153846153846
MI_GENESEE,2014,142.5,county_trend,147.3087912087912
MI_GRATIOT,2014,153.5,county_trend,162.28241758241762
MI_HILLSDALE,2014,155.0,county_trend,148.11648351648356
MI_HURON,2014,172.3,county_trend,182.54945054945057
MI_INGHAM,2014,175.9,county_trend,152.5428571428572
MI_IONIA,2014,161.4,county_trend,161.74615384615382
MI_JACKSON,2014,155.6,county_trend,131.42307692307693
MI_KALAMAZOO,2014,188.7,county_trend,165.1307692307693
MI_KENT,2014,146.8,county_trend,153.96813186813182
MI_LAPEER,2014,149.1,county_trend,154.52307692307693
MI_LENAWEE,2014,174.7,county_trend,154.53626373626375
MI_LIVINGSTON,2014,171.4,county_trend,147.10439560439565
MI_MACOMB,2014,160.2,county_trend,166.21318681318684
MI_MIDLAND,2014,168.9,county_trend,166.51538461538462
MI_MONROE,2014,175.4,county_trend,149.21538461538464
MI_MONTCALM,2014,149.3,county_trend,149.04945054945054
MI_MUSKEGON,2014,132.7,county_trend,144.2921123899797
MI_NEWAYGO,2014,119.4,county_trend,134.80000000000004
MI_OAKLAND,2014,139.3,county_trend,142.96105527638196
MI_OCEANA,2014,123.3,county_trend,138.09278688524594
MI_OTTAWA,2014,152.3,county_trend,145.54945054945054
MI_SAGINAW,2014,171.6,county_trend,161.9076923076923
MI_SANILAC,2014,171.3,county_trend,175.10549450549453
MI_SHIAWASSEE,2014,156.4,county_trend,155.30219780219787
MI_TUSCOLA,2014,178.5,county_trend,172.21978021978026
MI_WASHTENAW,2014,172.2,county_trend,134.50659340659342
MI_WAYNE,2014,150.0,county_trend,125.9422110552764
MN_BLUE_EARTH,2014,158.2,county_trend,186.2571428571429
MN_BROWN,2014,168.2,county_trend,178.7956043956044
MN_CHIPPEWA,2014,164.4,county_trend,176.24945054945056
MN_FILLMORE,2014,176.1,county_trend,186.1857142857143
MN_GOODHUE,2014,182.0,county_trend,191.9054945054945
MN_HOUSTON,2014,169.4,county_trend,176.74725274725276
MN_MARTIN,2014,168.4,county_trend,191.24065934065936
MN_MURRAY,2014,158.7,county_trend,181.7516483516484
MN_NICOLLET,2014,154.3,county_trend,174.87032967032965
MN_NOBLES,2014,157.2,county_trend,183.74615384615387
MN_PIPESTONE,2014,145.8,county_trend,166.97362637362642
MN_REDWOOD,2014,165.8,county_trend,176.05824175824176
MN_RENVILLE,2014,150.9,county_trend,176.84285714285718
MN_ROCK,2014,155.0,county_trend,186.6197802197802
MN_WABASHA,2014,178.3,county_trend,188.70439560439567
MN_WINONA,2014,175.6,county_trend,185.29120879120882
MN_YELLOW_MEDICINE,2014,153.6,county_trend,167.07142857142856
MO_ADAIR,2014,179.5,county_trend,95.6054945054945
MO_ANDREW,2014,171.9,county_trend,117.19154824233347
MO_ATCHISON,2014,192.2,county_trend,158.57032967032967
MO_AUDRAIN,2014,185.5,county_trend,101.44175824175827
MO_BARTON,2014,178.9,county_trend,83.39230769230761
MO_BOONE,2014,187.8,county_trend,100.1
MO_BUTLER,2014,174.2,county_trend,149.52527472527464
MO_CALDWELL,2014,184.7,county_trend,92.97472527472526
MO_CALLAWAY,2014,183.9,county_trend,115.1868131868132
MO_CAPE_GIRARDEAU,2014,157.6,county_trend,129.0846153846154
MO_CASS,2014,179.1,county_trend,92.55054945054948
MO_CHARITON,2014,187.8,county_trend,105.30219780219781
MO_CLAY,2014,182.8,county_trend,131.9417582417583
MO_CLINTON,2014,183.6,county_trend,126.29120879120883
MO_COLE,2014,178.3,county_trend,128.46593406593408
MO_DADE,2014,167.3,county_trend,80.59010989010989
MO_DAVIESS,2014,176.9,county_trend,129.51235431235426
MO_FRANKLIN,2014,173.0,county_trend,118.73076923076927
MO_GASCONADE,2014,159.7,county_trend,109.31208791208795
MO_HENRY,2014,162.1,county_trend,69.2956043956044
MO_HOLT,2014,201.0,county_trend,163.71648351648355
MO_JEFFERSON,2014,126.8,county_trend,113.52197802197806
MO_JOHNSON,2014,185.9,county_trend,107.1835164835165
MO_KNOX,2014,194.5,county_trend,89.83426573426581
MO_LAFAYETTE,2014,209.7,county_trend,140.99560439560443
MO_LAWRENCE,2014,144.6,county_trend,89.37120418848158
MO_LEWIS,2014,183.0,county_trend,86.86043956043956
MO_MARION,2014,181.4,county_trend,105.50659340659331
MO_MISSISSIPPI,2014,196.4,county_trend,164.9461538461539
MO_MONROE,2014,187.2,county_trend,88.02417582417581
MO_MORGAN,2014,147.3,county_trend,91.06043956043958
MO_NEW_MADRID,2014,197.6,county_trend,172.378021978022
MO_NODAWAY,2014,194.3,county_trend,123.83406593406598
MO_PEMISCOT,2014,179.2,county_trend,166.19005235602083
MO_PERRY,2014,169.8,county_trend,122.41648351648355
MO_PETTIS,2014,187.5,county_trend,98.31648351648354
MO_PIKE,2014,192.9,county_trend,115.96373626373631
MO_RANDOLPH,2014,171.9,county_trend,96.90590875093486
MO_RAY,2014,191.3,county_trend,128.9329670329671
MO_SALINE,2014,207.2,county_trend,138.20769230769233
MO_SCOTLAND,2014,179.6,county_trend,95.47643979057582
MO_SHELBY,2014,184.0,county_trend,86.19560439560438
MO_STODDARD,2014,190.2,county_trend,157.77802197802202
MO_SULLIVAN,2014,162.7,county_trend,87.93186813186814
MO_WARREN,2014,187.6,county_trend,113.71208791208792
MO_WORTH,2014,190.4,county_trend,100.81098901098902
OH_ADAMS,2014,143.3,county_trend,129.7879120879121
OH_ALLEN,2014,179.1,county_trend,156.13736263736266
OH_ASHLAND,2014,149.7,county_trend,154.9681318681319
OH_ASHTABULA,2014,150.0,county_trend,148.36263736263734
OH_AUGLAIZE,2014,178.2,county_trend,153.09450549450548
OH_BELMONT,2014,130.0,county_trend,110.78347639484969
OH_BROWN,2014,171.7,county_trend,155.0747252747253
OH_BUTLER,2014,175.4,county_trend,133.9472527472528
OH_CHAMPAIGN,2014,180.9,county_trend,168.2824175824176
OH_CLARK,2014,195.0,county_trend,173.82857142857148
OH_CLERMONT,2014,180.0,county_trend,152.43846153846147
OH_CLINTON,2014,199.4,county_trend,173.11208791208793
OH_COLUMBIANA,2014,163.0,county_trend,159.92747252747256
OH_COSHOCTON,2014,165.8,county_trend,153.53406593406598
OH_CRAWFORD,2014,183.5,county_trend,172.56263736263736
OH_DARKE,2014,183.8,county_trend,147.7714285714286
OH_DEFIANCE,2014,184.5,county_trend,132.76043956043958
OH_DELAWARE,2014,154.4,county_trend,167.02857142857144
OH_ERIE,2014,159.3,county_trend,168.96483516483516
OH_FAIRFIELD,2014,177.9,county_trend,157.72637362637366
OH_FAYETTE,2014,185.5,county_trend,165.31069558713529
OH_FRANKLIN,2014,173.2,county_trend,176.1051383399208
OH_FULTON,2014,183.2,county_trend,165.56703296703304
OH_GREENE,2014,191.5,county_trend,180.15604395604402
OH_GUERNSEY,2014,166.3,county_trend,138.8578397212544
OH_HAMILTON,2014,197.9,county_trend,136.66483516483507
OH_HANCOCK,2014,193.2,county_trend,165.9758241758242
OH_HARDIN,2014,167.8,county_trend,166.29890109890115
OH_HARRISON,2014,151.9,county_trend,138.58804920913877
OH_HENRY,2014,190.9,county_trend,155.37252747252748
OH_HIGHLAND,2014,178.5,county_trend,158.22967032967037
OH_HOCKING,2014,170.0,county_trend,141.10871080139373
OH_HOLMES,2014,158.0,county_trend,159.22197802197803
OH_HURON,2014,154.9,county_trend,170.8549450549451
OH_KNOX,2014,156.3,county_trend,159.14505494505497
OH_LICKING,2014,153.5,county_trend,157.9868131868132
OH_LOGAN,2014,165.2,county_trend,166.4296703296704
OH_LORAIN,2014,159.9,county_trend,155.47252747252753
OH_LUCAS,2014,179.7,county_trend,167.067032967033
OH_MADISON,2014,170.6,county_trend,175.17142857142855
OH_MAHONING,2014,149.7,county_trend,154.88681318681316
OH_MARION,2014,171.7,county_trend,168.44725274725278
OH_MEDINA,2014,157.0,county_trend,150.09230769230768
OH_MERCER,2014,193.8,county_trend,151.35714285714295
OH_MIAMI,2014,179.4,county_trend,157.60549450549453
OH_MONTGOMERY,2014,187.1,county_trend,136.1923076923077
OH_MORGAN,2014,156.1,county_trend,131.26373626373632
OH_MORROW,2014,153.9,county_trend,162.0714285714286
OH_MUSKINGUM,2014,155.2,county_trend,161.9637362637363
OH_NOBLE,2014,156.3,county_trend,126.5053082191781
OH_OTTAWA,2014,160.3,county_trend,168.13076923076926
OH_PAULDING,2014,191.7,county_trend,143.4604395604396
OH_PERRY,2014,154.9,county_trend,152.36593406593408
OH_PICKAWAY,2014,179.5,county_trend,151.8131868131868
OH_PIKE,2014,166.2,county_trend,171.024094281973
OH_PORTAGE,2014,152.3,county_trend,143.58641114982578
OH_PREBLE,2014,186.1,county_trend,141.92967032967036
OH_PUTNAM,2014,196.2,county_trend,160.0527472527473
OH_RICHLAND,2014,167.9,county_trend,155.60879120879125
OH_ROSS,2014,173.6,county_trend,166.50501183898967
OH_SANDUSKY,2014,183.9,county_trend,164.6406593406595
OH_SENECA,2014,168.4,county_trend,155.63516483516486
OH_SHELBY,2014,173.8,county_trend,161.6769230769231
OH_TRUMBULL,2014,159.0,county_trend,164.22967032967034
OH_TUSCARAWAS,2014,154.4,county_trend,156.70549450549456
OH_UNION,2014,163.8,county_trend,169.58351648351655
OH_VAN_WERT,2014,192.2,county_trend,152.12197802197804
OH_WARREN,2014,184.4,county_trend,161.65824175824176
OH_WAYNE,2014,164.1,county_trend,156.1604395604396
OH_WILLIAMS,2014,171.9,county_trend,146.89010989010987
OH_WOOD,2014,182.2,county_trend,166.72747252747257
OH_WYANDOT,2014,170.9,county_trend,165.92637362637367
WI_ADAMS,2014,130.3,county_trend,139.44065934065938
WI_BUFFALO,2014,148.3,county_trend,154.81208791208795
WI_COLUMBIA,2014,166.2,county_trend,152.57582417582418
WI_CRAWFORD,2014,154.0,county_trend,149.61648351648356
WI_DANE,2014,180.7,county_trend,161.23736263736265
WI_DODGE,2014,166.0,county_trend,163.3153846153847
WI_DUNN,2014,140.8,county_trend,141.35604395604398
WI_EAU_CLAIRE,2014,149.2,county_trend,141.73186813186817
WI_FOND_DU_LAC,2014,164.8,county_trend,163.71648351648355
WI_GRANT,2014,176.3,county_trend,165.26263736263735
WI_GREEN,2014,177.4,county_trend,151.65054945054948
WI_GREEN_LAKE,2014,169.7,county_trend,143.8065934065934
WI_IOWA,2014,186.7,county_trend,161.99560439560443
WI_JACKSON,2014,149.5,county_trend,140.54615384615383
WI_JEFFERSON,2014,163.4,county_trend,156.9054945054945
WI_JUNEAU,2014,147.9,county_trend,132.46153846153845
WI_KENOSHA,2014,174.9,county_trend,163.1626373626374
WI_LAFAYETTE,2014,182.4,county_trend,153.99120879120886
WI_LA_CROSSE,2014,167.1,county_trend,159.52527472527473
WI_MARINETTE,2014,112.4,county_trend,131.0186813186813
WI_MARQUETTE,2014,143.2,county_trend,111.46043956043957
WI_MILWAUKEE,2014,126.4,county_trend,128.45023890784975
WI_MONROE,2014,147.2,county_trend,138.93186813186819
WI_OCONTO,2014,116.2,county_trend,147.32417582417585
WI_OUTAGAMIE,2014,133.7,county_trend,152.35164835164838
WI_OZAUKEE,2014,143.3,county_trend,155.17441860465118
WI_PEPIN,2014,147.7,county_trend,152.66263736263733
WI_PORTAGE,2014,153.7,county_trend,142.78681318681322
WI_RACINE,2014,172.7,county_trend,161.04065934065935
WI_RICHLAND,2014,155.1,county_trend,141.81758241758243
WI_ROCK,2014,184.1,county_trend,158.18791208791214
WI_SAUK,2014,154.5,county_trend,147.56703296703296
WI_SHEBOYGAN,2014,142.6,county_trend,148.91428571428574
WI_TREMPEALEAU,2014,158.3,county_trend,142.78241758241757
WI_VERNON,2014,159.2,county_trend,150.03626373626375
WI_WALWORTH,2014,187.4,county_trend,157.31648351648354
WI_WASHINGTON,2014,150.6,county_trend,138.56043956043962
WI_WAUKESHA,2014,169.9,county_trend,142.72197802197803
WI_WAUSHARA,2014,182.8,county_trend,148.77692307692314
WI_WINNEBAGO,2014,145.8,county_trend,143.9604395604396
IA_ADAIR,2014,169.3,ridge,191.73492363504116
IA_ADAMS,2014,169.9,ridge,193.4214503080578
IA_ALLAMAKEE,2014,175.6,ridge,202.14673570773272
IA_APPANOOSE,2014,170.9,ridge,191.7045985879006
IA_AUDUBON,2014,185.5,ridge,195.97116903902418
IA_BENTON,2014,185.4,ridge,198.2856667678219
IA_BLACK_HAWK,2014,165.2,ridge,201.168650580915
IA_BOONE,2014,180.9,ridge,194.80869857794914
IA_BREMER,2014,159.0,ridge,204.94815564595135
IA_BUCHANAN,2014,169.3,ridge,202.1057857323423
IA_BUENA_VISTA,2014,172.1,ridge,212.57075822663174
IA_BUTLER,2014,167.7,ridge,203.0784381800675
IA_CALHOUN,2014,189.6,ridge,202.12514822734204
IA_CARROLL,2014,188.6,ridge,198.37683171402745
IA_CASS,2014,173.7,ridge,193.0947046695004
IA_CEDAR,2014,184.1,ridge,197.26072810197067
IA_CERRO_GORDO,2014,168.3,ridge,207.2717555401606
IA_CHEROKEE,2014,183.6,ridge,214.3087909951015
IA_CHICKASAW,2014,157.6,ridge,206.51574898882302
IA_CLARKE,2014,162.2,ridge,191.2471653715142
IA_CLAY,2014,166.3,ridge,215.9420185493998
IA_CLAYTON,2014,176.7,ridge,200.5542781883699
IA_CLINTON,2014,197.0,ridge,196.81006451995765
IA_CRAWFORD,2014,183.0,ridge,198.2422695839665
IA_DALLAS,2014,195.5,ridge,191.33462292938165
IA_DAVIS,2014,184.2,ridge,189.50938676611548
IA_DECATUR,2014,164.0,ridge,192.43217057052874
IA_DELAWARE,2014,174.9,ridge,201.83963191682963
IA_DES_MOINES,2014,199.0,ridge,191.2788741985482
IA_DICKINSON,2014,157.9,ridge,217.70395922237367
IA_DUBUQUE,2014,184.9,ridge,198.5763858192488
IA_EMMET,2014,165.0,ridge,215.48877916682
IA_FAYETTE,2014,170.9,ridge,203.46625415172446
IA_FLOYD,2014,162.8,ridge,205.52261150663756
IA_FRANKLIN,2014,165.8,ridge,204.55103418565756
IA_FREMONT,2014,191.5,ridge,196.671111789604
IA_GREENE,2014,181.2,ridge,196.52548232714318
IA_GRUNDY,2014,182.4,ridge,200.77995144052326
IA_GUTHRIE,2014,176.1,ridge,193.95948708189866
IA_HAMILTON,2014,173.1,ridge,200.4993571298652
IA_HANCOCK,2014,173.9,ridge,209.63915755596946
IA_HARDIN,2014,166.3,ridge,199.9536119258308
IA_HARRISON,2014,161.1,ridge,195.0669583384052
IA_HENRY,2014,196.6,ridge,191.16993862377615
IA_HOWARD,2014,164.4,ridge,208.88638863946133
IA_HUMBOLDT,2014,176.9,ridge,208.8401568567027
IA_IDA,2014,189.9,ridge,205.4974252545828
IA_IOWA,2014,192.1,ridge,193.8938970334997
IA_JACKSON,2014,188.9,ridge,195.74693877393202
IA_JASPER,2014,191.5,ridge,193.58305440479853
IA_JEFFERSON,2014,200.9,ridge,191.11583194752095
IA_JOHNSON,2014,184.6,ridge,194.03870171254104
IA_JONES,2014,180.1,ridge,198.606204878363
IA_KEOKUK,2014,193.2,ridge,191.9166824823382
IA_KOSSUTH,2014,176.6,ridge,211.55296506683604
IA_LEE,2014,200.6,ridge,188.9186795806454
IA_LINN,2014,176.1,ridge,198.48222683214922
IA_LOUISA,2014,188.2,ridge,191.9138137905311
IA_LUCAS,2014,153.7,ridge,191.76671896391784
IA_LYON,2014,172.9,ridge,218.3431736366002
IA_MADISON,2014,171.4,ridge,189.0049550750313
IA_MAHASKA,2014,189.9,ridge,189.39173955489082
IA_MARION,2014,171.6,ridge,187.9637586854842
IA_MARSHALL,2014,190.5,ridge,196.63340075749738
IA_MILLS,2014,184.9,ridge,195.55992323737973
IA_MITCHELL,2014,175.1,ridge,208.06085289957855
IA_MONONA,2014,156.6,ridge,200.02035366214386
IA_MONROE,2014,175.7,ridge,189.87783085433995
IA_MONTGOMERY,2014,163.1,ridge,193.67969251986528
IA_MUSCATINE,2014,188.1,ridge,194.1319197016262
IA_OSCEOLA,2014,175.4,ridge,219.05359544172057
IA_PAGE,2014,182.4,ridge,195.53709541430112
IA_PALO_ALTO,2014,164.6,ridge,213.37381149240477
IA_PLYMOUTH,2014,187.3,ridge,216.2860912925417
IA_POCAHONTAS,2014,174.8,ridge,209.50859852561234
IA_POLK,2014,181.4,ridge,190.73693480307358
IA_POTTAWATTAMIE,2014,169.1,ridge,193.19663823878352
IA_POWESHIEK,2014,188.4,ridge,194.64955209909053
IA_RINGGOLD,2014,166.4,ridge,192.20183501537483
IA_SAC,2014,179.8,ridge,203.73260248529834
IA_SCOTT,2014,194.5,ridge,196.92448790626077
IA_SHELBY,2014,185.2,ridge,195.96349617169108
IA_SIOUX,2014,187.4,ridge,218.5289906409664
IA_STORY,2014,169.9,ridge,195.0964831639849
IA_TAMA,2014,182.7,ridge,197.15903953419996
IA_TAYLOR,2014,178.8,ridge,193.7991484705783
IA_UNION,2014,176.1,ridge,191.59270669889474
IA_VAN_BUREN,2014,192.2,ridge,188.8651184145919
IA_WAPELLO,2014,195.2,ridge,190.1502129328889
IA_WARREN,2014,169.9,ridge,188.67866570350702
IA_WASHINGTON,2014,191.3,ridge,192.2273538733373
IA_WAYNE,2014,171.9,ridge,192.46727365440103
IA_WEBSTER,2014,190.0,ridge,202.1378123806517
IA_WINNESHIEK,2014,174.0,ridge,204.47093177753908
IA_WOODBURY,2014,177.5,ridge,206.73996537272598
IA_WRIGHT,2014,169.4,ridge,207.41690266837395
IL_ADAMS,2014,202.4,ridge,183.09824388189767
IL_ALEXANDER,2014,192.8,ridge,176.91283546826423
IL_BOND,2014,182.1,ridge,193.26919236342437
IL_BOONE,2014,191.4,ridge,197.3477668367659
IL_BROWN,2014,196.6,ridge,188.1269403933956
IL_BUREAU,2014,196.0,ridge,189.2564701756764
IL_CALHOUN,2014,198.2,ridge,195.83821377451466
IL_CARROLL,2014,196.1,ridge,191.52092940316578
IL_CASS,2014,208.3,ridge,192.73026255714285
IL_CHAMPAIGN,2014,216.5,ridge,197.64375831635152
IL_CHRISTIAN,2014,217.8,ridge,201.1938919008532
IL_CLARK,2014,198.1,ridge,192.94859789772667
IL_CLAY,2014,173.1,ridge,189.049485400804
IL_CLINTON,2014,192.7,ridge,189.9486636799466
IL_COLES,2014,212.6,ridge,197.12979075881384
IL_CRAWFORD,2014,184.7,ridge,190.16740224030124
IL_CUMBERLAND,2014,196.1,ridge,195.28054349768965
IL_DE_WITT,2014,221.0,ridge,196.92787985630102
IL_DOUGLAS,2014,224.0,ridge,199.18402573965548
IL_EDGAR,2014,201.5,ridge,195.4215703519519
IL_EFFINGHAM,2014,196.4,ridge,193.53438531526615
IL_FAYETTE,2014,180.3,ridge,193.97548559149465
IL_FORD,2014,201.1,ridge,195.5513399711195
IL_FRANKLIN,2014,160.3,ridge,180.37870825662696
IL_FULTON,2014,198.2,ridge,187.40528274714762
IL_GALLATIN,2014,187.6,ridge,179.9452676473556
IL_GREENE,2014,198.8,ridge,194.80289580686207
IL_GRUNDY,2014,205.1,ridge,191.19960299165194
IL_HANCOCK,2014,218.5,ridge,187.03595964904542
IL_HENDERSON,2014,207.9,ridge,190.70291984859725
IL_HENRY,2014,194.2,ridge,192.23238198256917
IL_IROQUOIS,2014,186.2,ridge,197.01200159128172
IL_JACKSON,2014,169.2,ridge,179.2382819857626
IL_JASPER,2014,185.4,ridge,191.6798184450914
IL_JEFFERSON,2014,165.2,ridge,184.60682150079674
IL_JERSEY,2014,199.9,ridge,195.97808528269437
IL_JOHNSON,2014,142.3,ridge,173.96774305191093
IL_JO_DAVIESS,2014,183.2,ridge,191.20174532272824
IL_KANE,2014,185.6,ridge,193.5985411235501
IL_KANKAKEE,2014,174.3,ridge,195.79610870785552
IL_KNOX,2014,201.4,ridge,190.27997683835036
IL_LAKE,2014,151.2,ridge,189.02957143991574
IL_LAWRENCE,2014,177.4,ridge,188.33820907407605
IL_LEE,2014,181.6,ridge,191.89223067944795
IL_LIVINGSTON,2014,211.6,ridge,193.45279280876815
IL_LOGAN,2014,230.8,ridge,196.51671523370882
IL_MACON,2014,236.0,ridge,199.69267768229827
IL_MACOUPIN,2014,199.5,ridge,198.3791897645064
IL_MADISON,2014,191.6,ridge,193.81839709428215
IL_MARION,2014,183.8,ridge,189.96540302800847
IL_MARSHALL,2014,207.3,ridge,186.8448863506198
IL_MASON,2014,195.7,ridge,192.22241865416726
IL_MASSAC,2014,163.2,ridge,174.18261368242017
IL_MCDONOUGH,2014,211.6,ridge,189.19119688554622
IL_MCHENRY,2014,184.3,ridge,192.98873710742498
IL_MCLEAN,2014,218.3,ridge,193.91038281231585
IL_MENARD,2014,222.7,ridge,194.0699488920268
IL_MERCER,2014,193.5,ridge,192.84227853866008
IL_MONROE,2014,181.4,ridge,189.42696331261138
IL_MONTGOMERY,2014,205.1,ridge,199.47957887487246
IL_MORGAN,2014,223.3,ridge,195.3192494181155
IL_MOULTRIE,2014,223.3,ridge,200.55359878335378
IL_OGLE,2014,193.4,ridge,192.68145003688295
IL_PEORIA,2014,208.1,ridge,187.0541368799942
IL_PERRY,2014,146.1,ridge,183.3489992711747
IL_PIATT,2014,235.2,ridge,198.70968629663668
IL_PIKE,2014,199.5,ridge,187.25307886065062
IL_POPE,2014,160.1,ridge,174.39619885944663
IL_PULASKI,2014,177.7,ridge,175.28852507598623
IL_PUTNAM,2014,194.8,ridge,184.2483993384833
IL_RANDOLPH,2014,181.4,ridge,184.03140717516084
IL_RICHLAND,2014,181.1,ridge,188.53194804400997
IL_ROCK_ISLAND,2014,185.8,ridge,191.93421890507437
IL_SALINE,2014,176.7,ridge,178.60042517991278
IL_SANGAMON,2014,226.8,ridge,199.14464124686856
IL_SCHUYLER,2014,204.1,ridge,187.25828414222565
IL_SCOTT,2014,201.7,ridge,192.68861686850465
IL_SHELBY,2014,206.4,ridge,198.53525702465308
IL_STARK,2014,207.1,ridge,191.24441129643847
IL_STEPHENSON,2014,192.6,ridge,195.245185183742
IL_TAZEWELL,2014,224.4,ridge,188.80142220730443
IL_UNION,2014,185.9,ridge,175.47094367194967
IL_VERMILION,2014,204.0,ridge,196.64975809074156
IL_WABASH,2014,180.0,ridge,185.80933026585103
IL_WARREN,2014,216.1,ridge,191.78160294379123
IL_WASHINGTON,2014,184.3,ridge,185.73324870096337
IL_WAYNE,2014,184.8,ridge,185.4354143906379
IL_WHITE,2014,196.4,ridge,182.85060624085682
IL_WHITESIDE,2014,184.6,ridge,191.0239959455854
IL_WILL,2014,178.6,ridge,194.9395891585273
IL_WILLIAMSON,2014,161.6,ridge,177.43548676065117
IL_WINNEBAGO,2014,190.4,ridge,195.45637101060623
IL_WOODFORD,2014,217.5,ridge,189.1411484965352
IN_ADAMS,2014,183.3,ridge,191.6951336986537
IN_ALLEN,2014,185.8,ridge,195.02659543197797
IN_BARTHOLOMEW,2014,200.3,ridge,175.83754755636835
IN_BENTON,2014,202.4,ridge,195.9902716826995
IN_BLACKFORD,2014,157.1,ridge,191.09367674497008
IN_BOONE,2014,200.6,ridge,189.8986708652584
IN_CARROLL,2014,205.3,ridge,192.85213083930478
IN_CASS,2014,195.9,ridge,192.796498635563
IN_CLARK,2014,173.3,ridge,167.56365992772695
IN_CLAY,2014,200.3,ridge,184.80069691108613
IN_CLINTON,2014,214.1,ridge,191.97540589212161
IN_DAVIESS,2014,210.2,ridge,179.2921237364684
IN_DEARBORN,2014,165.9,ridge,167.03888054356491
IN_DECATUR,2014,205.8,ridge,177.77375673040717
IN_DELAWARE,2014,174.0,ridge,189.094395024315
IN_DUBOIS,2014,190.4,ridge,170.04382324052852
IN_ELKHART,2014,182.0,ridge,197.2383408382555
IN_FAYETTE,2014,187.4,ridge,180.99780779565918
IN_FLOYD,2014,152.1,ridge,167.55918973730704
IN_FOUNTAIN,2014,204.8,ridge,189.1703144384898
IN_FRANKLIN,2014,194.1,ridge,173.96058997331022
IN_FULTON,2014,177.9,ridge,195.28339656478477
IN_GIBSON,2014,195.3,ridge,178.27466823459744
IN_GRANT,2014,185.0,ridge,191.1115076808214
IN_GREENE,2014,186.0,ridge,182.59010840852994
IN_HAMILTON,2014,197.3,ridge,188.61983970443416
IN_HANCOCK,2014,188.6,ridge,185.2132769501906
IN_HARRISON,2014,178.0,ridge,170.0975029850487
IN_HENDRICKS,2014,198.5,ridge,186.18436473389332
IN_HENRY,2014,192.9,ridge,186.41297652695525
IN_HOWARD,2014,200.6,ridge,192.0027286864109
IN_HUNTINGTON,2014,185.4,ridge,192.45783969398224
IN_JACKSON,2014,171.5,ridge,172.06339738257745
IN_JASPER,2014,174.2,ridge,191.22639588348594
IN_JAY,2014,169.1,ridge,190.21891951952898
IN_JEFFERSON,2014,188.0,ridge,169.55880216652605
IN_JENNINGS,2014,186.6,ridge,172.9113895208943
IN_JOHNSON,2014,186.9,ridge,180.8053560698204
IN_KNOX,2014,194.2,ridge,180.8875681329592
IN_KOSCIUSKO,2014,173.5,ridge,196.36621986589844
IN_LAGRANGE,2014,151.2,ridge,197.65632585600238
IN_LAKE,2014,167.4,ridge,194.62978529282537
IN_LAWRENCE,2014,190.4,ridge,173.9157433818452
IN_MADISON,2014,196.4,ridge,189.06303948577755
IN_MARION,2014,178.5,ridge,185.7384804325522
IN_MARSHALL,2014,183.3,ridge,197.94401831419327
IN_MARTIN,2014,188.5,ridge,172.7039598116259
IN_MIAMI,2014,176.5,ridge,192.8226314404894
IN_MONROE,2014,180.6,ridge,179.31479949548003
IN_MONTGOMERY,2014,205.3,ridge,191.23802555018102
IN_MORGAN,2014,197.0,ridge,182.81529238851468
IN_NEWTON,2014,185.1,ridge,190.12767392739315
IN_NOBLE,2014,168.8,ridge,196.11990456821593
IN_ORANGE,2014,196.9,ridge,170.3249712649499
IN_PERRY,2014,172.5,ridge,165.97534800497428
IN_PIKE,2014,170.7,ridge,176.54380275339088
IN_PORTER,2014,177.1,ridge,192.2762943463739
IN_POSEY,2014,197.3,ridge,176.00380041363545
IN_PULASKI,2014,155.7,ridge,188.79611481616678
IN_PUTNAM,2014,198.6,ridge,186.93577923236256
IN_RANDOLPH,2014,179.6,ridge,188.15108501584962
IN_RIPLEY,2014,178.3,ridge,172.37670592177025
IN_RUSH,2014,197.3,ridge,182.67647619179058
IN_SCOTT,2014,190.7,ridge,170.68313764942573
IN_SHELBY,2014,187.9,ridge,182.49223103638906
IN_SPENCER,2014,174.0,ridge,168.7583746345332
IN_ST._JOSEPH,2014,160.8,ridge,197.7598173121254
IN_STARKE,2014,156.3,ridge,189.0491806197789
IN_STEUBEN,2014,160.5,ridge,197.08333971383408
IN_SULLIVAN,2014,196.0,ridge,182.83226706821125
IN_TIPPECANOE,2014,206.6,ridge,193.4918933419178
IN_TIPTON,2014,214.9,ridge,190.76571084235565
IN_UNION,2014,200.0,ridge,178.19172354070818
IN_VANDERBURGH,2014,188.0,ridge,174.0848165037289
IN_VERMILLION,2014,213.6,ridge,186.5475603066219
IN_WABASH,2014,181.0,ridge,193.5518712423621
IN_WARREN,2014,209.5,ridge,193.05181750976777
IN_WARRICK,2014,175.4,ridge,171.12966705740945
IN_WASHINGTON,2014,180.0,ridge,170.9228654316441
IN_WAYNE,2014,185.2,ridge,182.78681311391085
IN_WELLS,2014,189.9,ridge,192.43804631611295
IN_WHITE,2014,194.2,ridge,192.4509376689187
IN_WHITLEY,2014,183.1,ridge,194.88109387414616
MI_ARENAC,2014,155.4,ridge,169.49148343680082
MI_BARRY,2014,151.6,ridge,161.3879864796498
MI_BAY,2014,164.4,ridge,173.94952908751202
MI_BERRIEN,2014,176.4,ridge,162.5255826255171
MI_BRANCH,2014,167.2,ridge,169.45430843921687
MI_CALHOUN,2014,158.6,ridge,166.43242335253737
MI_CASS,2014,172.0,ridge,168.44153430106488
MI_CLINTON,2014,163.4,ridge,161.5695215528848
MI_EATON,2014,176.5,ridge,162.14715194969932
MI_GENESEE,2014,142.5,ridge,166.0051424705841
MI_GRATIOT,2014,153.5,ridge,165.8622027554988
MI_HILLSDALE,2014,155.0,ridge,167.6436721660272
MI_HURON,2014,172.3,ridge,174.451828425001
MI_INGHAM,2014,175.9,ridge,161.83411572269944
MI_IONIA,2014,161.4,ridge,166.47084641216884
MI_JACKSON,2014,155.6,ridge,164.66231563238475
MI_KALAMAZOO,2014,188.7,ridge,166.64788539458846
MI_KENT,2014,146.8,ridge,168.3806264057711
MI_LAPEER,2014,149.1,ridge,163.79869338926022
MI_LENAWEE,2014,174.7,ridge,165.48275784400823
MI_LIVINGSTON,2014,171.4,ridge,160.65612875232836
MI_MACOMB,2014,160.2,ridge,163.8299745377603
MI_MIDLAND,2014,168.9,ridge,172.72767741883882
MI_MONROE,2014,175.4,ridge,153.894940686136
MI_MONTCALM,2014,149.3,ridge,175.0431041055466
MI_MUSKEGON,2014,132.7,ridge,175.04192605797212
MI_NEWAYGO,2014,119.4,ridge,179.47701631122015
MI_OAKLAND,2014,139.3,ridge,161.8650289355836
MI_OCEANA,2014,123.3,ridge,181.8850693208255
MI_OTTAWA,2014,152.3,ridge,167.4441823434807
MI_SAGINAW,2014,171.6,ridge,173.92321931892397
MI_SANILAC,2014,171.3,ridge,169.4313267503687
MI_SHIAWASSEE,2014,156.4,ridge,164.44565488356588
MI_TUSCOLA,2014,178.5,ridge,168.913673470393
MI_WASHTENAW,2014,172.2,ridge,160.0000285648938
MI_WAYNE,2014,150.0,ridge,157.3176832720148
MN_BLUE_EARTH,2014,158.2,ridge,210.46203937215333
MN_BROWN,2014,168.2,ridge,211.54876865825372
MN_CHIPPEWA,2014,164.4,ridge,206.67495639368315
MN_FILLMORE,2014,176.1,ridge,209.9973613422817
MN_GOODHUE,2014,182.0,ridge,205.84398350748396
MN_HOUSTON,2014,169.4,ridge,205.55023013166334
MN_MARTIN,2014,168.4,ridge,215.3503466811557
MN_MURRAY,2014,158.7,ridge,209.74017495834005
MN_NICOLLET,2014,154.3,ridge,209.24518967434983
MN_NOBLES,2014,157.2,ridge,213.50799845856906
MN_PIPESTONE,2014,145.8,ridge,211.45420430055617
MN_REDWOOD,2014,165.8,ridge,216.3730284641117
MN_RENVILLE,2014,150.9,ridge,214.3741506972443
MN_ROCK,2014,155.0,ridge,213.73551522268335
MN_WABASHA,2014,178.3,ridge,203.6809933465505
MN_WINONA,2014,175.6,ridge,204.58118352813386
MN_YELLOW_MEDICINE,2014,153.6,ridge,206.6019551289521
MO_ADAIR,2014,179.5,ridge,159.32094290086116
MO_ANDREW,2014,171.9,ridge,165.29779028203868
MO_ATCHISON,2014,192.2,ridge,170.72963108296463
MO_AUDRAIN,2014,185.5,ridge,163.6844683497718
MO_BARTON,2014,178.9,ridge,154.89731502807734
MO_BOONE,2014,187.8,ridge,159.10673446558772
MO_BUTLER,2014,174.2,ridge,170.5920624330693
MO_CALDWELL,2014,184.7,ridge,162.21191371807447
MO_CALLAWAY,2014,183.9,ridge,163.98633864989662
MO_CAPE_GIRARDEAU,2014,157.6,ridge,160.76254484418882
MO_CASS,2014,179.1,ridge,166.5056821023776
MO_CHARITON,2014,187.8,ridge,159.08263834976148
MO_CLAY,2014,182.8,ridge,165.52456015783807
MO_CLINTON,2014,183.6,ridge,164.7201458831433
MO_COLE,2014,178.3,ridge,164.5714472709462
MO_DADE,2014,167.3,ridge,153.3151468802763
MO_DAVIESS,2014,176.9,ridge,161.6106971798655
MO_FRANKLIN,2014,173.0,ridge,175.33947061258894
MO_GASCONADE,2014,159.7,ridge,171.65065310410802
MO_HENRY,2014,162.1,ridge,158.56538920921463
MO_HOLT,2014,201.0,ridge,167.81429121674955
MO_JEFFERSON,2014,126.8,ridge,172.3666011163428
MO_JOHNSON,2014,185.9,ridge,163.28595878831212
MO_KNOX,2014,194.5,ridge,159.83061883720345
MO_LAFAYETTE,2014,209.7,ridge,164.11275713036127
MO_LAWRENCE,2014,144.6,ridge,153.34020825245176
MO_LEWIS,2014,183.0,ridge,158.0121125091556
MO_MARION,2014,181.4,ridge,156.8873548614902
MO_MISSISSIPPI,2014,196.4,ridge,157.3275113042863
MO_MONROE,2014,187.2,ridge,158.88515197939887
MO_MORGAN,2014,147.3,ridge,160.57443850872215
MO_NEW_MADRID,2014,197.6,ridge,169.57525670844763
MO_NODAWAY,2014,194.3,ridge,167.0289651118087
MO_PEMISCOT,2014,179.2,ridge,168.63427067882873
MO_PERRY,2014,169.8,ridge,159.60098722205677
MO_PETTIS,2014,187.5,ridge,160.1533480939098
MO_PIKE,2014,192.9,ridge,165.15065139862514
MO_RANDOLPH,2014,171.9,ridge,158.0986631966286
MO_RAY,2014,191.3,ridge,163.765915731593
MO_SALINE,2014,207.2,ridge,161.09764023074842
MO_SCOTLAND,2014,179.6,ridge,161.7496698162858
MO_SHELBY,2014,184.0,ridge,157.664224943084
MO_STODDARD,2014,190.2,ridge,176.12333465922367
MO_SULLIVAN,2014,162.7,ridge,157.97263855802643
MO_WARREN,2014,187.6,ridge,170.87325450829567
MO_WORTH,2014,190.4,ridge,164.9626133746755
OH_ADAMS,2014,143.3,ridge,154.23642838729756
OH_ALLEN,2014,179.1,ridge,176.61214448324296
OH_ASHLAND,2014,149.7,ridge,174.0146262655332
OH_ASHTABULA,2014,150.0,ridge,173.73697854653082
OH_AUGLAIZE,2014,178.2,ridge,175.26143755417888
OH_BELMONT,2014,130.0,ridge,162.1238721709655
OH_BROWN,2014,171.7,ridge,154.71999932443063
OH_BUTLER,2014,175.4,ridge,156.26461043830753
OH_CHAMPAIGN,2014,180.9,ridge,168.67744655571582
OH_CLARK,2014,195.0,ridge,164.1719009769619
OH_CLERMONT,2014,180.0,ridge,153.79121828789854
OH_CLINTON,2014,199.4,ridge,160.30518939543148
OH_COLUMBIANA,2014,163.0,ridge,172.5085795191091
OH_COSHOCTON,2014,165.8,ridge,167.5837707753815
OH_CRAWFORD,2014,183.5,ridge,176.11345473799398
OH_DARKE,2014,183.8,ridge,171.70214573861696
OH_DEFIANCE,2014,184.5,ridge,185.09182647257938
OH_DELAWARE,2014,154.4,ridge,167.64747671946375
OH_ERIE,2014,159.3,ridge,173.47972060960694
OH_FAIRFIELD,2014,177.9,ridge,159.4795856314612
OH_FAYETTE,2014,185.5,ridge,160.14633010921077
OH_FRANKLIN,2014,173.2,ridge,160.9881808614194
OH_FULTON,2014,183.2,ridge,180.7048227739426
OH_GREENE,2014,191.5,ridge,161.4397145976704
OH_GUERNSEY,2014,166.3,ridge,163.24909490837146
OH_HAMILTON,2014,197.9,ridge,153.43064317959528
OH_HANCOCK,2014,193.2,ridge,178.54490871344905
OH_HARDIN,2014,167.8,ridge,175.312352256826
OH_HARRISON,2014,151.9,ridge,167.4084118572943
OH_HENRY,2014,190.9,ridge,184.0608603125922
OH_HIGHLAND,2014,178.5,ridge,157.8255048699579
OH_HOCKING,2014,170.0,ridge,156.62596322597742
OH_HOLMES,2014,158.0,ridge,171.69267483595524
OH_HURON,2014,154.9,ridge,174.69966121843805
OH_KNOX,2014,156.3,ridge,169.17488694416147
OH_LICKING,2014,153.5,ridge,164.0072930013961
OH_LOGAN,2014,165.2,ridge,172.17677905464242
OH_LORAIN,2014,159.9,ridge,172.20393310653537
OH_LUCAS,2014,179.7,ridge,172.6941215849585
OH_MADISON,2014,170.6,ridge,161.16968215191818
OH_MAHONING,2014,149.7,ridge,174.38998768864138
OH_MARION,2014,171.7,ridge,173.6846058801281
OH_MEDINA,2014,157.0,ridge,174.6634081841912
OH_MERCER,2014,193.8,ridge,176.62620974663716
OH_MIAMI,2014,179.4,ridge,167.52576148676476
OH_MONTGOMERY,2014,187.1,ridge,161.53698945204087
OH_MORGAN,2014,156.1,ridge,157.88649175539854
OH_MORROW,2014,153.9,ridge,172.97169297871307
OH_MUSKINGUM,2014,155.2,ridge,161.89849112643267
OH_NOBLE,2014,156.3,ridge,158.82115021354616
OH_OTTAWA,2014,160.3,ridge,173.9711536943641
OH_PAULDING,2014,191.7,ridge,185.91324669141298
OH_PERRY,2014,154.9,ridge,160.08372264131054
OH_PICKAWAY,2014,179.5,ridge,158.50963865180844
OH_PIKE,2014,166.2,ridge,155.08895197957622
OH_PORTAGE,2014,152.3,ridge,176.02168347486273
OH_PREBLE,2014,186.1,ridge,165.29696076618833
OH_PUTNAM,2014,196.2,ridge,183.82477513273352
OH_RICHLAND,2014,167.9,ridge,175.20070638133754
OH_ROSS,2014,173.6,ridge,155.3935887729964
OH_SANDUSKY,2014,183.9,ridge,180.48298250272776
OH_SENECA,2014,168.4,ridge,176.82808485359175
OH_SHELBY,2014,173.8,ridge,172.1270075299812
OH_TRUMBULL,2014,159.0,ridge,177.2201538435463
OH_TUSCARAWAS,2014,154.4,ridge,168.48264163240503
OH_UNION,2014,163.8,ridge,169.67492755589234
OH_VAN_WERT,2014,192.2,ridge,178.5637332577494
OH_WARREN,2014,184.4,ridge,157.32644002496312
OH_WAYNE,2014,164.1,ridge,172.53733863169955
OH_WILLIAMS,2014,171.9,ridge,181.92612467166032
OH_WOOD,2014,182.2,ridge,180.48883560750429
OH_WYANDOT,2014,170.9,ridge,174.63958623262408
WI_ADAMS,2014,130.3,ridge,176.5620830885058
WI_BUFFALO,2014,148.3,ridge,173.04629740557104
WI_COLUMBIA,2014,166.2,ridge,179.49765401074296
WI_CRAWFORD,2014,154.0,ridge,175.6461607339583
WI_DANE,2014,180.7,ridge,179.36992072016398
WI_DODGE,2014,166.0,ridge,181.8538116600778
WI_DUNN,2014,140.8,ridge,172.108540991628
WI_EAU_CLAIRE,2014,149.2,ridge,172.17182460491054
WI_FOND_DU_LAC,2014,164.8,ridge,183.3861517502505
WI_GRANT,2014,176.3,ridge,176.46031329786763
WI_GREEN,2014,177.4,ridge,176.82746562734332
WI_GREEN_LAKE,2014,169.7,ridge,182.46852426707403
WI_IOWA,2014,186.7,ridge,178.86114121687925
WI_JACKSON,2014,149.5,ridge,175.08425850552783
WI_JEFFERSON,2014,163.4,ridge,177.75213987385814
WI_JUNEAU,2014,147.9,ridge,177.7710939314737
WI_KENOSHA,2014,174.9,ridge,165.03753087591247
WI_LAFAYETTE,2014,182.4,ridge,176.0609291853882
WI_LA_CROSSE,2014,167.1,ridge,176.6194598435536
WI_MARINETTE,2014,112.4,ridge,203.0226249358389
WI_MARQUETTE,2014,143.2,ridge,175.6353028507987
WI_MILWAUKEE,2014,126.4,ridge,165.82632925137779
WI_MONROE,2014,147.2,ridge,177.92489457643984
WI_OCONTO,2014,116.2,ridge,202.1665288348621
WI_OUTAGAMIE,2014,133.7,ridge,187.60378372254056
WI_OZAUKEE,2014,143.3,ridge,166.6927577883518
WI_PEPIN,2014,147.7,ridge,172.77990681660413
WI_PORTAGE,2014,153.7,ridge,179.59617640497333
WI_RACINE,2014,172.7,ridge,165.94436607238154
WI_RICHLAND,2014,155.1,ridge,178.31754209028065
WI_ROCK,2014,184.1,ridge,177.71756717209473
WI_SAUK,2014,154.5,ridge,180.7039019598357
WI_SHEBOYGAN,2014,142.6,ridge,173.19143591993299
WI_TREMPEALEAU,2014,158.3,ridge,174.29644800917154
WI_VERNON,2014,159.2,ridge,179.98297412129676
WI_WALWORTH,2014,187.4,ridge,173.41975008305312
WI_WASHINGTON,2014,150.6,ridge,171.6910145947603
WI_WAUKESHA,2014,169.9,ridge,169.50615027515926
WI_WAUSHARA,2014,182.8,ridge,178.4849207229908
WI_WINNEBAGO,2014,145.8,ridge,186.4096190106166
IA_ADAIR,2014,169.3,random_forest,164.73147309395307
IA_ADAMS,2014,169.9,random_forest,163.6636758855054
IA_ALLAMAKEE,2014,175.6,random_forest,169.82156555889884
IA_APPANOOSE,2014,170.9,random_forest,171.88901629068306
IA_AUDUBON,2014,185.5,random_forest,177.30091872946207
IA_BENTON,2014,185.4,random_forest,170.59203370948802
IA_BLACK_HAWK,2014,165.2,random_forest,170.7286654132343
IA_BOONE,2014,180.9,random_forest,169.66978079473984
IA_BREMER,2014,159.0,random_forest,168.93596139147195
IA_BUCHANAN,2014,169.3,random_forest,171.4123382781986
IA_BUENA_VISTA,2014,172.1,random_forest,170.24285724993655
IA_BUTLER,2014,167.7,random_forest,170.26874031048467
IA_CALHOUN,2014,189.6,random_forest,170.8713832244516
IA_CARROLL,2014,188.6,random_forest,172.3345820195005
IA_CASS,2014,173.7,random_forest,177.92218164315696
IA_CEDAR,2014,184.1,random_forest,170.80204606548347
IA_CERRO_GORDO,2014,168.3,random_forest,168.6631424462161
IA_CHEROKEE,2014,183.6,random_forest,171.38908820844296
IA_CHICKASAW,2014,157.6,random_forest,167.85929158953945
IA_CLARKE,2014,162.2,random_forest,160.90840521686005
IA_CLAY,2014,166.3,random_forest,170.22965667942552
IA_CLAYTON,2014,176.7,random_forest,169.42300447621682
IA_CLINTON,2014,197.0,random_forest,171.77647618057932
IA_CRAWFORD,2014,183.0,random_forest,172.6700035129279
IA_DALLAS,2014,195.5,random_forest,171.67246766672997
IA_DAVIS,2014,184.2,random_forest,166.8326175315304
IA_DECATUR,2014,164.0,random_forest,161.00330521791466
IA_DELAWARE,2014,174.9,random_forest,171.08109889551773
IA_DES_MOINES,2014,199.0,random_forest,168.13066634482408
IA_DICKINSON,2014,157.9,random_forest,170.31028609378023
IA_DUBUQUE,2014,184.9,random_forest,167.8614824196787
IA_EMMET,2014,165.0,random_forest,170.2816391098381
IA_FAYETTE,2014,170.9,random_forest,169.5245717104021
IA_FLOYD,2014,162.8,random_forest,168.36188118582808
IA_FRANKLIN,2014,165.8,random_forest,169.38239992614587
IA_FREMONT,2014,191.5,random_forest,170.86499556480285
IA_GREENE,2014,181.2,random_forest,170.74602368867525
IA_GRUNDY,2014,182.4,random_forest,170.4420427809328
IA_GUTHRIE,2014,176.1,random_forest,175.8141516300739
IA_HAMILTON,2014,173.1,random_forest,170.34149909816261
IA_HANCOCK,2014,173.9,random_forest,170.24568366467378
IA_HARDIN,2014,166.3,random_forest,170.1979369989835
IA_HARRISON,2014,161.1,random_forest,170.6317878960625
IA_HENRY,2014,196.6,random_forest,168.70827453196
IA_HOWARD,2014,164.4,random_forest,167.15859468963595
IA_HUMBOLDT,2014,176.9,random_forest,170.57484463644101
IA_IDA,2014,189.9,random_forest,172.51295733945645
IA_IOWA,2014,192.1,random_forest,167.41688639992847
IA_JACKSON,2014,188.9,random_forest,167.3548044975093
IA_JASPER,2014,191.5,random_forest,170.79697859015235
IA_JEFFERSON,2014,200.9,random_forest,169.17056221468727
IA_JOHNSON,2014,184.6,random_forest,166.65039027798412
IA_JONES,2014,180.1,random_forest,169.46653775765864
IA_KEOKUK,2014,193.2,random_forest,169.98782390396573
IA_KOSSUTH,2014,176.6,random_forest,170.12099256088933
IA_LEE,2014,200.6,random_forest,166.2683360205237
IA_LINN,2014,176.1,random_forest,170.88890933941454
IA_LOUISA,2014,188.2,random_forest,169.05795725731386
IA_LUCAS,2014,153.7,random_forest,173.21083307218422
IA_LYON,2014,172.9,random_forest,173.97906380709205
IA_MADISON,2014,171.4,random_forest,161.38297241422748
IA_MAHASKA,2014,189.9,random_forest,168.91786811821166
IA_MARION,2014,171.6,random_forest,168.7033374052441
IA_MARSHALL,2014,190.5,random_forest,170.84965599498508
IA_MILLS,2014,184.9,random_forest,171.78427312579714
IA_MITCHELL,2014,175.1,random_forest,167.61362660755705
IA_MONONA,2014,156.6,random_forest,172.68014653229952
IA_MONROE,2014,175.7,random_forest,169.4404786737707
IA_MONTGOMERY,2014,163.1,random_forest,179.49529981617331
IA_MUSCATINE,2014,188.1,random_forest,168.73125184290532
IA_OSCEOLA,2014,175.4,random_forest,171.7214102748896
IA_PAGE,2014,182.4,random_forest,180.08842968618777
IA_PALO_ALTO,2014,164.6,random_forest,169.83524232054947
IA_PLYMOUTH,2014,187.3,random_forest,174.12751288034931
IA_POCAHONTAS,2014,174.8,random_forest,170.59349384406266
IA_POLK,2014,181.4,random_forest,169.71748247337885
IA_POTTAWATTAMIE,2014,169.1,random_forest,171.775084298985
IA_POWESHIEK,2014,188.4,random_forest,170.9349348331742
IA_RINGGOLD,2014,166.4,random_forest,162.64093437033267
IA_SAC,2014,179.8,random_forest,171.78448183812804
IA_SCOTT,2014,194.5,random_forest,172.30406992558568
IA_SHELBY,2014,185.2,random_forest,177.298929397475
IA_SIOUX,2014,187.4,random_forest,173.95289033740315
IA_STORY,2014,169.9,random_forest,169.61365428444375
IA_TAMA,2014,182.7,random_forest,171.2283372657792
IA_TAYLOR,2014,178.8,random_forest,163.81492693500155
IA_UNION,2014,176.1,random_forest,162.848926727321
IA_VAN_BUREN,2014,192.2,random_forest,165.83845416556565
IA_WAPELLO,2014,195.2,random_forest,168.84126874731186
IA_WARREN,2014,169.9,random_forest,172.5049996913886
IA_WASHINGTON,2014,191.3,random_forest,168.8833367799749
IA_WAYNE,2014,171.9,random_forest,159.83213107669323
IA_WEBSTER,2014,190.0,random_forest,170.33833363608335
IA_WINNESHIEK,2014,174.0,random_forest,170.05124045347978
IA_WOODBURY,2014,177.5,random_forest,174.29045685051878
IA_WRIGHT,2014,169.4,random_forest,170.60036714147137
IL_ADAMS,2014,202.4,random_forest,181.21121980981226
IL_ALEXANDER,2014,192.8,random_forest,164.5050700791987
IL_BOND,2014,182.1,random_forest,170.32320951805153
IL_BOONE,2014,191.4,random_forest,171.16993260707073
IL_BROWN,2014,196.6,random_forest,180.97054825742165
IL_BUREAU,2014,196.0,random_forest,182.90493353046296
IL_CALHOUN,2014,198.2,random_forest,174.75665916432877
IL_CARROLL,2014,196.1,random_forest,180.1207940016933
IL_CASS,2014,208.3,random_forest,184.29765845450248
IL_CHAMPAIGN,2014,216.5,random_forest,183.92561600411807
IL_CHRISTIAN,2014,217.8,random_forest,183.70324734683953
IL_CLARK,2014,198.1,random_forest,181.86853497130727
IL_CLAY,2014,173.1,random_forest,171.2009427198973
IL_CLINTON,2014,192.7,random_forest,167.85359190306667
IL_COLES,2014,212.6,random_forest,183.87171664534438
IL_CRAWFORD,2014,184.7,random_forest,176.7546034358976
IL_CUMBERLAND,2014,196.1,random_forest,181.12916464030747
IL_DE_WITT,2014,221.0,random_forest,184.2783464349596
IL_DOUGLAS,2014,224.0,random_forest,183.18755445514844
IL_EDGAR,2014,201.5,random_forest,184.52544608150018
IL_EFFINGHAM,2014,196.4,random_forest,174.99001338655657
IL_FAYETTE,2014,180.3,random_forest,173.41779888527856
IL_FORD,2014,201.1,random_forest,184.63440270030702
IL_FRANKLIN,2014,160.3,random_forest,167.11718490755473
IL_FULTON,2014,198.2,random_forest,180.69904331894256
IL_GALLATIN,2014,187.6,random_forest,167.6983945157682
IL_GREENE,2014,198.8,random_forest,177.1137238310753
IL_GRUNDY,2014,205.1,random_forest,182.62057446344969
IL_HANCOCK,2014,218.5,random_forest,183.12053882231422
IL_HENDERSON,2014,207.9,random_forest,181.84203144127204
IL_HENRY,2014,194.2,random_forest,181.65565899125448
IL_IROQUOIS,2014,186.2,random_forest,183.2898441309689
IL_JACKSON,2014,169.2,random_forest,168.452348497158
IL_JASPER,2014,185.4,random_forest,175.52847089127775
IL_JEFFERSON,2014,165.2,random_forest,168.81321260132611
IL_JERSEY,2014,199.9,random_forest,175.16083750859548
IL_JOHNSON,2014,142.3,random_forest,167.10236001699448
IL_JO_DAVIESS,2014,183.2,random_forest,174.29502803908008
IL_KANE,2014,185.6,random_forest,176.23917473219325
IL_KANKAKEE,2014,174.3,random_forest,182.38169557223242
IL_KNOX,2014,201.4,random_forest,183.20979373077586
IL_LAKE,2014,151.2,random_forest,141.79393471348018
IL_LAWRENCE,2014,177.4,random_forest,173.1044559420666
IL_LEE,2014,181.6,random_forest,179.2772531130897
IL_LIVINGSTON,2014,211.6,random_forest,183.0231821629367
IL_LOGAN,2014,230.8,random_forest,183.8027705133379
IL_MACON,2014,236.0,random_forest,183.3503187726546
IL_MACOUPIN,2014,199.5,random_forest,179.63141801544097
IL_MADISON,2014,191.6,random_forest,171.18933034242974
IL_MARION,2014,183.8,random_forest,169.92477238246784
IL_MARSHALL,2014,207.3,random_forest,184.09774207305605
IL_MASON,2014,195.7,random_forest,184.0470082273467
IL_MASSAC,2014,163.2,random_forest,165.9564467952014
IL_MCDONOUGH,2014,211.6,random_forest,181.84312247793608
IL_MCHENRY,2014,184.3,random_forest,171.2661443417573
IL_MCLEAN,2014,218.3,random_forest,185.95352800682582
IL_MENARD,2014,222.7,random_forest,184.14437083648411
IL_MERCER,2014,193.5,random_forest,182.29831779570648
IL_MONROE,2014,181.4,random_forest,165.78585060100426
IL_MONTGOMERY,2014,205.1,random_forest,180.517944230475
IL_MORGAN,2014,223.3,random_forest,184.53723229462474
IL_MOULTRIE,2014,223.3,random_forest,184.10321199079075
IL_OGLE,2014,193.4,random_forest,179.06760046626664
IL_PEORIA,2014,208.1,random_forest,184.61202667463
IL_PERRY,2014,146.1,random_forest,167.29762635573343
IL_PIATT,2014,235.2,random_forest,183.87630459523027
IL_PIKE,2014,199.5,random_forest,180.51311335389943
IL_POPE,2014,160.1,random_forest,167.52970590147572
IL_PULASKI,2014,177.7,random_forest,165.45026787256882
IL_PUTNAM,2014,194.8,random_forest,180.3085251838961
IL_RANDOLPH,2014,181.4,random_forest,166.73365467128514
IL_RICHLAND,2014,181.1,random_forest,171.768447862844
IL_ROCK_ISLAND,2014,185.8,random_forest,182.34176632826964
IL_SALINE,2014,176.7,random_forest,168.00600418215112
IL_SANGAMON,2014,226.8,random_forest,184.43231219703705
IL_SCHUYLER,2014,204.1,random_forest,179.7107273367159
IL_SCOTT,2014,201.7,random_forest,183.3007048531115
IL_SHELBY,2014,206.4,random_forest,181.4944935185601
IL_STARK,2014,207.1,random_forest,182.14811439228805
IL_STEPHENSON,2014,192.6,random_forest,177.66807931805047
IL_TAZEWELL,2014,224.4,random_forest,184.78671085265537
IL_UNION,2014,185.9,random_forest,168.23219839890513
IL_VERMILION,2014,204.0,random_forest,184.3841962518165
IL_WABASH,2014,180.0,random_forest,172.04081765309527
IL_WARREN,2014,216.1,random_forest,182.51011886791125
IL_WASHINGTON,2014,184.3,random_forest,167.80519174755733
IL_WAYNE,2014,184.8,random_forest,168.3709695280358
IL_WHITE,2014,196.4,random_forest,167.99944365816617
IL_WHITESIDE,2014,184.6,random_forest,181.2552649534877
IL_WILL,2014,178.6,random_forest,181.47299824225738
IL_WILLIAMSON,2014,161.6,random_forest,169.8845505226654
IL_WINNEBAGO,2014,190.4,random_forest,176.09203351343467
IL_WOODFORD,2014,217.5,random_forest,186.0235021696902
IN_ADAMS,2014,183.3,random_forest,164.08313884546877
IN_ALLEN,2014,185.8,random_forest,164.83058609906112
IN_BARTHOLOMEW,2014,200.3,random_forest,159.8885676397015
IN_BENTON,2014,202.4,random_forest,162.92976814790254
IN_BLACKFORD,2014,157.1,random_forest,160.0930585903691
IN_BOONE,2014,200.6,random_forest,159.26358938906623
IN_CARROLL,2014,205.3,random_forest,158.82983194188944
IN_CASS,2014,195.9,random_forest,158.33272904703244
IN_CLARK,2014,173.3,random_forest,161.48870400068049
IN_CLAY,2014,200.3,random_forest,162.98568667412155
IN_CLINTON,2014,214.1,random_forest,158.65352520743187
IN_DAVIESS,2014,210.2,random_forest,164.49990749798863
IN_DEARBORN,2014,165.9,random_forest,159.36022131872502
IN_DECATUR,2014,205.8,random_forest,159.65790277436173
IN_DELAWARE,2014,174.0,random_forest,160.241948359598
IN_DUBOIS,2014,190.4,random_forest,162.25494167930395
IN_ELKHART,2014,182.0,random_forest,162.29553813953737
IN_FAYETTE,2014,187.4,random_forest,159.90743736699005
IN_FLOYD,2014,152.1,random_forest,160.63776932085383
IN_FOUNTAIN,2014,204.8,random_forest,161.01704976991286
IN_FRANKLIN,2014,194.1,random_forest,159.3649082108612
IN_FULTON,2014,177.9,random_forest,157.30650546763448
IN_GIBSON,2014,195.3,random_forest,162.64339478267928
IN_GRANT,2014,185.0,random_forest,161.87209681964367
IN_GREENE,2014,186.0,random_forest,163.22260435593063
IN_HAMILTON,2014,197.3,random_forest,159.1216037077879
IN_HANCOCK,2014,188.6,random_forest,159.8122523042413
IN_HARRISON,2014,178.0,random_forest,162.42612747054187
IN_HENDRICKS,2014,198.5,random_forest,159.3998021397382
IN_HENRY,2014,192.9,random_forest,159.5931442544367
IN_HOWARD,2014,200.6,random_forest,158.27324129123127
IN_HUNTINGTON,2014,185.4,random_forest,163.51270233466892
IN_JACKSON,2014,171.5,random_forest,160.83911875085798
IN_JASPER,2014,174.2,random_forest,157.2950629849781
IN_JAY,2014,169.1,random_forest,159.96911696602794
IN_JEFFERSON,2014,188.0,random_forest,160.52850142569352
IN_JENNINGS,2014,186.6,random_forest,160.73428390980567
IN_JOHNSON,2014,186.9,random_forest,159.1743733950467
IN_KNOX,2014,194.2,random_forest,164.8189049784631
IN_KOSCIUSKO,2014,173.5,random_forest,159.7095060248816
IN_LAGRANGE,2014,151.2,random_forest,161.20022857527368
IN_LAKE,2014,167.4,random_forest,162.45316360935405
IN_LAWRENCE,2014,190.4,random_forest,159.8796794860162
IN_MADISON,2014,196.4,random_forest,158.8393475909324
IN_MARION,2014,178.5,random_forest,159.58982473761688
IN_MARSHALL,2014,183.3,random_forest,156.5755203338189
IN_MARTIN,2014,188.5,random_forest,160.75559952942032
IN_MIAMI,2014,176.5,random_forest,159.20391139545524
IN_MONROE,2014,180.6,random_forest,158.6437850361974
IN_MONTGOMERY,2014,205.3,random_forest,162.20678849377825
IN_MORGAN,2014,197.0,random_forest,159.49686054139636
IN_NEWTON,2014,185.1,random_forest,158.03557925817648
IN_NOBLE,2014,168.8,random_forest,161.5303339146593
IN_ORANGE,2014,196.9,random_forest,161.68645949949524
IN_PERRY,2014,172.5,random_forest,160.91501803936686
IN_PIKE,2014,170.7,random_forest,162.22989694586084
IN_PORTER,2014,177.1,random_forest,156.2574550329589
IN_POSEY,2014,197.3,random_forest,161.53440532800477
IN_PULASKI,2014,155.7,random_forest,156.9411322256495
IN_PUTNAM,2014,198.6,random_forest,160.58221627374624
IN_RANDOLPH,2014,179.6,random_forest,160.0613977431393
IN_RIPLEY,2014,178.3,random_forest,159.52025493909747
IN_RUSH,2014,197.3,random_forest,159.5980183023284
IN_SCOTT,2014,190.7,random_forest,162.499667046741
IN_SHELBY,2014,187.9,random_forest,159.409888231323
IN_SPENCER,2014,174.0,random_forest,158.69079610546058
IN_ST._JOSEPH,2014,160.8,random_forest,160.60242432992126
IN_STARKE,2014,156.3,random_forest,154.33796294420551
IN_STEUBEN,2014,160.5,random_forest,161.0245506490644
IN_SULLIVAN,2014,196.0,random_forest,163.35528660417373
IN_TIPPECANOE,2014,206.6,random_forest,163.65515127790871
IN_TIPTON,2014,214.9,random_forest,158.4410304643392
IN_UNION,2014,200.0,random_forest,159.37444120820595
IN_VANDERBURGH,2014,188.0,random_forest,161.1777671086335
IN_VERMILLION,2014,213.6,random_forest,160.33151090359772
IN_WABASH,2014,181.0,random_forest,159.7247318915987
IN_WARREN,2014,209.5,random_forest,165.4494121490002
IN_WARRICK,2014,175.4,random_forest,159.0158264639873
IN_WASHINGTON,2014,180.0,random_forest,161.04114898755094
IN_WAYNE,2014,185.2,random_forest,161.63312693281625
IN_WELLS,2014,189.9,random_forest,164.14710593231231
IN_WHITE,2014,194.2,random_forest,157.8172391280049
IN_WHITLEY,2014,183.1,random_forest,160.75637910009203
MI_ARENAC,2014,155.4,random_forest,137.21216690964874
MI_BARRY,2014,151.6,random_forest,144.43111712731178
MI_BAY,2014,164.4,random_forest,140.6830572678736
MI_BERRIEN,2014,176.4,random_forest,149.7181030706567
MI_BRANCH,2014,167.2,random_forest,150.29662328981962
MI_CALHOUN,2014,158.6,random_forest,147.97221602262334
MI_CASS,2014,172.0,random_forest,153.148601821946
MI_CLINTON,2014,163.4,random_forest,147.018287563191
MI_EATON,2014,176.5,random_forest,148.277377928305
MI_GENESEE,2014,142.5,random_forest,142.46087148029252
MI_GRATIOT,2014,153.5,random_forest,143.91603326619907
MI_HILLSDALE,2014,155.0,random_forest,151.08934880392553
MI_HURON,2014,172.3,random_forest,134.8533634129917
MI_INGHAM,2014,175.9,random_forest,148.36708765834376
MI_IONIA,2014,161.4,random_forest,143.6092182568329
MI_JACKSON,2014,155.6,random_forest,149.1588594801578
MI_KALAMAZOO,2014,188.7,random_forest,147.51637146746594
MI_KENT,2014,146.8,random_forest,141.53001888911106
MI_LAPEER,2014,149.1,random_forest,142.5002446472339
MI_LENAWEE,2014,174.7,random_forest,149.3308494659706
MI_LIVINGSTON,2014,171.4,random_forest,146.53153427787757
MI_MACOMB,2014,160.2,random_forest,144.56573163279285
MI_MIDLAND,2014,168.9,random_forest,141.419988101671
MI_MONROE,2014,175.4,random_forest,146.39743976061408
MI_MONTCALM,2014,149.3,random_forest,141.91786951876253
MI_MUSKEGON,2014,132.7,random_forest,133.30099146071814
MI_NEWAYGO,2014,119.4,random_forest,139.00617216505339
MI_OAKLAND,2014,139.3,random_forest,146.28283921560183
MI_OCEANA,2014,123.3,random_forest,134.172392749191
MI_OTTAWA,2014,152.3,random_forest,134.84349063695382
MI_SAGINAW,2014,171.6,random_forest,142.70635472402853
MI_SANILAC,2014,171.3,random_forest,138.87644915431474
MI_SHIAWASSEE,2014,156.4,random_forest,145.72971299580428
MI_TUSCOLA,2014,178.5,random_forest,139.89370126330246
MI_WASHTENAW,2014,172.2,random_forest,150.26998974641316
MI_WAYNE,2014,150.0,random_forest,148.3107209903641
MN_BLUE_EARTH,2014,158.2,random_forest,168.79446708378262
MN_BROWN,2014,168.2,random_forest,171.78258540613666
MN_CHIPPEWA,2014,164.4,random_forest,167.12276959716428
MN_FILLMORE,2014,176.1,random_forest,163.93671317746424
MN_GOODHUE,2014,182.0,random_forest,164.9979474284163
MN_HOUSTON,2014,169.4,random_forest,165.86395041151803
MN_MARTIN,2014,168.4,random_forest,170.4507766058158
MN_MURRAY,2014,158.7,random_forest,168.91877849436605
MN_NICOLLET,2014,154.3,random_forest,169.81701813300145
MN_NOBLES,2014,157.2,random_forest,169.71432422644105
MN_PIPESTONE,2014,145.8,random_forest,168.5234457540782
MN_REDWOOD,2014,165.8,random_forest,172.39416756626235
MN_RENVILLE,2014,150.9,random_forest,169.4434695436068
MN_ROCK,2014,155.0,random_forest,171.07421199403336
MN_WABASHA,2014,178.3,random_forest,163.88799333593656
MN_WINONA,2014,175.6,random_forest,165.12627741751913
MN_YELLOW_MEDICINE,2014,153.6,random_forest,167.65570910814367
MO_ADAIR,2014,179.5,random_forest,146.13478337585718
MO_ANDREW,2014,171.9,random_forest,152.48798608909198
MO_ATCHISON,2014,192.2,random_forest,152.15637594125673
MO_AUDRAIN,2014,185.5,random_forest,145.51606904027918
MO_BARTON,2014,178.9,random_forest,147.58092399139278
MO_BOONE,2014,187.8,random_forest,143.8541734845671
MO_BUTLER,2014,174.2,random_forest,143.81590498921037
MO_CALDWELL,2014,184.7,random_forest,149.73846515904103
MO_CALLAWAY,2014,183.9,random_forest,144.68337634638755
MO_CAPE_GIRARDEAU,2014,157.6,random_forest,146.51747354453826
MO_CASS,2014,179.1,random_forest,152.1157136548474
MO_CHARITON,2014,187.8,random_forest,147.54271814495755
MO_CLAY,2014,182.8,random_forest,151.26918236513228
MO_CLINTON,2014,183.6,random_forest,151.86434459247135
MO_COLE,2014,178.3,random_forest,144.5587705578498
MO_DADE,2014,167.3,random_forest,147.12154755732013
MO_DAVIESS,2014,176.9,random_forest,150.96632542886928
MO_FRANKLIN,2014,173.0,random_forest,146.89162928344504
MO_GASCONADE,2014,159.7,random_forest,145.542187621973
MO_HENRY,2014,162.1,random_forest,147.9923046774102
MO_HOLT,2014,201.0,random_forest,153.57791805155153
MO_JEFFERSON,2014,126.8,random_forest,147.21909364833402
MO_JOHNSON,2014,185.9,random_forest,151.84724495251527
MO_KNOX,2014,194.5,random_forest,146.51199815563945
MO_LAFAYETTE,2014,209.7,random_forest,150.23493312416716
MO_LAWRENCE,2014,144.6,random_forest,144.630851028121
MO_LEWIS,2014,183.0,random_forest,145.8737984702715
MO_MARION,2014,181.4,random_forest,146.36115971513144
MO_MISSISSIPPI,2014,196.4,random_forest,144.19902454446654
MO_MONROE,2014,187.2,random_forest,145.20950678728747
MO_MORGAN,2014,147.3,random_forest,143.4973419368494
MO_NEW_MADRID,2014,197.6,random_forest,141.94550864426583
MO_NODAWAY,2014,194.3,random_forest,152.21343553387808
MO_PEMISCOT,2014,179.2,random_forest,144.79403153561842
MO_PERRY,2014,169.8,random_forest,147.95529276426248
MO_PETTIS,2014,187.5,random_forest,146.57777537426847
MO_PIKE,2014,192.9,random_forest,147.08506906465345
MO_RANDOLPH,2014,171.9,random_forest,144.60983303653103
MO_RAY,2014,191.3,random_forest,150.5393140154448
MO_SALINE,2014,207.2,random_forest,151.6514385119383
MO_SCOTLAND,2014,179.6,random_forest,146.7549199147656
MO_SHELBY,2014,184.0,random_forest,146.59869348523748
MO_STODDARD,2014,190.2,random_forest,142.61120196228418
MO_SULLIVAN,2014,162.7,random_forest,145.76759426361696
MO_WARREN,2014,187.6,random_forest,146.28146541859306
MO_WORTH,2014,190.4,random_forest,150.10741955976113
OH_ADAMS,2014,143.3,random_forest,158.06489744054528
OH_ALLEN,2014,179.1,random_forest,163.80246292958483
OH_ASHLAND,2014,149.7,random_forest,163.3445407853245
OH_ASHTABULA,2014,150.0,random_forest,150.37821977367477
OH_AUGLAIZE,2014,178.2,random_forest,164.09714897864384
OH_BELMONT,2014,130.0,random_forest,161.8756707842983
OH_BROWN,2014,171.7,random_forest,158.7337810776915
OH_BUTLER,2014,175.4,random_forest,158.9433149805721
OH_CHAMPAIGN,2014,180.9,random_forest,161.56534241407206
OH_CLARK,2014,195.0,random_forest,161.88902567910714
OH_CLERMONT,2014,180.0,random_forest,158.22162812572847
OH_CLINTON,2014,199.4,random_forest,159.47649183578307
OH_COLUMBIANA,2014,163.0,random_forest,159.21682499193554
OH_COSHOCTON,2014,165.8,random_forest,159.98151401383123
OH_CRAWFORD,2014,183.5,random_forest,163.96672099325264
OH_DARKE,2014,183.8,random_forest,160.66159669355298
OH_DEFIANCE,2014,184.5,random_forest,159.68904501375948
OH_DELAWARE,2014,154.4,random_forest,165.92099348753771
OH_ERIE,2014,159.3,random_forest,163.4376992817716
OH_FAIRFIELD,2014,177.9,random_forest,161.1788803606921
OH_FAYETTE,2014,185.5,random_forest,159.9160552244629
OH_FRANKLIN,2014,173.2,random_forest,159.49289112489595
OH_FULTON,2014,183.2,random_forest,161.55142786988733
OH_GREENE,2014,191.5,random_forest,160.60230292086845
OH_GUERNSEY,2014,166.3,random_forest,161.97970355285807
OH_HAMILTON,2014,197.9,random_forest,158.07780492315496
OH_HANCOCK,2014,193.2,random_forest,162.27217786243875
OH_HARDIN,2014,167.8,random_forest,166.5328563930295
OH_HARRISON,2014,151.9,random_forest,161.53669085529998
OH_HENRY,2014,190.9,random_forest,160.36322401663648
OH_HIGHLAND,2014,178.5,random_forest,159.3273151516931
OH_HOCKING,2014,170.0,random_forest,157.9154933600634
OH_HOLMES,2014,158.0,random_forest,157.91469013371025
OH_HURON,2014,154.9,random_forest,164.02797207565942
OH_KNOX,2014,156.3,random_forest,162.09668049125457
OH_LICKING,2014,153.5,random_forest,165.84510566156908
OH_LOGAN,2014,165.2,random_forest,163.47912030431524
OH_LORAIN,2014,159.9,random_forest,161.06421146511786
OH_LUCAS,2014,179.7,random_forest,159.18856951444556
OH_MADISON,2014,170.6,random_forest,160.07381473347297
OH_MAHONING,2014,149.7,random_forest,159.04623781613958
OH_MARION,2014,171.7,random_forest,167.72527332808585
OH_MEDINA,2014,157.0,random_forest,160.96600464663828
OH_MERCER,2014,193.8,random_forest,162.7159422526516
OH_MIAMI,2014,179.4,random_forest,161.46245288195792
OH_MONTGOMERY,2014,187.1,random_forest,158.98851072143054
OH_MORGAN,2014,156.1,random_forest,160.90443439298875
OH_MORROW,2014,153.9,random_forest,164.42648345342178
OH_MUSKINGUM,2014,155.2,random_forest,161.16333614172635
OH_NOBLE,2014,156.3,random_forest,161.22816667727685
OH_OTTAWA,2014,160.3,random_forest,158.7513347243209
OH_PAULDING,2014,191.7,random_forest,159.1494173092803
OH_PERRY,2014,154.9,random_forest,162.6797455866593
OH_PICKAWAY,2014,179.5,random_forest,158.75445710145894
OH_PIKE,2014,166.2,random_forest,156.47972345025386
OH_PORTAGE,2014,152.3,random_forest,156.20441252778295
OH_PREBLE,2014,186.1,random_forest,159.63296777911972
OH_PUTNAM,2014,196.2,random_forest,160.74234468935995
OH_RICHLAND,2014,167.9,random_forest,162.83620326346977
OH_ROSS,2014,173.6,random_forest,158.11145753935836
OH_SANDUSKY,2014,183.9,random_forest,163.10963074130697
OH_SENECA,2014,168.4,random_forest,164.40736350586502
OH_SHELBY,2014,173.8,random_forest,161.21949521699818
OH_TRUMBULL,2014,159.0,random_forest,154.28375097531725
OH_TUSCARAWAS,2014,154.4,random_forest,160.7611825885459
OH_UNION,2014,163.8,random_forest,163.5437402419081
OH_VAN_WERT,2014,192.2,random_forest,163.36689593365566
OH_WARREN,2014,184.4,random_forest,158.7237313354829
OH_WAYNE,2014,164.1,random_forest,161.9344790761594
OH_WILLIAMS,2014,171.9,random_forest,161.51816040332292
OH_WOOD,2014,182.2,random_forest,161.5935113434079
OH_WYANDOT,2014,170.9,random_forest,166.3750996546931
WI_ADAMS,2014,130.3,random_forest,146.79766138144026
WI_BUFFALO,2014,148.3,random_forest,149.79893899172117
WI_COLUMBIA,2014,166.2,random_forest,150.4378991844546
WI_CRAWFORD,2014,154.0,random_forest,154.66909576831637
WI_DANE,2014,180.7,random_forest,156.22628340949083
WI_DODGE,2014,166.0,random_forest,147.34671018114526
WI_DUNN,2014,140.8,random_forest,145.27649055000623
WI_EAU_CLAIRE,2014,149.2,random_forest,145.23253740348133
WI_FOND_DU_LAC,2014,164.8,random_forest,146.47615233350746
WI_GRANT,2014,176.3,random_forest,156.4044598364711
WI_GREEN,2014,177.4,random_forest,156.80771695053124
WI_GREEN_LAKE,2014,169.7,random_forest,145.34590438357984
WI_IOWA,2014,186.7,random_forest,158.16850632768637
WI_JACKSON,2014,149.5,random_forest,147.96403535825144
WI_JEFFERSON,2014,163.4,random_forest,153.1636257663587
WI_JUNEAU,2014,147.9,random_forest,149.16300430695216
WI_KENOSHA,2014,174.9,random_forest,143.35517425814976
WI_LAFAYETTE,2014,182.4,random_forest,158.19520163745435
WI_LA_CROSSE,2014,167.1,random_forest,154.63042004671735
WI_MARINETTE,2014,112.4,random_forest,130.75744200323862
WI_MARQUETTE,2014,143.2,random_forest,148.12750990883862
WI_MILWAUKEE,2014,126.4,random_forest,133.29576923244332
WI_MONROE,2014,147.2,random_forest,148.44253356261444
WI_OCONTO,2014,116.2,random_forest,133.4524721407159
WI_OUTAGAMIE,2014,133.7,random_forest,145.1529371957211
WI_OZAUKEE,2014,143.3,random_forest,132.88413036980788
WI_PEPIN,2014,147.7,random_forest,148.61008429059333
WI_PORTAGE,2014,153.7,random_forest,145.68399621583322
WI_RACINE,2014,172.7,random_forest,137.72172796324423
WI_RICHLAND,2014,155.1,random_forest,152.675367537904
WI_ROCK,2014,184.1,random_forest,157.5836039720117
WI_SAUK,2014,154.5,random_forest,151.7170507164382
WI_SHEBOYGAN,2014,142.6,random_forest,135.9044115174137
WI_TREMPEALEAU,2014,158.3,random_forest,150.73606780186506
WI_VERNON,2014,159.2,random_forest,153.38842014820833
WI_WALWORTH,2014,187.4,random_forest,152.7083506090625
WI_WASHINGTON,2014,150.6,random_forest,142.68256013329605
WI_WAUKESHA,2014,169.9,random_forest,149.2923406695447
WI_WAUSHARA,2014,182.8,random_forest,144.25167384214078
WI_WINNEBAGO,2014,145.8,random_forest,145.75243535855833
IA_ADAIR,2014,169.3,xgboost,161.33592224121094
IA_ADAMS,2014,169.9,xgboost,162.57347106933594
IA_ALLAMAKEE,2014,175.6,xgboost,165.6973876953125
IA_APPANOOSE,2014,170.9,xgboost,176.3024139404297
IA_AUDUBON,2014,185.5,xgboost,174.52786254882812
IA_BENTON,2014,185.4,xgboost,171.37045288085938
IA_BLACK_HAWK,2014,165.2,xgboost,169.0595703125
IA_BOONE,2014,180.9,xgboost,171.6787567138672
IA_BREMER,2014,159.0,xgboost,168.116943359375
IA_BUCHANAN,2014,169.3,xgboost,168.39903259277344
IA_BUENA_VISTA,2014,172.1,xgboost,166.63040161132812
IA_BUTLER,2014,167.7,xgboost,169.27308654785156
IA_CALHOUN,2014,189.6,xgboost,167.90133666992188
IA_CARROLL,2014,188.6,xgboost,173.34153747558594
IA_CASS,2014,173.7,xgboost,175.93663024902344
IA_CEDAR,2014,184.1,xgboost,171.01222229003906
IA_CERRO_GORDO,2014,168.3,xgboost,161.7017059326172
IA_CHEROKEE,2014,183.6,xgboost,170.27041625976562
IA_CHICKASAW,2014,157.6,xgboost,163.81199645996094
IA_CLARKE,2014,162.2,xgboost,161.96127319335938
IA_CLAY,2014,166.3,xgboost,164.53431701660156
IA_CLAYTON,2014,176.7,xgboost,164.72280883789062
IA_CLINTON,2014,197.0,xgboost,173.28672790527344
IA_CRAWFORD,2014,183.0,xgboost,175.20242309570312
IA_DALLAS,2014,195.5,xgboost,175.6827850341797
IA_DAVIS,2014,184.2,xgboost,171.56845092773438
IA_DECATUR,2014,164.0,xgboost,163.0396728515625
IA_DELAWARE,2014,174.9,xgboost,168.33636474609375
IA_DES_MOINES,2014,199.0,xgboost,173.98573303222656
IA_DICKINSON,2014,157.9,xgboost,163.70606994628906
IA_DUBUQUE,2014,184.9,xgboost,166.9728546142578
IA_EMMET,2014,165.0,xgboost,164.3239288330078
IA_FAYETTE,2014,170.9,xgboost,164.29356384277344
IA_FLOYD,2014,162.8,xgboost,163.81199645996094
IA_FRANKLIN,2014,165.8,xgboost,166.25555419921875
IA_FREMONT,2014,191.5,xgboost,176.27503967285156
IA_GREENE,2014,181.2,xgboost,171.4383087158203
IA_GRUNDY,2014,182.4,xgboost,169.36590576171875
IA_GUTHRIE,2014,176.1,xgboost,176.24571228027344
IA_HAMILTON,2014,173.1,xgboost,165.76051330566406
IA_HANCOCK,2014,173.9,xgboost,162.94581604003906
IA_HARDIN,2014,166.3,xgboost,169.76348876953125
IA_HARRISON,2014,161.1,xgboost,174.1429901123047
IA_HENRY,2014,196.6,xgboost,175.04022216796875
IA_HOWARD,2014,164.4,xgboost,160.89085388183594
IA_HUMBOLDT,2014,176.9,xgboost,166.30491638183594
IA_IDA,2014,189.9,xgboost,169.2330780029297
IA_IOWA,2014,192.1,xgboost,169.37181091308594
IA_JACKSON,2014,188.9,xgboost,168.54603576660156
IA_JASPER,2014,191.5,xgboost,171.32691955566406
IA_JEFFERSON,2014,200.9,xgboost,173.64097595214844
IA_JOHNSON,2014,184.6,xgboost,169.82260131835938
IA_JONES,2014,180.1,xgboost,167.06826782226562
IA_KEOKUK,2014,193.2,xgboost,172.31005859375
IA_KOSSUTH,2014,176.6,xgboost,163.4830780029297
IA_LEE,2014,200.6,xgboost,173.4750518798828
IA_LINN,2014,176.1,xgboost,169.64578247070312
IA_LOUISA,2014,188.2,xgboost,173.30393981933594
IA_LUCAS,2014,153.7,xgboost,173.46592712402344
IA_LYON,2014,172.9,xgboost,173.88868713378906
IA_MADISON,2014,171.4,xgboost,161.33795166015625
IA_MAHASKA,2014,189.9,xgboost,171.9845733642578
IA_MARION,2014,171.6,xgboost,171.51980590820312
IA_MARSHALL,2014,190.5,xgboost,169.4625244140625
IA_MILLS,2014,184.9,xgboost,174.57041931152344
IA_MITCHELL,2014,175.1,xgboost,160.58934020996094
IA_MONONA,2014,156.6,xgboost,175.01434326171875
IA_MONROE,2014,175.7,xgboost,171.86611938476562
IA_MONTGOMERY,2014,163.1,xgboost,177.5160675048828
IA_MUSCATINE,2014,188.1,xgboost,171.49855041503906
IA_OSCEOLA,2014,175.4,xgboost,164.0875701904297
IA_PAGE,2014,182.4,xgboost,176.12510681152344
IA_PALO_ALTO,2014,164.6,xgboost,165.1666717529297
IA_PLYMOUTH,2014,187.3,xgboost,172.2289276123047
IA_POCAHONTAS,2014,174.8,xgboost,167.0135040283203
IA_POLK,2014,181.4,xgboost,173.22052001953125
IA_POTTAWATTAMIE,2014,169.1,xgboost,172.94235229492188
IA_POWESHIEK,2014,188.4,xgboost,172.65399169921875
IA_RINGGOLD,2014,166.4,xgboost,163.0382843017578
IA_SAC,2014,179.8,xgboost,169.13372802734375
IA_SCOTT,2014,194.5,xgboost,174.87371826171875
IA_SHELBY,2014,185.2,xgboost,175.53240966796875
IA_SIOUX,2014,187.4,xgboost,171.8540802001953
IA_STORY,2014,169.9,xgboost,171.02279663085938
IA_TAMA,2014,182.7,xgboost,171.48634338378906
IA_TAYLOR,2014,178.8,xgboost,163.32803344726562
IA_UNION,2014,176.1,xgboost,163.2836456298828
IA_VAN_BUREN,2014,192.2,xgboost,171.28323364257812
IA_WAPELLO,2014,195.2,xgboost,172.5029296875
IA_WARREN,2014,169.9,xgboost,173.1858367919922
IA_WASHINGTON,2014,191.3,xgboost,172.45486450195312
IA_WAYNE,2014,171.9,xgboost,162.8638916015625
IA_WEBSTER,2014,190.0,xgboost,167.20907592773438
IA_WINNESHIEK,2014,174.0,xgboost,161.64474487304688
IA_WOODBURY,2014,177.5,xgboost,176.43792724609375
IA_WRIGHT,2014,169.4,xgboost,164.36912536621094
IL_ADAMS,2014,202.4,xgboost,178.86178588867188
IL_ALEXANDER,2014,192.8,xgboost,170.32626342773438
IL_BOND,2014,182.1,xgboost,174.57501220703125
IL_BOONE,2014,191.4,xgboost,173.96705627441406
IL_BROWN,2014,196.6,xgboost,179.09754943847656
IL_BUREAU,2014,196.0,xgboost,185.25527954101562
IL_CALHOUN,2014,198.2,xgboost,179.94390869140625
IL_CARROLL,2014,196.1,xgboost,179.95567321777344
IL_CASS,2014,208.3,xgboost,181.02334594726562
IL_CHAMPAIGN,2014,216.5,xgboost,182.9157257080078
IL_CHRISTIAN,2014,217.8,xgboost,183.1943359375
IL_CLARK,2014,198.1,xgboost,182.26976013183594
IL_CLAY,2014,173.1,xgboost,171.60182189941406
IL_CLINTON,2014,192.7,xgboost,172.2963409423828
IL_COLES,2014,212.6,xgboost,182.16046142578125
IL_CRAWFORD,2014,184.7,xgboost,176.2930908203125
IL_CUMBERLAND,2014,196.1,xgboost,181.4708251953125
IL_DE_WITT,2014,221.0,xgboost,182.5796661376953
IL_DOUGLAS,2014,224.0,xgboost,181.34507751464844
IL_EDGAR,2014,201.5,xgboost,184.06533813476562
IL_EFFINGHAM,2014,196.4,xgboost,175.8193817138672
IL_FAYETTE,2014,180.3,xgboost,173.68833923339844
IL_FORD,2014,201.1,xgboost,180.2480926513672
IL_FRANKLIN,2014,160.3,xgboost,167.420654296875
IL_FULTON,2014,198.2,xgboost,180.7828369140625
IL_GALLATIN,2014,187.6,xgboost,174.34292602539062
IL_GREENE,2014,198.8,xgboost,180.99620056152344
IL_GRUNDY,2014,205.1,xgboost,182.60476684570312
IL_HANCOCK,2014,218.5,xgboost,181.75473022460938
IL_HENDERSON,2014,207.9,xgboost,183.53306579589844
IL_HENRY,2014,194.2,xgboost,182.62896728515625
IL_IROQUOIS,2014,186.2,xgboost,182.14431762695312
IL_JACKSON,2014,169.2,xgboost,170.22039794921875
IL_JASPER,2014,185.4,xgboost,175.77210998535156
IL_JEFFERSON,2014,165.2,xgboost,170.6935577392578
IL_JERSEY,2014,199.9,xgboost,180.7881317138672
IL_JOHNSON,2014,142.3,xgboost,170.5499267578125
IL_JO_DAVIESS,2014,183.2,xgboost,174.1112518310547
IL_KANE,2014,185.6,xgboost,178.02244567871094
IL_KANKAKEE,2014,174.3,xgboost,178.91839599609375
IL_KNOX,2014,201.4,xgboost,182.8474578857422
IL_LAKE,2014,151.2,xgboost,150.3886260986328
IL_LAWRENCE,2014,177.4,xgboost,176.31912231445312
IL_LEE,2014,181.6,xgboost,179.9015655517578
IL_LIVINGSTON,2014,211.6,xgboost,181.14614868164062
IL_LOGAN,2014,230.8,xgboost,182.45166015625
IL_MACON,2014,236.0,xgboost,180.14361572265625
IL_MACOUPIN,2014,199.5,xgboost,181.3948516845703
IL_MADISON,2014,191.6,xgboost,176.95562744140625
IL_MARION,2014,183.8,xgboost,171.25779724121094
IL_MARSHALL,2014,207.3,xgboost,181.97555541992188
IL_MASON,2014,195.7,xgboost,183.56724548339844
IL_MASSAC,2014,163.2,xgboost,170.03236389160156
IL_MCDONOUGH,2014,211.6,xgboost,183.36529541015625
IL_MCHENRY,2014,184.3,xgboost,174.67030334472656
IL_MCLEAN,2014,218.3,xgboost,184.86317443847656
IL_MENARD,2014,222.7,xgboost,182.32749938964844
IL_MERCER,2014,193.5,xgboost,183.43699645996094
IL_MONROE,2014,181.4,xgboost,175.42176818847656
IL_MONTGOMERY,2014,205.1,xgboost,180.03623962402344
IL_MORGAN,2014,223.3,xgboost,180.79916381835938
IL_MOULTRIE,2014,223.3,xgboost,182.25343322753906
IL_OGLE,2014,193.4,xgboost,178.85023498535156
IL_PEORIA,2014,208.1,xgboost,182.1088104248047
IL_PERRY,2014,146.1,xgboost,170.33326721191406
IL_PIATT,2014,235.2,xgboost,181.9657440185547
IL_PIKE,2014,199.5,xgboost,177.2173614501953
IL_POPE,2014,160.1,xgboost,172.7233123779297
IL_PULASKI,2014,177.7,xgboost,168.6046600341797
IL_PUTNAM,2014,194.8,xgboost,181.08831787109375
IL_RANDOLPH,2014,181.4,xgboost,172.59719848632812
IL_RICHLAND,2014,181.1,xgboost,173.86004638671875
IL_ROCK_ISLAND,2014,185.8,xgboost,181.84156799316406
IL_SALINE,2014,176.7,xgboost,172.96315002441406
IL_SANGAMON,2014,226.8,xgboost,185.04678344726562
IL_SCHUYLER,2014,204.1,xgboost,180.5655975341797
IL_SCOTT,2014,201.7,xgboost,179.4139862060547
IL_SHELBY,2014,206.4,xgboost,181.71861267089844
IL_STARK,2014,207.1,xgboost,184.30706787109375
IL_STEPHENSON,2014,192.6,xgboost,177.0928192138672
IL_TAZEWELL,2014,224.4,xgboost,182.0285186767578
IL_UNION,2014,185.9,xgboost,172.55014038085938
IL_VERMILION,2014,204.0,xgboost,183.74920654296875
IL_WABASH,2014,180.0,xgboost,177.69900512695312
IL_WARREN,2014,216.1,xgboost,183.7418975830078
IL_WASHINGTON,2014,184.3,xgboost,170.29103088378906
IL_WAYNE,2014,184.8,xgboost,170.98934936523438
IL_WHITE,2014,196.4,xgboost,174.09642028808594
IL_WHITESIDE,2014,184.6,xgboost,184.7512969970703
IL_WILL,2014,178.6,xgboost,181.1385955810547
IL_WILLIAMSON,2014,161.6,xgboost,171.0304718017578
IL_WINNEBAGO,2014,190.4,xgboost,174.50872802734375
IL_WOODFORD,2014,217.5,xgboost,183.4874267578125
IN_ADAMS,2014,183.3,xgboost,166.47317504882812
IN_ALLEN,2014,185.8,xgboost,168.6743927001953
IN_BARTHOLOMEW,2014,200.3,xgboost,169.35894775390625
IN_BENTON,2014,202.4,xgboost,167.5669708251953
IN_BLACKFORD,2014,157.1,xgboost,168.59683227539062
IN_BOONE,2014,200.6,xgboost,167.561279296875
IN_CARROLL,2014,205.3,xgboost,166.00424194335938
IN_CASS,2014,195.9,xgboost,165.1616973876953
IN_CLARK,2014,173.3,xgboost,167.95068359375
IN_CLAY,2014,200.3,xgboost,172.0986785888672
IN_CLINTON,2014,214.1,xgboost,168.22940063476562
IN_DAVIESS,2014,210.2,xgboost,170.35438537597656
IN_DEARBORN,2014,165.9,xgboost,169.33599853515625
IN_DECATUR,2014,205.8,xgboost,171.8808135986328
IN_DELAWARE,2014,174.0,xgboost,168.2493133544922
IN_DUBOIS,2014,190.4,xgboost,167.40182495117188
IN_ELKHART,2014,182.0,xgboost,164.18997192382812
IN_FAYETTE,2014,187.4,xgboost,170.03468322753906
IN_FLOYD,2014,152.1,xgboost,168.48611450195312
IN_FOUNTAIN,2014,204.8,xgboost,172.6662139892578
IN_FRANKLIN,2014,194.1,xgboost,171.27464294433594
IN_FULTON,2014,177.9,xgboost,165.62091064453125
IN_GIBSON,2014,195.3,xgboost,171.98419189453125
IN_GRANT,2014,185.0,xgboost,168.3920440673828
IN_GREENE,2014,186.0,xgboost,170.90798950195312
IN_HAMILTON,2014,197.3,xgboost,167.35421752929688
IN_HANCOCK,2014,188.6,xgboost,170.46502685546875
IN_HARRISON,2014,178.0,xgboost,169.08624267578125
IN_HENDRICKS,2014,198.5,xgboost,170.51834106445312
IN_HENRY,2014,192.9,xgboost,167.66114807128906
IN_HOWARD,2014,200.6,xgboost,167.6649169921875
IN_HUNTINGTON,2014,185.4,xgboost,168.18682861328125
IN_JACKSON,2014,171.5,xgboost,168.91525268554688
IN_JASPER,2014,174.2,xgboost,164.3769989013672
IN_JAY,2014,169.1,xgboost,166.80142211914062
IN_JEFFERSON,2014,188.0,xgboost,168.9396209716797
IN_JENNINGS,2014,186.6,xgboost,169.48507690429688
IN_JOHNSON,2014,186.9,xgboost,169.23123168945312
IN_KNOX,2014,194.2,xgboost,169.95558166503906
IN_KOSCIUSKO,2014,173.5,xgboost,165.89952087402344
IN_LAGRANGE,2014,151.2,xgboost,162.31455993652344
IN_LAKE,2014,167.4,xgboost,172.12449645996094
IN_LAWRENCE,2014,190.4,xgboost,168.22445678710938
IN_MADISON,2014,196.4,xgboost,166.33865356445312
IN_MARION,2014,178.5,xgboost,170.6594696044922
IN_MARSHALL,2014,183.3,xgboost,165.34774780273438
IN_MARTIN,2014,188.5,xgboost,166.80581665039062
IN_MIAMI,2014,176.5,xgboost,168.40325927734375
IN_MONROE,2014,180.6,xgboost,170.14535522460938
IN_MONTGOMERY,2014,205.3,xgboost,169.81121826171875
IN_MORGAN,2014,197.0,xgboost,170.76675415039062
IN_NEWTON,2014,185.1,xgboost,166.34420776367188
IN_NOBLE,2014,168.8,xgboost,165.9102325439453
IN_ORANGE,2014,196.9,xgboost,165.3455047607422
IN_PERRY,2014,172.5,xgboost,164.47552490234375
IN_PIKE,2014,170.7,xgboost,171.00454711914062
IN_PORTER,2014,177.1,xgboost,165.86758422851562
IN_POSEY,2014,197.3,xgboost,172.31382751464844
IN_PULASKI,2014,155.7,xgboost,160.1435089111328
IN_PUTNAM,2014,198.6,xgboost,172.59896850585938
IN_RANDOLPH,2014,179.6,xgboost,167.46804809570312
IN_RIPLEY,2014,178.3,xgboost,171.02352905273438
IN_RUSH,2014,197.3,xgboost,170.53038024902344
IN_SCOTT,2014,190.7,xgboost,166.51382446289062
IN_SHELBY,2014,187.9,xgboost,171.0975799560547
IN_SPENCER,2014,174.0,xgboost,168.05471801757812
IN_ST._JOSEPH,2014,160.8,xgboost,164.69189453125
IN_STARKE,2014,156.3,xgboost,159.0733642578125
IN_STEUBEN,2014,160.5,xgboost,161.41554260253906
IN_SULLIVAN,2014,196.0,xgboost,171.65773010253906
IN_TIPPECANOE,2014,206.6,xgboost,170.02310180664062
IN_TIPTON,2014,214.9,xgboost,168.14610290527344
IN_UNION,2014,200.0,xgboost,170.6270751953125
IN_VANDERBURGH,2014,188.0,xgboost,170.33660888671875
IN_VERMILLION,2014,213.6,xgboost,171.6409912109375
IN_WABASH,2014,181.0,xgboost,167.68719482421875
IN_WARREN,2014,209.5,xgboost,174.49217224121094
IN_WARRICK,2014,175.4,xgboost,168.18724060058594
IN_WASHINGTON,2014,180.0,xgboost,168.55548095703125
IN_WAYNE,2014,185.2,xgboost,168.4094696044922
IN_WELLS,2014,189.9,xgboost,168.18682861328125
IN_WHITE,2014,194.2,xgboost,165.65415954589844
IN_WHITLEY,2014,183.1,xgboost,167.662109375
MI_ARENAC,2014,155.4,xgboost,141.47640991210938
MI_BARRY,2014,151.6,xgboost,146.833740234375
MI_BAY,2014,164.4,xgboost,141.2293243408203
MI_BERRIEN,2014,176.4,xgboost,147.7084197998047
MI_BRANCH,2014,167.2,xgboost,147.95806884765625
MI_CALHOUN,2014,158.6,xgboost,148.123291015625
MI_CASS,2014,172.0,xgboost,148.84422302246094
MI_CLINTON,2014,163.4,xgboost,151.0879364013672
MI_EATON,2014,176.5,xgboost,150.1247100830078
MI_GENESEE,2014,142.5,xgboost,147.3551025390625
MI_GRATIOT,2014,153.5,xgboost,150.1370391845703
MI_HILLSDALE,2014,155.0,xgboost,150.38328552246094
MI_HURON,2014,172.3,xgboost,140.53433227539062
MI_INGHAM,2014,175.9,xgboost,150.3069305419922
MI_IONIA,2014,161.4,xgboost,149.58360290527344
MI_JACKSON,2014,155.6,xgboost,150.23126220703125
MI_KALAMAZOO,2014,188.7,xgboost,144.40260314941406
MI_KENT,2014,146.8,xgboost,144.04148864746094
MI_LAPEER,2014,149.1,xgboost,139.40945434570312
MI_LENAWEE,2014,174.7,xgboost,155.69186401367188
MI_LIVINGSTON,2014,171.4,xgboost,150.50450134277344
MI_MACOMB,2014,160.2,xgboost,150.72154235839844
MI_MIDLAND,2014,168.9,xgboost,144.28611755371094
MI_MONROE,2014,175.4,xgboost,150.92784118652344
MI_MONTCALM,2014,149.3,xgboost,141.67413330078125
MI_MUSKEGON,2014,132.7,xgboost,129.30467224121094
MI_NEWAYGO,2014,119.4,xgboost,133.54696655273438
MI_OAKLAND,2014,139.3,xgboost,148.7592010498047
MI_OCEANA,2014,123.3,xgboost,128.0028533935547
MI_OTTAWA,2014,152.3,xgboost,133.7522735595703
MI_SAGINAW,2014,171.6,xgboost,142.9281463623047
MI_SANILAC,2014,171.3,xgboost,140.97659301757812
MI_SHIAWASSEE,2014,156.4,xgboost,149.77850341796875
MI_TUSCOLA,2014,178.5,xgboost,142.58270263671875
MI_WASHTENAW,2014,172.2,xgboost,152.8372802734375
MI_WAYNE,2014,150.0,xgboost,150.8982696533203
MN_BLUE_EARTH,2014,158.2,xgboost,172.0464630126953
MN_BROWN,2014,168.2,xgboost,172.04090881347656
MN_CHIPPEWA,2014,164.4,xgboost,168.5204620361328
MN_FILLMORE,2014,176.1,xgboost,167.4639892578125
MN_GOODHUE,2014,182.0,xgboost,173.75173950195312
MN_HOUSTON,2014,169.4,xgboost,174.2440948486328
MN_MARTIN,2014,168.4,xgboost,171.06700134277344
MN_MURRAY,2014,158.7,xgboost,166.83798217773438
MN_NICOLLET,2014,154.3,xgboost,171.4205322265625
MN_NOBLES,2014,157.2,xgboost,168.4199676513672
MN_PIPESTONE,2014,145.8,xgboost,168.60726928710938
MN_REDWOOD,2014,165.8,xgboost,173.65440368652344
MN_RENVILLE,2014,150.9,xgboost,169.68020629882812
MN_ROCK,2014,155.0,xgboost,175.35047912597656
MN_WABASHA,2014,178.3,xgboost,172.75013732910156
MN_WINONA,2014,175.6,xgboost,173.48544311523438
MN_YELLOW_MEDICINE,2014,153.6,xgboost,169.01528930664062
MO_ADAIR,2014,179.5,xgboost,138.4284210205078
MO_ANDREW,2014,171.9,xgboost,150.35247802734375
MO_ATCHISON,2014,192.2,xgboost,154.57313537597656
MO_AUDRAIN,2014,185.5,xgboost,136.22862243652344
MO_BARTON,2014,178.9,xgboost,147.85072326660156
MO_BOONE,2014,187.8,xgboost,137.92535400390625
MO_BUTLER,2014,174.2,xgboost,143.02427673339844
MO_CALDWELL,2014,184.7,xgboost,142.0831756591797
MO_CALLAWAY,2014,183.9,xgboost,135.7260284423828
MO_CAPE_GIRARDEAU,2014,157.6,xgboost,151.0901336669922
MO_CASS,2014,179.1,xgboost,146.15603637695312
MO_CHARITON,2014,187.8,xgboost,145.09393310546875
MO_CLAY,2014,182.8,xgboost,145.65623474121094
MO_CLINTON,2014,183.6,xgboost,147.6962432861328
MO_COLE,2014,178.3,xgboost,138.59144592285156
MO_DADE,2014,167.3,xgboost,140.71286010742188
MO_DAVIESS,2014,176.9,xgboost,147.5849609375
MO_FRANKLIN,2014,173.0,xgboost,139.9592742919922
MO_GASCONADE,2014,159.7,xgboost,135.4752197265625
MO_HENRY,2014,162.1,xgboost,140.00955200195312
MO_HOLT,2014,201.0,xgboost,149.2758026123047
MO_JEFFERSON,2014,126.8,xgboost,142.67066955566406
MO_JOHNSON,2014,185.9,xgboost,145.05604553222656
MO_KNOX,2014,194.5,xgboost,139.7434844970703
MO_LAFAYETTE,2014,209.7,xgboost,144.0531463623047
MO_LAWRENCE,2014,144.6,xgboost,141.28720092773438
MO_LEWIS,2014,183.0,xgboost,139.19395446777344
MO_MARION,2014,181.4,xgboost,135.0626220703125
MO_MISSISSIPPI,2014,196.4,xgboost,142.6217803955078
MO_MONROE,2014,187.2,xgboost,137.17308044433594
MO_MORGAN,2014,147.3,xgboost,133.1378173828125
MO_NEW_MADRID,2014,197.6,xgboost,149.16883850097656
MO_NODAWAY,2014,194.3,xgboost,147.0108184814453
MO_PEMISCOT,2014,179.2,xgboost,151.12086486816406
MO_PERRY,2014,169.8,xgboost,140.74899291992188
MO_PETTIS,2014,187.5,xgboost,138.10206604003906
MO_PIKE,2014,192.9,xgboost,138.03741455078125
MO_RANDOLPH,2014,171.9,xgboost,138.26358032226562
MO_RAY,2014,191.3,xgboost,145.26522827148438
MO_SALINE,2014,207.2,xgboost,145.22396850585938
MO_SCOTLAND,2014,179.6,xgboost,144.9903106689453
MO_SHELBY,2014,184.0,xgboost,136.06150817871094
MO_STODDARD,2014,190.2,xgboost,146.79278564453125
MO_SULLIVAN,2014,162.7,xgboost,137.2715606689453
MO_WARREN,2014,187.6,xgboost,136.7870635986328
MO_WORTH,2014,190.4,xgboost,140.494873046875
OH_ADAMS,2014,143.3,xgboost,162.8089141845703
OH_ALLEN,2014,179.1,xgboost,161.8798065185547
OH_ASHLAND,2014,149.7,xgboost,164.9972381591797
OH_ASHTABULA,2014,150.0,xgboost,148.2371063232422
OH_AUGLAIZE,2014,178.2,xgboost,163.70648193359375
OH_BELMONT,2014,130.0,xgboost,163.4559783935547
OH_BROWN,2014,171.7,xgboost,164.4506072998047
OH_BUTLER,2014,175.4,xgboost,166.26113891601562
OH_CHAMPAIGN,2014,180.9,xgboost,165.46104431152344
OH_CLARK,2014,195.0,xgboost,167.50169372558594
OH_CLERMONT,2014,180.0,xgboost,166.16737365722656
OH_CLINTON,2014,199.4,xgboost,165.56349182128906
OH_COLUMBIANA,2014,163.0,xgboost,160.63623046875
OH_COSHOCTON,2014,165.8,xgboost,161.4956817626953
OH_CRAWFORD,2014,183.5,xgboost,165.50717163085938
OH_DARKE,2014,183.8,xgboost,164.15646362304688
OH_DEFIANCE,2014,184.5,xgboost,161.53890991210938
OH_DELAWARE,2014,154.4,xgboost,168.33799743652344
OH_ERIE,2014,159.3,xgboost,164.6959228515625
OH_FAIRFIELD,2014,177.9,xgboost,167.04672241210938
OH_FAYETTE,2014,185.5,xgboost,165.21029663085938
OH_FRANKLIN,2014,173.2,xgboost,166.4710693359375
OH_FULTON,2014,183.2,xgboost,161.02549743652344
OH_GREENE,2014,191.5,xgboost,165.8526611328125
OH_GUERNSEY,2014,166.3,xgboost,163.81259155273438
OH_HAMILTON,2014,197.9,xgboost,165.11099243164062
OH_HANCOCK,2014,193.2,xgboost,162.640869140625
OH_HARDIN,2014,167.8,xgboost,162.92759704589844
OH_HARRISON,2014,151.9,xgboost,162.34788513183594
OH_HENRY,2014,190.9,xgboost,161.9934539794922
OH_HIGHLAND,2014,178.5,xgboost,165.49200439453125
OH_HOCKING,2014,170.0,xgboost,164.47764587402344
OH_HOLMES,2014,158.0,xgboost,162.05426025390625
OH_HURON,2014,154.9,xgboost,165.82461547851562
OH_KNOX,2014,156.3,xgboost,164.376708984375
OH_LICKING,2014,153.5,xgboost,164.5768280029297
OH_LOGAN,2014,165.2,xgboost,165.125244140625
OH_LORAIN,2014,159.9,xgboost,162.7962188720703
OH_LUCAS,2014,179.7,xgboost,156.3600616455078
OH_MADISON,2014,170.6,xgboost,165.8546600341797
OH_MAHONING,2014,149.7,xgboost,160.1580047607422
OH_MARION,2014,171.7,xgboost,166.5972442626953
OH_MEDINA,2014,157.0,xgboost,165.17828369140625
OH_MERCER,2014,193.8,xgboost,162.59246826171875
OH_MIAMI,2014,179.4,xgboost,165.2642059326172
OH_MONTGOMERY,2014,187.1,xgboost,164.97569274902344
OH_MORGAN,2014,156.1,xgboost,165.39532470703125
OH_MORROW,2014,153.9,xgboost,167.13388061523438
OH_MUSKINGUM,2014,155.2,xgboost,162.21112060546875
OH_NOBLE,2014,156.3,xgboost,163.7731170654297
OH_OTTAWA,2014,160.3,xgboost,157.2670440673828
OH_PAULDING,2014,191.7,xgboost,162.15284729003906
OH_PERRY,2014,154.9,xgboost,168.11468505859375
OH_PICKAWAY,2014,179.5,xgboost,164.76351928710938
OH_PIKE,2014,166.2,xgboost,161.7473907470703
OH_PORTAGE,2014,152.3,xgboost,160.34402465820312
OH_PREBLE,2014,186.1,xgboost,166.35958862304688
OH_PUTNAM,2014,196.2,xgboost,161.54209899902344
OH_RICHLAND,2014,167.9,xgboost,166.45925903320312
OH_ROSS,2014,173.6,xgboost,164.3048095703125
OH_SANDUSKY,2014,183.9,xgboost,167.23948669433594
OH_SENECA,2014,168.4,xgboost,164.45382690429688
OH_SHELBY,2014,173.8,xgboost,162.88401794433594
OH_TRUMBULL,2014,159.0,xgboost,154.72760009765625
OH_TUSCARAWAS,2014,154.4,xgboost,160.6653594970703
OH_UNION,2014,163.8,xgboost,165.89816284179688
OH_VAN_WERT,2014,192.2,xgboost,163.55401611328125
OH_WARREN,2014,184.4,xgboost,165.4798126220703
OH_WAYNE,2014,164.1,xgboost,164.4860382080078
OH_WILLIAMS,2014,171.9,xgboost,161.11361694335938
OH_WOOD,2014,182.2,xgboost,161.66978454589844
OH_WYANDOT,2014,170.9,xgboost,165.23092651367188
WI_ADAMS,2014,130.3,xgboost,133.58372497558594
WI_BUFFALO,2014,148.3,xgboost,155.67991638183594
WI_COLUMBIA,2014,166.2,xgboost,149.84544372558594
WI_CRAWFORD,2014,154.0,xgboost,155.4232635498047
WI_DANE,2014,180.7,xgboost,154.77842712402344
WI_DODGE,2014,166.0,xgboost,144.66079711914062
WI_DUNN,2014,140.8,xgboost,150.6186065673828
WI_EAU_CLAIRE,2014,149.2,xgboost,149.01622009277344
WI_FOND_DU_LAC,2014,164.8,xgboost,145.18643188476562
WI_GRANT,2014,176.3,xgboost,157.7553253173828
WI_GREEN,2014,177.4,xgboost,154.8860626220703
WI_GREEN_LAKE,2014,169.7,xgboost,146.2322998046875
WI_IOWA,2014,186.7,xgboost,156.60391235351562
WI_JACKSON,2014,149.5,xgboost,148.86456298828125
WI_JEFFERSON,2014,163.4,xgboost,153.89552307128906
WI_JUNEAU,2014,147.9,xgboost,147.2344512939453
WI_KENOSHA,2014,174.9,xgboost,144.7042999267578
WI_LAFAYETTE,2014,182.4,xgboost,160.65663146972656
WI_LA_CROSSE,2014,167.1,xgboost,155.22528076171875
WI_MARINETTE,2014,112.4,xgboost,126.10291290283203
WI_MARQUETTE,2014,143.2,xgboost,133.04847717285156
WI_MILWAUKEE,2014,126.4,xgboost,132.53262329101562
WI_MONROE,2014,147.2,xgboost,149.7183380126953
WI_OCONTO,2014,116.2,xgboost,135.49752807617188
WI_OUTAGAMIE,2014,133.7,xgboost,146.84788513183594
WI_OZAUKEE,2014,143.3,xgboost,130.6104278564453
WI_PEPIN,2014,147.7,xgboost,154.60226440429688
WI_PORTAGE,2014,153.7,xgboost,144.25929260253906
WI_RACINE,2014,172.7,xgboost,138.32894897460938
WI_RICHLAND,2014,155.1,xgboost,154.149658203125
WI_ROCK,2014,184.1,xgboost,159.70001220703125
WI_SAUK,2014,154.5,xgboost,150.36093139648438
WI_SHEBOYGAN,2014,142.6,xgboost,127.47766876220703
WI_TREMPEALEAU,2014,158.3,xgboost,152.14996337890625
WI_VERNON,2014,159.2,xgboost,153.96258544921875
WI_WALWORTH,2014,187.4,xgboost,155.86549377441406
WI_WASHINGTON,2014,150.6,xgboost,143.3771209716797
WI_WAUKESHA,2014,169.9,xgboost,149.86595153808594
WI_WAUSHARA,2014,182.8,xgboost,144.11785888671875
WI_WINNEBAGO,2014,145.8,xgboost,145.26934814453125
IA_ADAIR,2015,176.5,global_mean,146.67011344373452
IA_ADAMS,2015,169.6,global_mean,146.67011344373452
IA_ALLAMAKEE,2015,175.4,global_mean,146.67011344373452
IA_APPANOOSE,2015,154.3,global_mean,146.67011344373452
IA_AUDUBON,2015,189.8,global_mean,146.67011344373452
IA_BENTON,2015,187.5,global_mean,146.67011344373452
IA_BLACK_HAWK,2015,192.9,global_mean,146.67011344373452
IA_BOONE,2015,192.3,global_mean,146.67011344373452
IA_BREMER,2015,203.1,global_mean,146.67011344373452
IA_BUCHANAN,2015,191.6,global_mean,146.67011344373452
IA_BUENA_VISTA,2015,202.7,global_mean,146.67011344373452
IA_BUTLER,2015,193.3,global_mean,146.67011344373452
IA_CALHOUN,2015,194.7,global_mean,146.67011344373452
IA_CARROLL,2015,195.4,global_mean,146.67011344373452
IA_CASS,2015,193.7,global_mean,146.67011344373452
IA_CEDAR,2015,188.8,global_mean,146.67011344373452
IA_CERRO_GORDO,2015,196.9,global_mean,146.67011344373452
IA_CHEROKEE,2015,209.6,global_mean,146.67011344373452
IA_CHICKASAW,2015,202.8,global_mean,146.67011344373452
IA_CLARKE,2015,152.4,global_mean,146.67011344373452
IA_CLAY,2015,202.8,global_mean,146.67011344373452
IA_CLAYTON,2015,193.2,global_mean,146.67011344373452
IA_CLINTON,2015,188.2,global_mean,146.67011344373452
IA_CRAWFORD,2015,199.1,global_mean,146.67011344373452
IA_DALLAS,2015,182.4,global_mean,146.67011344373452
IA_DAVIS,2015,142.4,global_mean,146.67011344373452
IA_DECATUR,2015,162.7,global_mean,146.67011344373452
IA_DELAWARE,2015,195.8,global_mean,146.67011344373452
IA_DES_MOINES,2015,176.0,global_mean,146.67011344373452
IA_DICKINSON,2015,194.5,global_mean,146.67011344373452
IA_DUBUQUE,2015,197.0,global_mean,146.67011344373452
IA_EMMET,2015,203.3,global_mean,146.67011344373452
IA_FAYETTE,2015,191.8,global_mean,146.67011344373452
IA_FLOYD,2015,196.5,global_mean,146.67011344373452
IA_FRANKLIN,2015,200.2,global_mean,146.67011344373452
IA_FREMONT,2015,179.9,global_mean,146.67011344373452
IA_GREENE,2015,189.0,global_mean,146.67011344373452
IA_GRUNDY,2015,199.9,global_mean,146.67011344373452
IA_GUTHRIE,2015,179.2,global_mean,146.67011344373452
IA_HAMILTON,2015,198.1,global_mean,146.67011344373452
IA_HANCOCK,2015,201.2,global_mean,146.67011344373452
IA_HARDIN,2015,199.3,global_mean,146.67011344373452
IA_HARRISON,2015,189.5,global_mean,146.67011344373452
IA_HENRY,2015,178.4,global_mean,146.67011344373452
IA_HOWARD,2015,202.1,global_mean,146.67011344373452
IA_HUMBOLDT,2015,194.8,global_mean,146.67011344373452
IA_IDA,2015,203.1,global_mean,146.67011344373452
IA_IOWA,2015,199.3,global_mean,146.67011344373452
IA_JACKSON,2015,190.6,global_mean,146.67011344373452
IA_JASPER,2015,198.9,global_mean,146.67011344373452
IA_JEFFERSON,2015,168.2,global_mean,146.67011344373452
IA_JOHNSON,2015,187.1,global_mean,146.67011344373452
IA_JONES,2015,186.6,global_mean,146.67011344373452
IA_KEOKUK,2015,181.0,global_mean,146.67011344373452
IA_KOSSUTH,2015,199.0,global_mean,146.67011344373452
IA_LEE,2015,145.1,global_mean,146.67011344373452
IA_LINN,2015,189.2,global_mean,146.67011344373452
IA_LOUISA,2015,181.7,global_mean,146.67011344373452
IA_LUCAS,2015,154.8,global_mean,146.67011344373452
IA_LYON,2015,196.0,global_mean,146.67011344373452
IA_MADISON,2015,169.6,global_mean,146.67011344373452
IA_MAHASKA,2015,190.3,global_mean,146.67011344373452
IA_MARION,2015,178.1,global_mean,146.67011344373452
IA_MARSHALL,2015,194.9,global_mean,146.67011344373452
IA_MITCHELL,2015,202.1,global_mean,146.67011344373452
IA_MONONA,2015,169.0,global_mean,146.67011344373452
IA_MONTGOMERY,2015,185.2,global_mean,146.67011344373452
IA_MUSCATINE,2015,177.7,global_mean,146.67011344373452
IA_OSCEOLA,2015,204.7,global_mean,146.67011344373452
IA_PAGE,2015,165.8,global_mean,146.67011344373452
IA_PALO_ALTO,2015,197.5,global_mean,146.67011344373452
IA_PLYMOUTH,2015,203.6,global_mean,146.67011344373452
IA_POCAHONTAS,2015,205.5,global_mean,146.67011344373452
IA_POLK,2015,187.0,global_mean,146.67011344373452
IA_POTTAWATTAMIE,2015,204.0,global_mean,146.67011344373452
IA_POWESHIEK,2015,197.8,global_mean,146.67011344373452
IA_RINGGOLD,2015,147.8,global_mean,146.67011344373452
IA_SAC,2015,204.8,global_mean,146.67011344373452
IA_SCOTT,2015,195.9,global_mean,146.67011344373452
IA_SHELBY,2015,195.3,global_mean,146.67011344373452
IA_SIOUX,2015,201.9,global_mean,146.67011344373452
IA_STORY,2015,188.0,global_mean,146.67011344373452
IA_TAMA,2015,189.5,global_mean,146.67011344373452
IA_VAN_BUREN,2015,158.3,global_mean,146.67011344373452
IA_WAPELLO,2015,159.3,global_mean,146.67011344373452
IA_WARREN,2015,170.3,global_mean,146.67011344373452
IA_WASHINGTON,2015,195.0,global_mean,146.67011344373452
IA_WAYNE,2015,158.0,global_mean,146.67011344373452
IA_WEBSTER,2015,201.0,global_mean,146.67011344373452
IA_WINNESHIEK,2015,185.6,global_mean,146.67011344373452
IA_WOODBURY,2015,202.3,global_mean,146.67011344373452
IA_WRIGHT,2015,198.4,global_mean,146.67011344373452
IL_ADAMS,2015,158.1,global_mean,146.67011344373452
IL_BOND,2015,159.9,global_mean,146.67011344373452
IL_BOONE,2015,201.1,global_mean,146.67011344373452
IL_BROWN,2015,157.2,global_mean,146.67011344373452
IL_BUREAU,2015,196.8,global_mean,146.67011344373452
IL_CALHOUN,2015,154.9,global_mean,146.67011344373452
IL_CARROLL,2015,204.2,global_mean,146.67011344373452
IL_CASS,2015,182.2,global_mean,146.67011344373452
IL_CHAMPAIGN,2015,189.4,global_mean,146.67011344373452
IL_CHRISTIAN,2015,189.7,global_mean,146.67011344373452
IL_CLARK,2015,164.7,global_mean,146.67011344373452
IL_CLAY,2015,131.2,global_mean,146.67011344373452
IL_CLINTON,2015,162.2,global_mean,146.67011344373452
IL_COLES,2015,188.5,global_mean,146.67011344373452
IL_CRAWFORD,2015,144.1,global_mean,146.67011344373452
IL_CUMBERLAND,2015,163.7,global_mean,146.67011344373452
IL_DE_WITT,2015,207.8,global_mean,146.67011344373452
IL_DOUGLAS,2015,209.1,global_mean,146.67011344373452
IL_EDGAR,2015,180.1,global_mean,146.67011344373452
IL_EFFINGHAM,2015,147.4,global_mean,146.67011344373452
IL_FAYETTE,2015,154.4,global_mean,146.67011344373452
IL_FORD,2015,160.8,global_mean,146.67011344373452
IL_FRANKLIN,2015,149.4,global_mean,146.67011344373452
IL_FULTON,2015,170.5,global_mean,146.67011344373452
IL_GALLATIN,2015,167.5,global_mean,146.67011344373452
IL_GREENE,2015,150.5,global_mean,146.67011344373452
IL_GRUNDY,2015,164.1,global_mean,146.67011344373452
IL_HANCOCK,2015,180.3,global_mean,146.67011344373452
IL_HENDERSON,2015,191.9,global_mean,146.67011344373452
IL_HENRY,2015,193.2,global_mean,146.67011344373452
IL_IROQUOIS,2015,123.3,global_mean,146.67011344373452
IL_JASPER,2015,155.1,global_mean,146.67011344373452
IL_JEFFERSON,2015,125.4,global_mean,146.67011344373452
IL_JERSEY,2015,159.0,global_mean,146.67011344373452
IL_JO_DAVIESS,2015,183.2,global_mean,146.67011344373452
IL_KANE,2015,184.0,global_mean,146.67011344373452
IL_KANKAKEE,2015,92.5,global_mean,146.67011344373452
IL_KNOX,2015,205.9,global_mean,146.67011344373452
IL_LAKE,2015,155.6,global_mean,146.67011344373452
IL_LAWRENCE,2015,160.1,global_mean,146.67011344373452
IL_LEE,2015,188.4,global_mean,146.67011344373452
IL_LIVINGSTON,2015,185.9,global_mean,146.67011344373452
IL_LOGAN,2015,172.8,global_mean,146.67011344373452
IL_MACON,2015,207.5,global_mean,146.67011344373452
IL_MACOUPIN,2015,152.5,global_mean,146.67011344373452
IL_MADISON,2015,169.8,global_mean,146.67011344373452
IL_MARION,2015,147.5,global_mean,146.67011344373452
IL_MARSHALL,2015,198.4,global_mean,146.67011344373452
IL_MASON,2015,161.5,global_mean,146.67011344373452
IL_MASSAC,2015,171.4,global_mean,146.67011344373452
IL_MCDONOUGH,2015,175.8,global_mean,146.67011344373452
IL_MCHENRY,2015,186.8,global_mean,146.67011344373452
IL_MCLEAN,2015,199.2,global_mean,146.67011344373452
IL_MENARD,2015,188.2,global_mean,146.67011344373452
IL_MERCER,2015,205.7,global_mean,146.67011344373452
IL_MONROE,2015,169.7,global_mean,146.67011344373452
IL_MONTGOMERY,2015,169.8,global_mean,146.67011344373452
IL_MORGAN,2015,180.0,global_mean,146.67011344373452
IL_MOULTRIE,2015,206.2,global_mean,146.67011344373452
IL_OGLE,2015,186.6,global_mean,146.67011344373452
IL_PEORIA,2015,185.9,global_mean,146.67011344373452
IL_PERRY,2015,144.7,global_mean,146.67011344373452
IL_PIATT,2015,220.5,global_mean,146.67011344373452
IL_PIKE,2015,133.9,global_mean,146.67011344373452
IL_POPE,2015,164.1,global_mean,146.67011344373452
IL_PULASKI,2015,152.2,global_mean,146.67011344373452
IL_PUTNAM,2015,186.3,global_mean,146.67011344373452
IL_RANDOLPH,2015,141.0,global_mean,146.67011344373452
IL_RICHLAND,2015,143.3,global_mean,146.67011344373452
IL_ROCK_ISLAND,2015,193.7,global_mean,146.67011344373452
IL_SALINE,2015,172.1,global_mean,146.67011344373452
IL_SANGAMON,2015,183.5,global_mean,146.67011344373452
IL_SCHUYLER,2015,159.5,global_mean,146.67011344373452
IL_SCOTT,2015,149.2,global_mean,146.67011344373452
IL_SHELBY,2015,175.6,global_mean,146.67011344373452
IL_STARK,2015,210.9,global_mean,146.67011344373452
IL_STEPHENSON,2015,192.5,global_mean,146.67011344373452
IL_TAZEWELL,2015,182.5,global_mean,146.67011344373452
IL_VERMILION,2015,168.0,global_mean,146.67011344373452
IL_WABASH,2015,159.8,global_mean,146.67011344373452
IL_WARREN,2015,202.0,global_mean,146.67011344373452
IL_WASHINGTON,2015,151.9,global_mean,146.67011344373452
IL_WHITE,2015,171.3,global_mean,146.67011344373452
IL_WHITESIDE,2015,184.0,global_mean,146.67011344373452
IL_WILL,2015,159.9,global_mean,146.67011344373452
IL_WILLIAMSON,2015,164.9,global_mean,146.67011344373452
IL_WINNEBAGO,2015,184.8,global_mean,146.67011344373452
IL_WOODFORD,2015,201.0,global_mean,146.67011344373452
IN_ADAMS,2015,103.5,global_mean,146.67011344373452
IN_ALLEN,2015,120.7,global_mean,146.67011344373452
IN_BARTHOLOMEW,2015,161.0,global_mean,146.67011344373452
IN_BENTON,2015,169.3,global_mean,146.67011344373452
IN_BLACKFORD,2015,117.5,global_mean,146.67011344373452
IN_BOONE,2015,136.5,global_mean,146.67011344373452
IN_CARROLL,2015,157.2,global_mean,146.67011344373452
IN_CASS,2015,129.4,global_mean,146.67011344373452
IN_CLARK,2015,162.1,global_mean,146.67011344373452
IN_CLAY,2015,165.5,global_mean,146.67011344373452
IN_CLINTON,2015,146.6,global_mean,146.67011344373452
IN_DAVIESS,2015,174.4,global_mean,146.67011344373452
IN_DEARBORN,2015,151.9,global_mean,146.67011344373452
IN_DECATUR,2015,177.9,global_mean,146.67011344373452
IN_DELAWARE,2015,130.1,global_mean,146.67011344373452
IN_DUBOIS,2015,165.8,global_mean,146.67011344373452
IN_ELKHART,2015,154.7,global_mean,146.67011344373452
IN_FAYETTE,2015,181.5,global_mean,146.67011344373452
IN_FLOYD,2015,158.1,global_mean,146.67011344373452
IN_FOUNTAIN,2015,169.4,global_mean,146.67011344373452
IN_FRANKLIN,2015,182.4,global_mean,146.67011344373452
IN_FULTON,2015,142.1,global_mean,146.67011344373452
IN_GIBSON,2015,177.1,global_mean,146.67011344373452
IN_GRANT,2015,135.1,global_mean,146.67011344373452
IN_HAMILTON,2015,145.4,global_mean,146.67011344373452
IN_HANCOCK,2015,149.9,global_mean,146.67011344373452
IN_HARRISON,2015,173.1,global_mean,146.67011344373452
IN_HENDRICKS,2015,149.7,global_mean,146.67011344373452
IN_HENRY,2015,158.0,global_mean,146.67011344373452
IN_HOWARD,2015,160.4,global_mean,146.67011344373452
IN_HUNTINGTON,2015,123.1,global_mean,146.67011344373452
IN_JACKSON,2015,151.6,global_mean,146.67011344373452
IN_JASPER,2015,98.3,global_mean,146.67011344373452
IN_JAY,2015,108.3,global_mean,146.67011344373452
IN_JEFFERSON,2015,151.8,global_mean,146.67011344373452
IN_JENNINGS,2015,160.3,global_mean,146.67011344373452
IN_JOHNSON,2015,152.0,global_mean,146.67011344373452
IN_KNOX,2015,164.5,global_mean,146.67011344373452
IN_KOSCIUSKO,2015,170.9,global_mean,146.67011344373452
IN_LAGRANGE,2015,150.0,global_mean,146.67011344373452
IN_LAKE,2015,142.0,global_mean,146.67011344373452
IN_LAWRENCE,2015,178.4,global_mean,146.67011344373452
IN_MADISON,2015,136.3,global_mean,146.67011344373452
IN_MARION,2015,167.8,global_mean,146.67011344373452
IN_MARSHALL,2015,143.7,global_mean,146.67011344373452
IN_MARTIN,2015,149.4,global_mean,146.67011344373452
IN_MIAMI,2015,138.6,global_mean,146.67011344373452
IN_MONROE,2015,158.8,global_mean,146.67011344373452
IN_MONTGOMERY,2015,176.5,global_mean,146.67011344373452
IN_MORGAN,2015,155.4,global_mean,146.67011344373452
IN_NEWTON,2015,110.9,global_mean,146.67011344373452
IN_NOBLE,2015,163.1,global_mean,146.67011344373452
IN_ORANGE,2015,190.5,global_mean,146.67011344373452
IN_OWEN,2015,164.1,global_mean,146.67011344373452
IN_PARKE,2015,160.8,global_mean,146.67011344373452
IN_PORTER,2015,151.5,global_mean,146.67011344373452
IN_POSEY,2015,190.3,global_mean,146.67011344373452
IN_PULASKI,2015,109.7,global_mean,146.67011344373452
IN_PUTNAM,2015,149.6,global_mean,146.67011344373452
IN_RANDOLPH,2015,144.8,global_mean,146.67011344373452
IN_RIPLEY,2015,158.7,global_mean,146.67011344373452
IN_RUSH,2015,169.7,global_mean,146.67011344373452
IN_SCOTT,2015,167.8,global_mean,146.67011344373452
IN_SHELBY,2015,157.2,global_mean,146.67011344373452
IN_SPENCER,2015,163.7,global_mean,146.67011344373452
IN_ST._JOSEPH,2015,151.5,global_mean,146.67011344373452
IN_STARKE,2015,97.6,global_mean,146.67011344373452
IN_SULLIVAN,2015,163.0,global_mean,146.67011344373452
IN_TIPPECANOE,2015,147.9,global_mean,146.67011344373452
IN_TIPTON,2015,173.4,global_mean,146.67011344373452
IN_UNION,2015,174.0,global_mean,146.67011344373452
IN_VANDERBURGH,2015,166.4,global_mean,146.67011344373452
IN_VERMILLION,2015,156.3,global_mean,146.67011344373452
IN_VIGO,2015,164.0,global_mean,146.67011344373452
IN_WABASH,2015,135.3,global_mean,146.67011344373452
IN_WARREN,2015,178.7,global_mean,146.67011344373452
IN_WARRICK,2015,151.9,global_mean,146.67011344373452
IN_WASHINGTON,2015,156.0,global_mean,146.67011344373452
IN_WAYNE,2015,161.2,global_mean,146.67011344373452
IN_WELLS,2015,112.5,global_mean,146.67011344373452
IN_WHITE,2015,128.0,global_mean,146.67011344373452
IN_WHITLEY,2015,138.8,global_mean,146.67011344373452
MI_ALLEGAN,2015,156.3,global_mean,146.67011344373452
MI_BARRY,2015,157.4,global_mean,146.67011344373452
MI_BRANCH,2015,172.2,global_mean,146.67011344373452
MI_CALHOUN,2015,144.4,global_mean,146.67011344373452
MI_CASS,2015,159.3,global_mean,146.67011344373452
MI_CLINTON,2015,171.7,global_mean,146.67011344373452
MI_EATON,2015,163.2,global_mean,146.67011344373452
MI_GENESEE,2015,165.5,global_mean,146.67011344373452
MI_GRATIOT,2015,170.8,global_mean,146.67011344373452
MI_HILLSDALE,2015,155.9,global_mean,146.67011344373452
MI_HURON,2015,198.8,global_mean,146.67011344373452
MI_INGHAM,2015,171.9,global_mean,146.67011344373452
MI_IONIA,2015,183.3,global_mean,146.67011344373452
MI_JACKSON,2015,141.1,global_mean,146.67011344373452
MI_KALAMAZOO,2015,143.8,global_mean,146.67011344373452
MI_KENT,2015,170.6,global_mean,146.67011344373452
MI_LAPEER,2015,174.3,global_mean,146.67011344373452
MI_LENAWEE,2015,161.1,global_mean,146.67011344373452
MI_LIVINGSTON,2015,161.1,global_mean,146.67011344373452
MI_MACOMB,2015,154.4,global_mean,146.67011344373452
MI_MIDLAND,2015,159.5,global_mean,146.67011344373452
MI_MONROE,2015,150.3,global_mean,146.67011344373452
MI_MONTCALM,2015,159.3,global_mean,146.67011344373452
MI_MUSKEGON,2015,144.4,global_mean,146.67011344373452
MI_NEWAYGO,2015,139.3,global_mean,146.67011344373452
MI_OAKLAND,2015,145.0,global_mean,146.67011344373452
MI_OCEANA,2015,123.0,global_mean,146.67011344373452
MI_OTTAWA,2015,155.6,global_mean,146.67011344373452
MI_SAGINAW,2015,169.3,global_mean,146.67011344373452
MI_SANILAC,2015,183.7,global_mean,146.67011344373452
MI_SHIAWASSEE,2015,176.3,global_mean,146.67011344373452
MI_TUSCOLA,2015,192.0,global_mean,146.67011344373452
MI_WASHTENAW,2015,147.6,global_mean,146.67011344373452
MI_WAYNE,2015,130.0,global_mean,146.67011344373452
MN_BLUE_EARTH,2015,201.4,global_mean,146.67011344373452
MN_BROWN,2015,189.0,global_mean,146.67011344373452
MN_CHIPPEWA,2015,193.5,global_mean,146.67011344373452
MN_FILLMORE,2015,192.0,global_mean,146.67011344373452
MN_GOODHUE,2015,202.4,global_mean,146.67011344373452
MN_HOUSTON,2015,185.3,global_mean,146.67011344373452
MN_MARTIN,2015,203.4,global_mean,146.67011344373452
MN_MURRAY,2015,199.5,global_mean,146.67011344373452
MN_NICOLLET,2015,206.8,global_mean,146.67011344373452
MN_NOBLES,2015,193.5,global_mean,146.67011344373452
MN_PIPESTONE,2015,191.9,global_mean,146.67011344373452
MN_REDWOOD,2015,197.6,global_mean,146.67011344373452
MN_RENVILLE,2015,190.8,global_mean,146.67011344373452
MN_ROCK,2015,198.8,global_mean,146.67011344373452
MN_WABASHA,2015,188.5,global_mean,146.67011344373452
MN_WINONA,2015,186.5,global_mean,146.67011344373452
MN_YELLOW_MEDICINE,2015,187.3,global_mean,146.67011344373452
MO_ADAIR,2015,128.5,global_mean,146.67011344373452
MO_AUDRAIN,2015,109.4,global_mean,146.67011344373452
MO_BARTON,2015,148.7,global_mean,146.67011344373452
MO_BOLLINGER,2015,146.2,global_mean,146.67011344373452
MO_BOONE,2015,125.0,global_mean,146.67011344373452
MO_BUCHANAN,2015,141.2,global_mean,146.67011344373452
MO_CALDWELL,2015,132.8,global_mean,146.67011344373452
MO_CAPE_GIRARDEAU,2015,158.7,global_mean,146.67011344373452
MO_CARROLL,2015,132.7,global_mean,146.67011344373452
MO_CASS,2015,140.7,global_mean,146.67011344373452
MO_CEDAR,2015,98.2,global_mean,146.67011344373452
MO_CHARITON,2015,139.5,global_mean,146.67011344373452
MO_CLAY,2015,122.5,global_mean,146.67011344373452
MO_CLINTON,2015,127.1,global_mean,146.67011344373452
MO_COLE,2015,123.1,global_mean,146.67011344373452
MO_DADE,2015,118.5,global_mean,146.67011344373452
MO_DUNKLIN,2015,179.0,global_mean,146.67011344373452
MO_FRANKLIN,2015,138.6,global_mean,146.67011344373452
MO_GASCONADE,2015,87.7,global_mean,146.67011344373452
MO_JASPER,2015,130.8,global_mean,146.67011344373452
MO_JEFFERSON,2015,135.0,global_mean,146.67011344373452
MO_JOHNSON,2015,138.2,global_mean,146.67011344373452
MO_LAFAYETTE,2015,156.4,global_mean,146.67011344373452
MO_LAWRENCE,2015,142.9,global_mean,146.67011344373452
MO_LEWIS,2015,118.5,global_mean,146.67011344373452
MO_LIVINGSTON,2015,140.3,global_mean,146.67011344373452
MO_MISSISSIPPI,2015,194.8,global_mean,146.67011344373452
MO_MONROE,2015,140.5,global_mean,146.67011344373452
MO_MORGAN,2015,136.9,global_mean,146.67011344373452
MO_NODAWAY,2015,137.5,global_mean,146.67011344373452
MO_PERRY,2015,160.9,global_mean,146.67011344373452
MO_PETTIS,2015,107.5,global_mean,146.67011344373452
MO_PIKE,2015,96.3,global_mean,146.67011344373452
MO_PLATTE,2015,135.7,global_mean,146.67011344373452
MO_PUTNAM,2015,141.4,global_mean,146.67011344373452
MO_RALLS,2015,111.4,global_mean,146.67011344373452
MO_RANDOLPH,2015,148.5,global_mean,146.67011344373452
MO_SALINE,2015,163.5,global_mean,146.67011344373452
MO_SCOTT,2015,177.3,global_mean,146.67011344373452
MO_SULLIVAN,2015,120.9,global_mean,146.67011344373452
MO_VERNON,2015,122.5,global_mean,146.67011344373452
MO_WAYNE,2015,120.0,global_mean,146.67011344373452
MO_WORTH,2015,126.2,global_mean,146.67011344373452
OH_ADAMS,2015,146.2,global_mean,146.67011344373452
OH_ALLEN,2015,116.7,global_mean,146.67011344373452
OH_ASHTABULA,2015,114.6,global_mean,146.67011344373452
OH_AUGLAIZE,2015,126.8,global_mean,146.67011344373452
OH_BELMONT,2015,100.0,global_mean,146.67011344373452
OH_BROWN,2015,182.9,global_mean,146.67011344373452
OH_BUTLER,2015,157.7,global_mean,146.67011344373452
OH_CHAMPAIGN,2015,179.9,global_mean,146.67011344373452
OH_CLARK,2015,177.5,global_mean,146.67011344373452
OH_CLERMONT,2015,175.0,global_mean,146.67011344373452
OH_CLINTON,2015,184.4,global_mean,146.67011344373452
OH_COLUMBIANA,2015,136.0,global_mean,146.67011344373452
OH_COSHOCTON,2015,138.3,global_mean,146.67011344373452
OH_CRAWFORD,2015,174.0,global_mean,146.67011344373452
OH_DARKE,2015,172.5,global_mean,146.67011344373452
OH_DEFIANCE,2015,131.6,global_mean,146.67011344373452
OH_DELAWARE,2015,140.2,global_mean,146.67011344373452
OH_FAIRFIELD,2015,170.3,global_mean,146.67011344373452
OH_FAYETTE,2015,178.0,global_mean,146.67011344373452
OH_FRANKLIN,2015,159.4,global_mean,146.67011344373452
OH_FULTON,2015,161.3,global_mean,146.67011344373452
OH_GREENE,2015,187.0,global_mean,146.67011344373452
OH_GUERNSEY,2015,157.1,global_mean,146.67011344373452
OH_HAMILTON,2015,174.3,global_mean,146.67011344373452
OH_HANCOCK,2015,141.2,global_mean,146.67011344373452
OH_HARDIN,2015,121.4,global_mean,146.67011344373452
OH_HARRISON,2015,121.9,global_mean,146.67011344373452
OH_HENRY,2015,161.5,global_mean,146.67011344373452
OH_HIGHLAND,2015,178.6,global_mean,146.67011344373452
OH_HOCKING,2015,170.4,global_mean,146.67011344373452
OH_HOLMES,2015,138.7,global_mean,146.67011344373452
OH_HURON,2015,160.2,global_mean,146.67011344373452
OH_KNOX,2015,147.9,global_mean,146.67011344373452
OH_LICKING,2015,156.4,global_mean,146.67011344373452
OH_LOGAN,2015,142.1,global_mean,146.67011344373452
OH_LORAIN,2015,146.5,global_mean,146.67011344373452
OH_LUCAS,2015,159.1,global_mean,146.67011344373452
OH_MADISON,2015,164.5,global_mean,146.67011344373452
OH_MAHONING,2015,125.0,global_mean,146.67011344373452
OH_MARION,2015,164.2,global_mean,146.67011344373452
OH_MEDINA,2015,131.2,global_mean,146.67011344373452
OH_MERCER,2015,117.0,global_mean,146.67011344373452
OH_MIAMI,2015,176.8,global_mean,146.67011344373452
OH_MONTGOMERY,2015,157.5,global_mean,146.67011344373452
OH_MORGAN,2015,132.7,global_mean,146.67011344373452
OH_MORROW,2015,130.9,global_mean,146.67011344373452
OH_MUSKINGUM,2015,158.8,global_mean,146.67011344373452
OH_NOBLE,2015,140.0,global_mean,146.67011344373452
OH_OTTAWA,2015,125.8,global_mean,146.67011344373452
OH_PAULDING,2015,123.2,global_mean,146.67011344373452
OH_PICKAWAY,2015,174.4,global_mean,146.67011344373452
OH_PIKE,2015,172.2,global_mean,146.67011344373452
OH_PORTAGE,2015,110.5,global_mean,146.67011344373452
OH_PREBLE,2015,155.3,global_mean,146.67011344373452
OH_PUTNAM,2015,126.4,global_mean,146.67011344373452
OH_RICHLAND,2015,155.5,global_mean,146.67011344373452
OH_ROSS,2015,186.5,global_mean,146.67011344373452
OH_SANDUSKY,2015,167.2,global_mean,146.67011344373452
OH_SENECA,2015,167.6,global_mean,146.67011344373452
OH_SHELBY,2015,148.6,global_mean,146.67011344373452
OH_STARK,2015,127.4,global_mean,146.67011344373452
OH_TRUMBULL,2015,118.8,global_mean,146.67011344373452
OH_TUSCARAWAS,2015,138.3,global_mean,146.67011344373452
OH_UNION,2015,158.7,global_mean,146.67011344373452
OH_VAN_WERT,2015,102.8,global_mean,146.67011344373452
OH_WARREN,2015,185.4,global_mean,146.67011344373452
OH_WAYNE,2015,129.8,global_mean,146.67011344373452
OH_WILLIAMS,2015,165.9,global_mean,146.67011344373452
OH_WOOD,2015,143.2,global_mean,146.67011344373452
OH_WYANDOT,2015,147.9,global_mean,146.67011344373452
WI_ADAMS,2015,130.3,global_mean,146.67011344373452
WI_BUFFALO,2015,159.9,global_mean,146.67011344373452
WI_COLUMBIA,2015,179.8,global_mean,146.67011344373452
WI_CRAWFORD,2015,146.5,global_mean,146.67011344373452
WI_DANE,2015,183.7,global_mean,146.67011344373452
WI_DODGE,2015,181.3,global_mean,146.67011344373452
WI_DUNN,2015,160.2,global_mean,146.67011344373452
WI_EAU_CLAIRE,2015,158.1,global_mean,146.67011344373452
WI_FOND_DU_LAC,2015,178.5,global_mean,146.67011344373452
WI_GRANT,2015,178.9,global_mean,146.67011344373452
WI_GREEN,2015,170.8,global_mean,146.67011344373452
WI_GREEN_LAKE,2015,179.7,global_mean,146.67011344373452
WI_IOWA,2015,160.3,global_mean,146.67011344373452
WI_JACKSON,2015,146.2,global_mean,146.67011344373452
WI_JEFFERSON,2015,170.1,global_mean,146.67011344373452
WI_JUNEAU,2015,158.3,global_mean,146.67011344373452
WI_KENOSHA,2015,179.5,global_mean,146.67011344373452
WI_LAFAYETTE,2015,194.2,global_mean,146.67011344373452
WI_LANGLADE,2015,132.5,global_mean,146.67011344373452
WI_LA_CROSSE,2015,160.4,global_mean,146.67011344373452
WI_MARINETTE,2015,130.6,global_mean,146.67011344373452
WI_MARQUETTE,2015,128.4,global_mean,146.67011344373452
WI_MONROE,2015,157.9,global_mean,146.67011344373452
WI_OCONTO,2015,133.1,global_mean,146.67011344373452
WI_OUTAGAMIE,2015,157.7,global_mean,146.67011344373452
WI_PEPIN,2015,163.3,global_mean,146.67011344373452
WI_PORTAGE,2015,149.4,global_mean,146.67011344373452
WI_RACINE,2015,180.9,global_mean,146.67011344373452
WI_RICHLAND,2015,143.1,global_mean,146.67011344373452
WI_ROCK,2015,177.1,global_mean,146.67011344373452
WI_SAUK,2015,165.3,global_mean,146.67011344373452
WI_SHEBOYGAN,2015,158.3,global_mean,146.67011344373452
WI_TREMPEALEAU,2015,157.7,global_mean,146.67011344373452
WI_VERNON,2015,152.6,global_mean,146.67011344373452
WI_WALWORTH,2015,180.8,global_mean,146.67011344373452
WI_WASHINGTON,2015,169.4,global_mean,146.67011344373452
WI_WAUKESHA,2015,165.8,global_mean,146.67011344373452
WI_WAUSHARA,2015,162.4,global_mean,146.67011344373452
IA_ADAIR,2015,176.5,county_trend,153.09333333333325
IA_ADAMS,2015,169.6,county_trend,154.6704761904762
IA_ALLAMAKEE,2015,175.4,county_trend,176.05047619047616
IA_APPANOOSE,2015,154.3,county_trend,111.46857142857141
IA_AUDUBON,2015,189.8,county_trend,173.90476190476187
IA_BENTON,2015,187.5,county_trend,169.87809523809517
IA_BLACK_HAWK,2015,192.9,county_trend,167.14666666666665
IA_BOONE,2015,192.3,county_trend,171.0980952380952
IA_BREMER,2015,203.1,county_trend,171.95809523809515
IA_BUCHANAN,2015,191.6,county_trend,170.46761904761905
IA_BUENA_VISTA,2015,202.7,county_trend,177.04857142857142
IA_BUTLER,2015,193.3,county_trend,173.78190476190483
IA_CALHOUN,2015,194.7,county_trend,168.66761904761907
IA_CARROLL,2015,195.4,county_trend,169.52571428571423
IA_CASS,2015,193.7,county_trend,171.43142857142857
IA_CEDAR,2015,188.8,county_trend,180.12476190476193
IA_CERRO_GORDO,2015,196.9,county_trend,164.40095238095236
IA_CHEROKEE,2015,209.6,county_trend,193.30190476190472
IA_CHICKASAW,2015,202.8,county_trend,169.56190476190477
IA_CLARKE,2015,152.4,county_trend,118.01714285714286
IA_CLAY,2015,202.8,county_trend,181.8180952380952
IA_CLAYTON,2015,193.2,county_trend,180.79333333333332
IA_CLINTON,2015,188.2,county_trend,183.1295238095238
IA_CRAWFORD,2015,199.1,county_trend,181.2504761904762
IA_DALLAS,2015,182.4,county_trend,168.87333333333325
IA_DAVIS,2015,142.4,county_trend,119.20952380952377
IA_DECATUR,2015,162.7,county_trend,119.91142857142857
IA_DELAWARE,2015,195.8,county_trend,174.03238095238086
IA_DES_MOINES,2015,176.0,county_trend,167.78095238095236
IA_DICKINSON,2015,194.5,county_trend,174.4161904761905
IA_DUBUQUE,2015,197.0,county_trend,184.45619047619044
IA_EMMET,2015,203.3,county_trend,178.7647619047619
IA_FAYETTE,2015,191.8,county_trend,174.68761904761902
IA_FLOYD,2015,196.5,county_trend,168.36571428571426
IA_FRANKLIN,2015,200.2,county_trend,174.96571428571423
IA_FREMONT,2015,179.9,county_trend,171.50857142857146
IA_GREENE,2015,189.0,county_trend,166.08380952380952
IA_GRUNDY,2015,199.9,county_trend,184.82666666666663
IA_GUTHRIE,2015,179.2,county_trend,157.15904761904756
IA_HAMILTON,2015,198.1,county_trend,159.25999999999993
IA_HANCOCK,2015,201.2,county_trend,175.0742857142857
IA_HARDIN,2015,199.3,county_trend,172.53238095238092
IA_HARRISON,2015,189.5,county_trend,171.14761904761903
IA_HENRY,2015,178.4,county_trend,156.16190476190476
IA_HOWARD,2015,202.1,county_trend,174.2104761904762
IA_HUMBOLDT,2015,194.8,county_trend,171.10476190476186
IA_IDA,2015,203.1,county_trend,194.99714285714288
IA_IOWA,2015,199.3,county_trend,173.2942857142857
IA_JACKSON,2015,190.6,county_trend,169.89999999999992
IA_JASPER,2015,198.9,county_trend,173.72571428571422
IA_JEFFERSON,2015,168.2,county_trend,144.54000000000002
IA_JOHNSON,2015,187.1,county_trend,171.20857142857142
IA_JONES,2015,186.6,county_trend,173.07238095238088
IA_KEOKUK,2015,181.0,county_trend,154.17142857142858
IA_KOSSUTH,2015,199.0,county_trend,183.10190476190473
IA_LEE,2015,145.1,county_trend,147.0295238095238
IA_LINN,2015,189.2,county_trend,171.32476190476189
IA_LOUISA,2015,181.7,county_trend,168.77714285714282
IA_LUCAS,2015,154.8,county_trend,113.45333333333332
IA_LYON,2015,196.0,county_trend,190.37714285714281
IA_MADISON,2015,169.6,county_trend,146.4666666666666
IA_MAHASKA,2015,190.3,county_trend,167.1428571428571
IA_MARION,2015,178.1,county_trend,148.62095238095236
IA_MARSHALL,2015,194.9,county_trend,179.71142857142857
IA_MITCHELL,2015,202.1,county_trend,174.20190476190473
IA_MONONA,2015,169.0,county_trend,166.2438095238095
IA_MONTGOMERY,2015,185.2,county_trend,162.5847619047619
IA_MUSCATINE,2015,177.7,county_trend,168.15523809523808
IA_OSCEOLA,2015,204.7,county_trend,192.3257142857143
IA_PAGE,2015,165.8,county_trend,159.32666666666665
IA_PALO_ALTO,2015,197.5,county_trend,178.13238095238094
IA_PLYMOUTH,2015,203.6,county_trend,181.82666666666665
IA_POCAHONTAS,2015,205.5,county_trend,179.63523809523804
IA_POLK,2015,187.0,county_trend,159.9819047619047
IA_POTTAWATTAMIE,2015,204.0,county_trend,177.9161904761904
IA_POWESHIEK,2015,197.8,county_trend,174.6390476190476
IA_RINGGOLD,2015,147.8,county_trend,119.62285714285716
IA_SAC,2015,204.8,county_trend,173.54285714285706
IA_SCOTT,2015,195.9,county_trend,168.76285714285711
IA_SHELBY,2015,195.3,county_trend,189.31714285714278
IA_SIOUX,2015,201.9,county_trend,189.1838095238095
IA_STORY,2015,188.0,county_trend,161.56285714285713
IA_TAMA,2015,189.5,county_trend,174.91999999999996
IA_VAN_BUREN,2015,158.3,county_trend,139.3266666666666
IA_WAPELLO,2015,159.3,county_trend,143.68666666666664
IA_WARREN,2015,170.3,county_trend,136.92190476190473
IA_WASHINGTON,2015,195.0,county_trend,164.7990476190476
IA_WAYNE,2015,158.0,county_trend,115.61999999999996
IA_WEBSTER,2015,201.0,county_trend,170.00190476190474
IA_WINNESHIEK,2015,185.6,county_trend,182.78761904761907
IA_WOODBURY,2015,202.3,county_trend,177.227619047619
IA_WRIGHT,2015,198.4,county_trend,172.8371428571428
IL_ADAMS,2015,158.1,county_trend,142.23142857142855
IL_BOND,2015,159.9,county_trend,132.9375147928994
IL_BOONE,2015,201.1,county_trend,191.7475881523273
IL_BROWN,2015,157.2,county_trend,146.36952380952374
IL_BUREAU,2015,196.8,county_trend,184.22666666666663
IL_CALHOUN,2015,154.9,county_trend,166.0455621301775
IL_CARROLL,2015,204.2,county_trend,194.39142857142852
IL_CASS,2015,182.2,county_trend,174.167619047619
IL_CHAMPAIGN,2015,189.4,county_trend,178.89714285714277
IL_CHRISTIAN,2015,189.7,county_trend,182.53333333333333
IL_CLARK,2015,164.7,county_trend,142.75023668639042
IL_CLAY,2015,131.2,county_trend,154.90064880112837
IL_CLINTON,2015,162.2,county_trend,143.6990476190476
IL_COLES,2015,188.5,county_trend,167.74952380952377
IL_CRAWFORD,2015,144.1,county_trend,139.87904761904764
IL_CUMBERLAND,2015,163.7,county_trend,148.02571428571426
IL_DE_WITT,2015,207.8,county_trend,188.77923076923074
IL_DOUGLAS,2015,209.1,county_trend,178.2142857142857
IL_EDGAR,2015,180.1,county_trend,169.8828571428571
IL_EFFINGHAM,2015,147.4,county_trend,156.75904761904766
IL_FAYETTE,2015,154.4,county_trend,141.57999999999996
IL_FORD,2015,160.8,county_trend,156.14
IL_FRANKLIN,2015,149.4,county_trend,131.3447619047619
IL_FULTON,2015,170.5,county_trend,166.30666666666664
IL_GALLATIN,2015,167.5,county_trend,157.81142857142854
IL_GREENE,2015,150.5,county_trend,163.00095238095238
IL_GRUNDY,2015,164.1,county_trend,176.1485714285714
IL_HANCOCK,2015,180.3,county_trend,169.79619047619053
IL_HENDERSON,2015,191.9,county_trend,182.01619047619045
IL_HENRY,2015,193.2,county_trend,180.70000000000002
IL_IROQUOIS,2015,123.3,county_trend,163.20095238095237
IL_JASPER,2015,155.1,county_trend,138.207619047619
IL_JEFFERSON,2015,125.4,county_trend,146.70753173483783
IL_JERSEY,2015,159.0,county_trend,164.03999999999996
IL_JO_DAVIESS,2015,183.2,county_trend,169.07047619047623
IL_KANE,2015,184.0,county_trend,186.64476190476185
IL_KANKAKEE,2015,92.5,county_trend,165.27238095238093
IL_KNOX,2015,205.9,county_trend,187.64476190476188
IL_LAKE,2015,155.6,county_trend,156.92285932721714
IL_LAWRENCE,2015,160.1,county_trend,166.00352164343357
IL_LEE,2015,188.4,county_trend,174.82476190476186
IL_LIVINGSTON,2015,185.9,county_trend,174.70190476190476
IL_LOGAN,2015,172.8,county_trend,184.44476190476192
IL_MACON,2015,207.5,county_trend,183.28476190476187
IL_MACOUPIN,2015,152.5,county_trend,150.2685714285714
IL_MADISON,2015,169.8,county_trend,142.10095238095246
IL_MARION,2015,147.5,county_trend,139.01904761904763
IL_MARSHALL,2015,198.4,county_trend,184.50095238095238
IL_MASON,2015,161.5,county_trend,161.93142857142854
IL_MASSAC,2015,171.4,county_trend,165.29354019746123
IL_MCDONOUGH,2015,175.8,county_trend,182.08285714285714
IL_MCHENRY,2015,186.8,county_trend,173.29428571428562
IL_MCLEAN,2015,199.2,county_trend,183.0457142857142
IL_MENARD,2015,188.2,county_trend,174.84218934911237
IL_MERCER,2015,205.7,county_trend,181.91619047619048
IL_MONROE,2015,169.7,county_trend,138.13904761904757
IL_MONTGOMERY,2015,169.8,county_trend,157.50380952380954
IL_MORGAN,2015,180.0,county_trend,176.68571428571423
IL_MOULTRIE,2015,206.2,county_trend,178.527619047619
IL_OGLE,2015,186.6,county_trend,187.24666666666664
IL_PEORIA,2015,185.9,county_trend,186.62666666666667
IL_PERRY,2015,144.7,county_trend,117.83714285714284
IL_PIATT,2015,220.5,county_trend,186.36285714285708
IL_PIKE,2015,133.9,county_trend,152.32190476190473
IL_POPE,2015,164.1,county_trend,122.14363057324836
IL_PULASKI,2015,152.2,county_trend,152.06666666666666
IL_PUTNAM,2015,186.3,county_trend,192.27142454160796
IL_RANDOLPH,2015,141.0,county_trend,129.45171597633137
IL_RICHLAND,2015,143.3,county_trend,132.43619047619046
IL_ROCK_ISLAND,2015,193.7,county_trend,187.25864598025393
IL_SALINE,2015,172.1,county_trend,148.70095238095237
IL_SANGAMON,2015,183.5,county_trend,186.5933333333333
IL_SCHUYLER,2015,159.5,county_trend,153.86857142857136
IL_SCOTT,2015,149.2,county_trend,162.62666666666664
IL_SHELBY,2015,175.6,county_trend,164.85809523809522
IL_STARK,2015,210.9,county_trend,189.37904761904758
IL_STEPHENSON,2015,192.5,county_trend,178.93904761904756
IL_TAZEWELL,2015,182.5,county_trend,186.40190476190475
IL_VERMILION,2015,168.0,county_trend,171.96571428571428
IL_WABASH,2015,159.8,county_trend,144.5304761904762
IL_WARREN,2015,202.0,county_trend,193.36285714285705
IL_WASHINGTON,2015,151.9,county_trend,137.76380952380956
IL_WHITE,2015,171.3,county_trend,162.55619047619047
IL_WHITESIDE,2015,184.0,county_trend,177.23999999999995
IL_WILL,2015,159.9,county_trend,166.90095238095233
IL_WILLIAMSON,2015,164.9,county_trend,141.83142857142852
IL_WINNEBAGO,2015,184.8,county_trend,174.82095238095235
IL_WOODFORD,2015,201.0,county_trend,186.55238095238093
IN_ADAMS,2015,103.5,county_trend,162.47714285714287
IN_ALLEN,2015,120.7,county_trend,163.92476190476188
IN_BARTHOLOMEW,2015,161.0,county_trend,150.18571428571425
IN_BENTON,2015,169.3,county_trend,178.31714285714284
IN_BLACKFORD,2015,117.5,county_trend,158.5685714285714
IN_BOONE,2015,136.5,county_trend,170.5628571428571
IN_CARROLL,2015,157.2,county_trend,183.16285714285706
IN_CASS,2015,129.4,county_trend,169.91047619047615
IN_CLARK,2015,162.1,county_trend,137.04095238095235
IN_CLAY,2015,165.5,county_trend,144.7
IN_CLINTON,2015,146.6,county_trend,192.4009523809523
IN_DAVIESS,2015,174.4,county_trend,166.3152380952381
IN_DEARBORN,2015,151.9,county_trend,134.14190476190475
IN_DECATUR,2015,177.9,county_trend,159.40095238095233
IN_DELAWARE,2015,130.1,county_trend,155.1219047619047
IN_DUBOIS,2015,165.8,county_trend,157.24190476190478
IN_ELKHART,2015,154.7,county_trend,161.20597826086964
IN_FAYETTE,2015,181.5,county_trend,151.27809523809518
IN_FLOYD,2015,158.1,county_trend,111.32000000000002
IN_FOUNTAIN,2015,169.4,county_trend,176.72190476190477
IN_FRANKLIN,2015,182.4,county_trend,158.407619047619
IN_FULTON,2015,142.1,county_trend,172.06380952380948
IN_GIBSON,2015,177.1,county_trend,157.73597826086962
IN_GRANT,2015,135.1,county_trend,180.4239259748843
IN_HAMILTON,2015,145.4,county_trend,168.63142857142856
IN_HANCOCK,2015,149.9,county_trend,158.3933333333333
IN_HARRISON,2015,173.1,county_trend,134.6295238095238
IN_HENDRICKS,2015,149.7,county_trend,152.74095238095236
IN_HENRY,2015,158.0,county_trend,159.16739644970406
IN_HOWARD,2015,160.4,county_trend,185.3184023668638
IN_HUNTINGTON,2015,123.1,county_trend,169.3447619047619
IN_JACKSON,2015,151.6,county_trend,133.90666666666664
IN_JASPER,2015,98.3,county_trend,173.69142857142853
IN_JAY,2015,108.3,county_trend,150.36165680473374
IN_JEFFERSON,2015,151.8,county_trend,141.72488687782797
IN_JENNINGS,2015,160.3,county_trend,141.31619047619046
IN_JOHNSON,2015,152.0,county_trend,140.3390476190476
IN_KNOX,2015,164.5,county_trend,159.80336956521745
IN_KOSCIUSKO,2015,170.9,county_trend,161.35142857142853
IN_LAGRANGE,2015,150.0,county_trend,140.5038095238095
IN_LAKE,2015,142.0,county_trend,170.3438095238095
IN_LAWRENCE,2015,178.4,county_trend,139.73887573964495
IN_MADISON,2015,136.3,county_trend,172.0838095238095
IN_MARION,2015,167.8,county_trend,163.60990502035276
IN_MARSHALL,2015,143.7,county_trend,162.3952380952381
IN_MARTIN,2015,149.4,county_trend,143.4260946745561
IN_MIAMI,2015,138.6,county_trend,164.0980952380952
IN_MONROE,2015,158.8,county_trend,141.16857142857137
IN_MONTGOMERY,2015,176.5,county_trend,180.69333333333327
IN_MORGAN,2015,155.4,county_trend,141.48095238095235
IN_NEWTON,2015,110.9,county_trend,176.58666666666664
IN_NOBLE,2015,163.1,county_trend,150.24857142857144
IN_ORANGE,2015,190.5,county_trend,149.06857142857146
IN_OWEN,2015,164.1,county_trend,110.2942857142857
IN_PARKE,2015,160.8,county_trend,144.13846153846157
IN_PORTER,2015,151.5,county_trend,180.19428571428568
IN_POSEY,2015,190.3,county_trend,160.8409523809524
IN_PULASKI,2015,109.7,county_trend,157.70571428571427
IN_PUTNAM,2015,149.6,county_trend,156.1171428571428
IN_RANDOLPH,2015,144.8,county_trend,156.1057142857143
IN_RIPLEY,2015,158.7,county_trend,146.99333333333334
IN_RUSH,2015,169.7,county_trend,161.45904761904765
IN_SCOTT,2015,167.8,county_trend,149.71428571428567
IN_SHELBY,2015,157.2,county_trend,143.25333333333327
IN_SPENCER,2015,163.7,county_trend,152.61238095238087
IN_ST._JOSEPH,2015,151.5,county_trend,161.17619047619047
IN_STARKE,2015,97.6,county_trend,147.23619047619044
IN_SULLIVAN,2015,163.0,county_trend,179.80770359501088
IN_TIPPECANOE,2015,147.9,county_trend,179.0828571428571
IN_TIPTON,2015,173.4,county_trend,194.17809523809524
IN_UNION,2015,174.0,county_trend,175.2228571428571
IN_VANDERBURGH,2015,166.4,county_trend,151.2161904761904
IN_VERMILLION,2015,156.3,county_trend,170.45333333333326
IN_VIGO,2015,164.0,county_trend,129.93340659340657
IN_WABASH,2015,135.3,county_trend,167.0057608695653
IN_WARREN,2015,178.7,county_trend,179.6180952380952
IN_WARRICK,2015,151.9,county_trend,147.25142857142856
IN_WASHINGTON,2015,156.0,county_trend,136.38571428571424
IN_WAYNE,2015,161.2,county_trend,152.11523809523808
IN_WELLS,2015,112.5,county_trend,165.9185798816567
IN_WHITE,2015,128.0,county_trend,176.29047619047617
IN_WHITLEY,2015,138.8,county_trend,153.9180952380952
MI_ALLEGAN,2015,156.3,county_trend,160.276043956044
MI_BARRY,2015,157.4,county_trend,153.68761904761908
MI_BRANCH,2015,172.2,county_trend,151.86380952380946
MI_CALHOUN,2015,144.4,county_trend,144.0790476190476
MI_CASS,2015,159.3,county_trend,173.38666666666663
MI_CLINTON,2015,171.7,county_trend,158.11523809523808
MI_EATON,2015,163.2,county_trend,160.66761904761904
MI_GENESEE,2015,165.5,county_trend,149.68095238095236
MI_GRATIOT,2015,170.8,county_trend,163.10285714285715
MI_HILLSDALE,2015,155.9,county_trend,152.3742857142857
MI_HURON,2015,198.8,county_trend,184.10857142857137
MI_INGHAM,2015,171.9,county_trend,160.75714285714284
MI_IONIA,2015,183.3,county_trend,163.91714285714286
MI_JACKSON,2015,141.1,county_trend,139.4961904761905
MI_KALAMAZOO,2015,143.8,county_trend,175.37809523809526
MI_KENT,2015,170.6,county_trend,154.77619047619044
MI_LAPEER,2015,174.3,county_trend,156.18857142857135
MI_LENAWEE,2015,161.1,county_trend,161.3838095238095
MI_LIVINGSTON,2015,161.1,county_trend,156.2904761904762
MI_MACOMB,2015,154.4,county_trend,168.5885714285714
MI_MIDLAND,2015,159.5,county_trend,170.3466666666667
MI_MONROE,2015,150.3,county_trend,156.6933333333333
MI_MONTCALM,2015,159.3,county_trend,152.27142857142854
MI_MUSKEGON,2015,144.4,county_trend,145.53055057618442
MI_NEWAYGO,2015,139.3,county_trend,133.69904761904758
MI_OAKLAND,2015,145.0,county_trend,146.17419354838714
MI_OCEANA,2015,123.0,county_trend,136.88591549295768
MI_OTTAWA,2015,155.6,county_trend,149.56761904761902
MI_SAGINAW,2015,169.3,county_trend,167.37714285714284
MI_SANILAC,2015,183.7,county_trend,177.8133333333333
MI_SHIAWASSEE,2015,176.3,county_trend,158.76
MI_TUSCOLA,2015,192.0,county_trend,177.71142857142854
MI_WASHTENAW,2015,147.6,county_trend,145.74476190476187
MI_WAYNE,2015,130.0,county_trend,134.0621863799283
MN_BLUE_EARTH,2015,201.4,county_trend,181.08666666666664
MN_BROWN,2015,189.0,county_trend,177.61714285714282
MN_CHIPPEWA,2015,193.5,county_trend,174.79904761904757
MN_FILLMORE,2015,192.0,county_trend,185.91904761904755
MN_GOODHUE,2015,202.4,county_trend,191.81238095238092
MN_HOUSTON,2015,185.3,county_trend,176.69238095238092
MN_MARTIN,2015,203.4,county_trend,187.44761904761907
MN_MURRAY,2015,199.5,county_trend,178.47047619047618
MN_NICOLLET,2015,206.8,county_trend,170.3752380952381
MN_NOBLES,2015,193.5,county_trend,179.89333333333332
MN_PIPESTONE,2015,191.9,county_trend,163.4552380952381
MN_REDWOOD,2015,197.6,county_trend,174.86666666666662
MN_RENVILLE,2015,190.8,county_trend,171.3647619047619
MN_ROCK,2015,198.8,county_trend,180.98761904761898
MN_WABASHA,2015,188.5,county_trend,188.0371428571429
MN_WINONA,2015,186.5,county_trend,184.92095238095231
MN_YELLOW_MEDICINE,2015,187.3,county_trend,165.17333333333332
MO_ADAIR,2015,128.5,county_trend,114.75142857142856
MO_AUDRAIN,2015,109.4,county_trend,122.13333333333331
MO_BARTON,2015,148.7,county_trend,110.39100591715976
MO_BOLLINGER,2015,146.2,county_trend,131.67978021978018
MO_BOONE,2015,125.0,county_trend,121.48666666666661
MO_BUCHANAN,2015,141.2,county_trend,142.4437362637363
MO_CALDWELL,2015,132.8,county_trend,115.93809523809526
MO_CAPE_GIRARDEAU,2015,158.7,county_trend,136.06761904761902
MO_CARROLL,2015,132.7,county_trend,121.23186813186813
MO_CASS,2015,140.7,county_trend,113.52666666666664
MO_CEDAR,2015,98.2,county_trend,94.7541302887844
MO_CHARITON,2015,139.5,county_trend,124.35523809523806
MO_CLAY,2015,122.5,county_trend,145.62571428571428
MO_CLINTON,2015,127.1,county_trend,142.05047619047616
MO_COLE,2015,123.1,county_trend,142.87238095238095
MO_DADE,2015,118.5,county_trend,99.62285714285716
MO_DUNKLIN,2015,179.0,county_trend,175.87868362004482
MO_FRANKLIN,2015,138.6,county_trend,132.66190476190476
MO_GASCONADE,2015,87.7,county_trend,122.6838095238095
MO_JASPER,2015,130.8,county_trend,65.65274725274723
MO_JEFFERSON,2015,135.0,county_trend,118.06190476190476
MO_JOHNSON,2015,138.2,county_trend,128.1866666666666
MO_LAFAYETTE,2015,156.4,county_trend,159.7152380952381
MO_LAWRENCE,2015,142.9,county_trend,102.89228260869567
MO_LEWIS,2015,118.5,county_trend,108.83238095238094
MO_LIVINGSTON,2015,140.3,county_trend,98.45582417582416
MO_MISSISSIPPI,2015,194.8,county_trend,173.7257142857143
MO_MONROE,2015,140.5,county_trend,111.5238095238095
MO_MORGAN,2015,136.9,county_trend,105.40952380952382
MO_NODAWAY,2015,137.5,county_trend,142.65619047619052
MO_PERRY,2015,160.9,county_trend,134.23999999999995
MO_PETTIS,2015,107.5,county_trend,121.32095238095238
MO_PIKE,2015,96.3,county_trend,135.76666666666662
MO_PLATTE,2015,135.7,county_trend,130.39903173749332
MO_PUTNAM,2015,141.4,county_trend,94.76593406593406
MO_RALLS,2015,111.4,county_trend,107.70615384615385
MO_RANDOLPH,2015,148.5,county_trend,117.39032608695658
MO_SALINE,2015,163.5,county_trend,155.90761904761902
MO_SCOTT,2015,177.3,county_trend,159.97307692307692
MO_SULLIVAN,2015,120.9,county_trend,105.41904761904762
MO_VERNON,2015,122.5,county_trend,99.84573672400896
MO_WAYNE,2015,120.0,county_trend,76.54347826086962
MO_WORTH,2015,126.2,county_trend,122.69809523809526
OH_ADAMS,2015,146.2,county_trend,134.23333333333335
OH_ALLEN,2015,116.7,county_trend,163.92380952380952
OH_ASHTABULA,2015,114.6,county_trend,151.3190476190476
OH_AUGLAIZE,2015,126.8,county_trend,161.3009523809523
OH_BELMONT,2015,100.0,county_trend,119.64275265957448
OH_BROWN,2015,182.9,county_trend,161.68285714285713
OH_BUTLER,2015,157.7,county_trend,144.73142857142855
OH_CHAMPAIGN,2015,179.9,county_trend,173.88952380952378
OH_CLARK,2015,177.5,county_trend,181.44000000000003
OH_CLERMONT,2015,175.0,county_trend,163.53189349112415
OH_CLINTON,2015,184.4,county_trend,181.71714285714285
OH_COLUMBIANA,2015,136.0,county_trend,164.45999999999995
OH_COSHOCTON,2015,138.3,county_trend,158.69333333333336
OH_CRAWFORD,2015,174.0,county_trend,177.71904761904761
OH_DARKE,2015,172.5,county_trend,157.27619047619046
OH_DEFIANCE,2015,131.6,county_trend,145.92952380952377
OH_DELAWARE,2015,140.2,county_trend,166.50380952380945
OH_FAIRFIELD,2015,170.3,county_trend,164.38666666666666
OH_FAYETTE,2015,178.0,county_trend,173.17510869565228
OH_FRANKLIN,2015,159.4,county_trend,178.99576999339058
OH_FULTON,2015,161.3,county_trend,171.53333333333333
OH_GREENE,2015,187.0,county_trend,186.0742857142857
OH_GUERNSEY,2015,157.1,county_trend,149.70056994818654
OH_HAMILTON,2015,174.3,county_trend,157.0536094674556
OH_HANCOCK,2015,141.2,county_trend,175.90857142857143
OH_HARDIN,2015,121.4,county_trend,169.5380952380952
OH_HARRISON,2015,121.9,county_trend,146.6589406001225
OH_HENRY,2015,161.5,county_trend,165.02476190476187
OH_HIGHLAND,2015,178.6,county_trend,165.69619047619042
OH_HOCKING,2015,170.4,county_trend,150.8232642487047
OH_HOLMES,2015,138.7,county_trend,161.9352380952381
OH_HURON,2015,160.2,county_trend,169.76952380952386
OH_KNOX,2015,147.9,county_trend,160.61714285714285
OH_LICKING,2015,156.4,county_trend,158.76
OH_LOGAN,2015,142.1,county_trend,168.4142857142857
OH_LORAIN,2015,146.5,county_trend,159.37142857142854
OH_LUCAS,2015,159.1,county_trend,171.5428571428571
OH_MADISON,2015,164.5,county_trend,176.11523809523806
OH_MAHONING,2015,125.0,county_trend,157.0904761904762
OH_MARION,2015,164.2,county_trend,171.8847619047619
OH_MEDINA,2015,131.2,county_trend,155.10380952380953
OH_MERCER,2015,117.0,county_trend,163.41809523809525
OH_MIAMI,2015,176.8,county_trend,164.15714285714284
OH_MONTGOMERY,2015,157.5,county_trend,149.26571428571427
OH_MORGAN,2015,132.7,county_trend,139.57904761904763
OH_MORROW,2015,130.9,county_trend,162.3780952380952
OH_MUSKINGUM,2015,158.8,county_trend,162.8038095238095
OH_NOBLE,2015,140.0,county_trend,141.50966029723995
OH_OTTAWA,2015,125.8,county_trend,168.6247619047619
OH_PAULDING,2015,123.2,county_trend,156.68190476190475
OH_PICKAWAY,2015,174.4,county_trend,160.21523809523805
OH_PIKE,2015,172.2,county_trend,173.94984690753216
OH_PORTAGE,2015,110.5,county_trend,148.85621761658032
OH_PREBLE,2015,155.3,county_trend,152.9895238095238
OH_PUTNAM,2015,126.4,county_trend,171.41619047619042
OH_RICHLAND,2015,155.5,county_trend,160.99523809523808
OH_ROSS,2015,186.5,county_trend,171.0206488011284
OH_SANDUSKY,2015,167.2,county_trend,170.9742857142857
OH_SENECA,2015,167.6,county_trend,160.90285714285716
OH_SHELBY,2015,148.6,county_trend,166.75523809523807
OH_STARK,2015,127.4,county_trend,159.23846153846156
OH_TRUMBULL,2015,118.8,county_trend,165.83333333333337
OH_TUSCARAWAS,2015,138.3,county_trend,159.70190476190476
OH_UNION,2015,158.7,county_trend,170.48761904761898
OH_VAN_WERT,2015,102.8,county_trend,163.82857142857142
OH_WARREN,2015,185.4,county_trend,169.56095238095241
OH_WAYNE,2015,129.8,county_trend,160.7180952380952
OH_WILLIAMS,2015,165.9,county_trend,154.38095238095235
OH_WOOD,2015,143.2,county_trend,172.94666666666666
OH_WYANDOT,2015,147.9,county_trend,170.05047619047616
WI_ADAMS,2015,130.3,county_trend,139.38952380952384
WI_BUFFALO,2015,159.9,county_trend,154.58190476190478
WI_COLUMBIA,2015,179.8,county_trend,156.8104761904762
WI_CRAWFORD,2015,146.5,county_trend,151.32190476190476
WI_DANE,2015,183.7,county_trend,167.5904761904762
WI_DODGE,2015,181.3,county_trend,165.5409523809523
WI_DUNN,2015,160.2,county_trend,142.2438095238095
WI_EAU_CLAIRE,2015,158.1,county_trend,144.6152380952381
WI_FOND_DU_LAC,2015,178.5,county_trend,166.09619047619043
WI_GRANT,2015,178.9,county_trend,168.72571428571422
WI_GREEN,2015,170.8,county_trend,159.3790476190476
WI_GREEN_LAKE,2015,179.7,county_trend,151.74380952380955
WI_IOWA,2015,160.3,county_trend,170.53333333333333
WI_JACKSON,2015,146.2,county_trend,143.42285714285708
WI_JEFFERSON,2015,170.1,county_trend,160.30285714285716
WI_JUNEAU,2015,158.3,county_trend,137.2314285714286
WI_KENOSHA,2015,179.5,county_trend,169.36952380952377
WI_LAFAYETTE,2015,194.2,county_trend,160.84666666666658
WI_LANGLADE,2015,132.5,county_trend,106.17244897959182
WI_LA_CROSSE,2015,160.4,county_trend,163.24190476190472
WI_MARINETTE,2015,130.6,county_trend,128.2580952380952
WI_MARQUETTE,2015,128.4,county_trend,120.49047619047617
WI_MONROE,2015,157.9,county_trend,141.84285714285713
WI_OCONTO,2015,133.1,county_trend,141.78285714285713
WI_OUTAGAMIE,2015,157.7,county_trend,149.08380952380952
WI_PEPIN,2015,163.3,county_trend,152.56190476190474
WI_PORTAGE,2015,149.4,county_trend,146.60666666666665
WI_RACINE,2015,180.9,county_trend,167.0390476190476
WI_RICHLAND,2015,143.1,county_trend,145.6142857142857
WI_ROCK,2015,177.1,county_trend,166.40571428571423
WI_SAUK,2015,165.3,county_trend,150.55714285714285
WI_SHEBOYGAN,2015,158.3,county_trend,149.49047619047616
WI_TREMPEALEAU,2015,157.7,county_trend,147.62571428571428
WI_VERNON,2015,152.6,county_trend,153.58761904761897
WI_WALWORTH,2015,180.8,county_trend,167.3752380952381
WI_WASHINGTON,2015,169.4,county_trend,142.7742857142857
WI_WAUKESHA,2015,165.8,county_trend,151.37999999999997
WI_WAUSHARA,2015,162.4,county_trend,159.8038095238095
IA_ADAIR,2015,176.5,ridge,173.40040858537571
IA_ADAMS,2015,169.6,ridge,171.04951132396837
IA_ALLAMAKEE,2015,175.4,ridge,183.43797692913475
IA_APPANOOSE,2015,154.3,ridge,172.00225703088245
IA_AUDUBON,2015,189.8,ridge,178.8874453327299
IA_BENTON,2015,187.5,ridge,177.1679496572697
IA_BLACK_HAWK,2015,192.9,ridge,181.09933661007597
IA_BOONE,2015,192.3,ridge,176.16790060928872
IA_BREMER,2015,203.1,ridge,185.1671019512848
IA_BUCHANAN,2015,191.6,ridge,181.3621770215783
IA_BUENA_VISTA,2015,202.7,ridge,186.16296256814812
IA_BUTLER,2015,193.3,ridge,183.87915264793858
IA_CALHOUN,2015,194.7,ridge,183.54517834704188
IA_CARROLL,2015,195.4,ridge,182.2987614004875
IA_CASS,2015,193.7,ridge,174.7836700011802
IA_CEDAR,2015,188.8,ridge,176.13916711603525
IA_CERRO_GORDO,2015,196.9,ridge,186.5816190938946
IA_CHEROKEE,2015,209.6,ridge,185.65357345787424
IA_CHICKASAW,2015,202.8,ridge,186.82463234878026
IA_CLARKE,2015,152.4,ridge,171.71148368486496
IA_CLAY,2015,202.8,ridge,187.5932419252262
IA_CLAYTON,2015,193.2,ridge,182.18745125050717
IA_CLINTON,2015,188.2,ridge,181.35513006357692
IA_CRAWFORD,2015,199.1,ridge,184.04223237650967
IA_DALLAS,2015,182.4,ridge,173.49727179902422
IA_DAVIS,2015,142.4,ridge,172.7967592420494
IA_DECATUR,2015,162.7,ridge,169.52625660707454
IA_DELAWARE,2015,195.8,ridge,181.71883564331952
IA_DES_MOINES,2015,176.0,ridge,179.0890169506622
IA_DICKINSON,2015,194.5,ridge,188.5897968264734
IA_DUBUQUE,2015,197.0,ridge,180.3639607756891
IA_EMMET,2015,203.3,ridge,188.42239145884616
IA_FAYETTE,2015,191.8,ridge,184.16689727946977
IA_FLOYD,2015,196.5,ridge,185.24671383811238
IA_FRANKLIN,2015,200.2,ridge,184.62344417519324
IA_FREMONT,2015,179.9,ridge,167.88050827110453
IA_GREENE,2015,189.0,ridge,178.66937960580438
IA_GRUNDY,2015,199.9,ridge,181.47219246439786
IA_GUTHRIE,2015,179.2,ridge,175.5646498318247
IA_HAMILTON,2015,198.1,ridge,180.57408267633215
IA_HANCOCK,2015,201.2,ridge,187.27041605468656
IA_HARDIN,2015,199.3,ridge,180.58290147168586
IA_HARRISON,2015,189.5,ridge,181.9999823307332
IA_HENRY,2015,178.4,ridge,177.00975966411602
IA_HOWARD,2015,202.1,ridge,188.8212365731077
IA_HUMBOLDT,2015,194.8,ridge,185.32146125096642
IA_IDA,2015,203.1,ridge,185.29923711305594
IA_IOWA,2015,199.3,ridge,172.12217029311486
IA_JACKSON,2015,190.6,ridge,178.90946580715263
IA_JASPER,2015,198.9,ridge,174.41969103925314
IA_JEFFERSON,2015,168.2,ridge,175.0524983429479
IA_JOHNSON,2015,187.1,ridge,172.29995873965575
IA_JONES,2015,186.6,ridge,178.73907576894723
IA_KEOKUK,2015,181.0,ridge,170.56960741831102
IA_KOSSUTH,2015,199.0,ridge,187.26712410374654
IA_LEE,2015,145.1,ridge,179.01982520312495
IA_LINN,2015,189.2,ridge,176.98901053285215
IA_LOUISA,2015,181.7,ridge,173.81106643806257
IA_LUCAS,2015,154.8,ridge,170.3021125406789
IA_LYON,2015,196.0,ridge,184.69993166835582
IA_MADISON,2015,169.6,ridge,172.18244842108976
IA_MAHASKA,2015,190.3,ridge,168.84244427494676
IA_MARION,2015,178.1,ridge,168.11969121693448
IA_MARSHALL,2015,194.9,ridge,177.7952612050857
IA_MITCHELL,2015,202.1,ridge,187.97203615728034
IA_MONONA,2015,169.0,ridge,182.66164516869574
IA_MONTGOMERY,2015,185.2,ridge,169.8567033589834
IA_MUSCATINE,2015,177.7,ridge,173.45312707750128
IA_OSCEOLA,2015,204.7,ridge,187.3250487854978
IA_PAGE,2015,165.8,ridge,166.56522690602063
IA_PALO_ALTO,2015,197.5,ridge,187.33129389022918
IA_PLYMOUTH,2015,203.6,ridge,184.30787093953745
IA_POCAHONTAS,2015,205.5,ridge,185.82315664606534
IA_POLK,2015,187.0,ridge,173.3233838703591
IA_POTTAWATTAMIE,2015,204.0,ridge,176.83402382818136
IA_POWESHIEK,2015,197.8,ridge,173.83305280029117
IA_RINGGOLD,2015,147.8,ridge,169.2581810728111
IA_SAC,2015,204.8,ridge,184.70630299726008
IA_SCOTT,2015,195.9,ridge,181.23470742199117
IA_SHELBY,2015,195.3,ridge,181.27253452791768
IA_SIOUX,2015,201.9,ridge,185.0554540493239
IA_STORY,2015,188.0,ridge,176.87759553396745
IA_TAMA,2015,189.5,ridge,177.1281629186899
IA_VAN_BUREN,2015,158.3,ridge,175.10341707308325
IA_WAPELLO,2015,159.3,ridge,170.69165722170146
IA_WARREN,2015,170.3,ridge,171.55459208995683
IA_WASHINGTON,2015,195.0,ridge,171.91619758225443
IA_WAYNE,2015,158.0,ridge,170.75832043835743
IA_WEBSTER,2015,201.0,ridge,182.70670632360316
IA_WINNESHIEK,2015,185.6,ridge,185.64888282475087
IA_WOODBURY,2015,202.3,ridge,183.4520188651521
IA_WRIGHT,2015,198.4,ridge,185.07066397992455
IL_ADAMS,2015,158.1,ridge,182.00119040306893
IL_BOND,2015,159.9,ridge,174.92222442043845
IL_BOONE,2015,201.1,ridge,185.61277533767685
IL_BROWN,2015,157.2,ridge,183.269112531465
IL_BUREAU,2015,196.8,ridge,188.71880424951235
IL_CALHOUN,2015,154.9,ridge,181.1739884048686
IL_CARROLL,2015,204.2,ridge,182.10567847266498
IL_CASS,2015,182.2,ridge,182.58858863574932
IL_CHAMPAIGN,2015,189.4,ridge,185.29450883745068
IL_CHRISTIAN,2015,189.7,ridge,180.52633089595653
IL_CLARK,2015,164.7,ridge,171.8677081752785
IL_CLAY,2015,131.2,ridge,169.66285457341627
IL_CLINTON,2015,162.2,ridge,172.76868741807013
IL_COLES,2015,188.5,ridge,177.06362863515164
IL_CRAWFORD,2015,144.1,ridge,168.10447626252807
IL_CUMBERLAND,2015,163.7,ridge,175.00990491539622
IL_DE_WITT,2015,207.8,ridge,187.1935288666861
IL_DOUGLAS,2015,209.1,ridge,181.93265944904334
IL_EDGAR,2015,180.1,ridge,177.09688736793325
IL_EFFINGHAM,2015,147.4,ridge,174.10821049261727
IL_FAYETTE,2015,154.4,ridge,175.0129691983351
IL_FORD,2015,160.8,ridge,191.3275273843073
IL_FRANKLIN,2015,149.4,ridge,161.72132315009924
IL_FULTON,2015,170.5,ridge,183.46278634084643
IL_GALLATIN,2015,167.5,ridge,158.45249317317385
IL_GREENE,2015,150.5,ridge,179.65327970594902
IL_GRUNDY,2015,164.1,ridge,192.66353632956194
IL_HANCOCK,2015,180.3,ridge,182.501662080346
IL_HENDERSON,2015,191.9,ridge,182.02588450539542
IL_HENRY,2015,193.2,ridge,185.6838667029386
IL_IROQUOIS,2015,123.3,ridge,189.27479467686183
IL_JASPER,2015,155.1,ridge,171.12206865565915
IL_JEFFERSON,2015,125.4,ridge,165.71165654282834
IL_JERSEY,2015,159.0,ridge,178.28497814277034
IL_JO_DAVIESS,2015,183.2,ridge,178.28719645556248
IL_KANE,2015,184.0,ridge,187.0417381093768
IL_KANKAKEE,2015,92.5,ridge,192.3609675091729
IL_KNOX,2015,205.9,ridge,184.52435062961013
IL_LAKE,2015,155.6,ridge,177.40584427825064
IL_LAWRENCE,2015,160.1,ridge,165.54008332746903
IL_LEE,2015,188.4,ridge,189.41463781079187
IL_LIVINGSTON,2015,185.9,ridge,193.46266718125304
IL_LOGAN,2015,172.8,ridge,185.55625077329435
IL_MACON,2015,207.5,ridge,182.7418119226525
IL_MACOUPIN,2015,152.5,ridge,178.52465566383148
IL_MADISON,2015,169.8,ridge,176.14163520972994
IL_MARION,2015,147.5,ridge,171.62546675063012
IL_MARSHALL,2015,198.4,ridge,187.8093437904004
IL_MASON,2015,161.5,ridge,185.53885108151817
IL_MASSAC,2015,171.4,ridge,145.17398245919355
IL_MCDONOUGH,2015,175.8,ridge,184.68994338650668
IL_MCHENRY,2015,186.8,ridge,181.04951728767045
IL_MCLEAN,2015,199.2,ridge,190.8477447824956
IL_MENARD,2015,188.2,ridge,182.01570149058165
IL_MERCER,2015,205.7,ridge,177.76351790588478
IL_MONROE,2015,169.7,ridge,167.66237387211638
IL_MONTGOMERY,2015,169.8,ridge,179.73320997172897
IL_MORGAN,2015,180.0,ridge,181.86968557702033
IL_MOULTRIE,2015,206.2,ridge,181.05378932575616
IL_OGLE,2015,186.6,ridge,186.7791889738065
IL_PEORIA,2015,185.9,ridge,185.43078965898886
IL_PERRY,2015,144.7,ridge,164.2486734624736
IL_PIATT,2015,220.5,ridge,184.3828317325784
IL_PIKE,2015,133.9,ridge,182.20558100383852
IL_POPE,2015,164.1,ridge,149.9989186160251
IL_PULASKI,2015,152.2,ridge,146.91969840290557
IL_PUTNAM,2015,186.3,ridge,186.79722417009566
IL_RANDOLPH,2015,141.0,ridge,162.79002965283914
IL_RICHLAND,2015,143.3,ridge,167.54448238951178
IL_ROCK_ISLAND,2015,193.7,ridge,177.82782438658938
IL_SALINE,2015,172.1,ridge,158.12813887684197
IL_SANGAMON,2015,183.5,ridge,181.40967977226472
IL_SCHUYLER,2015,159.5,ridge,182.1695213528473
IL_SCOTT,2015,149.2,ridge,182.41282519019623
IL_SHELBY,2015,175.6,ridge,178.26952782636548
IL_STARK,2015,210.9,ridge,189.00659256771934
IL_STEPHENSON,2015,192.5,ridge,184.6361320740711
IL_TAZEWELL,2015,182.5,ridge,186.9580323150946
IL_VERMILION,2015,168.0,ridge,182.71675017187476
IL_WABASH,2015,159.8,ridge,164.50086619931497
IL_WARREN,2015,202.0,ridge,184.35706742214649
IL_WASHINGTON,2015,151.9,ridge,167.38049968202856
IL_WHITE,2015,171.3,ridge,162.2539130129618
IL_WHITESIDE,2015,184.0,ridge,185.0082070884867
IL_WILL,2015,159.9,ridge,192.40885109194681
IL_WILLIAMSON,2015,164.9,ridge,157.87339804651845
IL_WINNEBAGO,2015,184.8,ridge,184.86931613626047
IL_WOODFORD,2015,201.0,ridge,189.80214417514082
IN_ADAMS,2015,103.5,ridge,175.289820494662
IN_ALLEN,2015,120.7,ridge,180.71073546397147
IN_BARTHOLOMEW,2015,161.0,ridge,153.11746513712458
IN_BENTON,2015,169.3,ridge,181.77582190374858
IN_BLACKFORD,2015,117.5,ridge,174.3021413459904
IN_BOONE,2015,136.5,ridge,171.0332528915226
IN_CARROLL,2015,157.2,ridge,176.28246698911659
IN_CASS,2015,129.4,ridge,177.08940682919342
IN_CLARK,2015,162.1,ridge,145.767230407602
IN_CLAY,2015,165.5,ridge,162.7728460935689
IN_CLINTON,2015,146.6,ridge,174.5309684584602
IN_DAVIESS,2015,174.4,ridge,154.2301026976479
IN_DEARBORN,2015,151.9,ridge,154.90031375574085
IN_DECATUR,2015,177.9,ridge,158.893352651784
IN_DELAWARE,2015,130.1,ridge,171.12150646275262
IN_DUBOIS,2015,165.8,ridge,145.97861745428528
IN_ELKHART,2015,154.7,ridge,183.37823885271956
IN_FAYETTE,2015,181.5,ridge,164.4266267352582
IN_FLOYD,2015,158.1,ridge,144.3631208675089
IN_FOUNTAIN,2015,169.4,ridge,173.00365690338563
IN_FRANKLIN,2015,182.4,ridge,159.6999598189156
IN_FULTON,2015,142.1,ridge,180.88105753657035
IN_GIBSON,2015,177.1,ridge,156.0393900882552
IN_GRANT,2015,135.1,ridge,174.4174518088612
IN_HAMILTON,2015,145.4,ridge,170.0739402813517
IN_HANCOCK,2015,149.9,ridge,165.9194910608144
IN_HARRISON,2015,173.1,ridge,144.9961315638818
IN_HENDRICKS,2015,149.7,ridge,166.4048309117428
IN_HENRY,2015,158.0,ridge,167.71352418736805
IN_HOWARD,2015,160.4,ridge,175.8414183553251
IN_HUNTINGTON,2015,123.1,ridge,177.9224019342717
IN_JACKSON,2015,151.6,ridge,148.1996433199472
IN_JASPER,2015,98.3,ridge,177.204834423106
IN_JAY,2015,108.3,ridge,172.572397187846
IN_JEFFERSON,2015,151.8,ridge,150.27580100811272
IN_JENNINGS,2015,160.3,ridge,152.1188020313507
IN_JOHNSON,2015,152.0,ridge,158.09625707326023
IN_KNOX,2015,164.5,ridge,156.45070586606067
IN_KOSCIUSKO,2015,170.9,ridge,183.11512091401647
IN_LAGRANGE,2015,150.0,ridge,184.1337038925223
IN_LAKE,2015,142.0,ridge,183.6922228662265
IN_LAWRENCE,2015,178.4,ridge,148.1240086848664
IN_MADISON,2015,136.3,ridge,170.74701333114913
IN_MARION,2015,167.8,ridge,166.06960442160832
IN_MARSHALL,2015,143.7,ridge,184.24911247313236
IN_MARTIN,2015,149.4,ridge,147.56439052209564
IN_MIAMI,2015,138.6,ridge,178.21444588255395
IN_MONROE,2015,158.8,ridge,154.0210857399097
IN_MONTGOMERY,2015,176.5,ridge,172.78499980012205
IN_MORGAN,2015,155.4,ridge,159.77750299778685
IN_NEWTON,2015,110.9,ridge,178.473593023658
IN_NOBLE,2015,163.1,ridge,183.983121538176
IN_ORANGE,2015,190.5,ridge,145.66718836754984
IN_OWEN,2015,164.1,ridge,158.48285182679794
IN_PARKE,2015,160.8,ridge,168.14832413119012
IN_PORTER,2015,151.5,ridge,177.73483692758785
IN_POSEY,2015,190.3,ridge,154.68725268190008
IN_PULASKI,2015,109.7,ridge,172.87653682472353
IN_PUTNAM,2015,149.6,ridge,166.5820920212283
IN_RANDOLPH,2015,144.8,ridge,170.9037824799975
IN_RIPLEY,2015,158.7,ridge,156.2983533203214
IN_RUSH,2015,169.7,ridge,164.49297829734525
IN_SCOTT,2015,167.8,ridge,148.57093645642615
IN_SHELBY,2015,157.2,ridge,160.84501256319177
IN_SPENCER,2015,163.7,ridge,143.481918532287
IN_ST._JOSEPH,2015,151.5,ridge,181.95225073175894
IN_STARKE,2015,97.6,ridge,175.08161627727532
IN_SULLIVAN,2015,163.0,ridge,159.9985309284144
IN_TIPPECANOE,2015,147.9,ridge,175.72540054860386
IN_TIPTON,2015,173.4,ridge,172.8974404414959
IN_UNION,2015,174.0,ridge,164.7921216738666
IN_VANDERBURGH,2015,166.4,ridge,150.5084918727658
IN_VERMILLION,2015,156.3,ridge,169.60346734616658
IN_VIGO,2015,164.0,ridge,163.96493754836985
IN_WABASH,2015,135.3,ridge,179.2610772392626
IN_WARREN,2015,178.7,ridge,177.7528378626288
IN_WARRICK,2015,151.9,ridge,146.58922186766887
IN_WASHINGTON,2015,156.0,ridge,147.5627520357651
IN_WAYNE,2015,161.2,ridge,168.1348792909913
IN_WELLS,2015,112.5,ridge,176.88164716462663
IN_WHITE,2015,128.0,ridge,175.60346902476607
IN_WHITLEY,2015,138.8,ridge,182.3401728608158
MI_ALLEGAN,2015,156.3,ridge,151.58438661998946
MI_BARRY,2015,157.4,ridge,147.2522973341767
MI_BRANCH,2015,172.2,ridge,155.9088560765444
MI_CALHOUN,2015,144.4,ridge,152.53590874502595
MI_CASS,2015,159.3,ridge,153.6546228699178
MI_CLINTON,2015,171.7,ridge,148.71501554958178
MI_EATON,2015,163.2,ridge,147.789811800399
MI_GENESEE,2015,165.5,ridge,152.43048455529294
MI_GRATIOT,2015,170.8,ridge,153.0980652609125
MI_HILLSDALE,2015,155.9,ridge,153.42682674584555
MI_HURON,2015,198.8,ridge,167.17541548119186
MI_INGHAM,2015,171.9,ridge,148.80799279445992
MI_IONIA,2015,183.3,ridge,152.0216323140044
MI_JACKSON,2015,141.1,ridge,150.86182456891405
MI_KALAMAZOO,2015,143.8,ridge,151.52424902122473
MI_KENT,2015,170.6,ridge,152.71200983585692
MI_LAPEER,2015,174.3,ridge,149.60937020254573
MI_LENAWEE,2015,161.1,ridge,151.7424630582458
MI_LIVINGSTON,2015,161.1,ridge,148.17749001436556
MI_MACOMB,2015,154.4,ridge,151.85761598301622
MI_MIDLAND,2015,159.5,ridge,161.8199956902521
MI_MONROE,2015,150.3,ridge,147.26297258534058
MI_MONTCALM,2015,159.3,ridge,160.37037594411916
MI_MUSKEGON,2015,144.4,ridge,161.56843992211802
MI_NEWAYGO,2015,139.3,ridge,163.1776452193258
MI_OAKLAND,2015,145.0,ridge,148.4542229973364
MI_OCEANA,2015,123.0,ridge,167.9171638917294
MI_OTTAWA,2015,155.6,ridge,154.26838363702484
MI_SAGINAW,2015,169.3,ridge,162.47993720625243
MI_SANILAC,2015,183.7,ridge,163.43613691118847
MI_SHIAWASSEE,2015,176.3,ridge,152.1200651073206
MI_TUSCOLA,2015,192.0,ridge,156.46442533264866
MI_WASHTENAW,2015,147.6,ridge,148.77890809114288
MI_WAYNE,2015,130.0,ridge,150.96409929671165
MN_BLUE_EARTH,2015,201.4,ridge,187.03415124596336
MN_BROWN,2015,189.0,ridge,184.92510802401057
MN_CHIPPEWA,2015,193.5,ridge,174.09177859478825
MN_FILLMORE,2015,192.0,ridge,188.22923670870367
MN_GOODHUE,2015,202.4,ridge,183.93038718221666
MN_HOUSTON,2015,185.3,ridge,185.44602669023752
MN_MARTIN,2015,203.4,ridge,188.19123376700804
MN_MURRAY,2015,199.5,ridge,176.8637843602675
MN_NICOLLET,2015,206.8,ridge,185.0207489753277
MN_NOBLES,2015,193.5,ridge,180.50482541983325
MN_PIPESTONE,2015,191.9,ridge,177.17051694968646
MN_REDWOOD,2015,197.6,ridge,184.46755147260617
MN_RENVILLE,2015,190.8,ridge,183.23913082130474
MN_ROCK,2015,198.8,ridge,180.0185147011419
MN_WABASHA,2015,188.5,ridge,183.51375752110994
MN_WINONA,2015,186.5,ridge,184.21705459717268
MN_YELLOW_MEDICINE,2015,187.3,ridge,173.1289309970434
MO_ADAIR,2015,128.5,ridge,146.43857657647132
MO_AUDRAIN,2015,109.4,ridge,156.26078765417935
MO_BARTON,2015,148.7,ridge,144.23644178098345
MO_BOLLINGER,2015,146.2,ridge,128.92080235525216
MO_BOONE,2015,125.0,ridge,148.92792271632254
MO_BUCHANAN,2015,141.2,ridge,133.8196514251797
MO_CALDWELL,2015,132.8,ridge,137.53779906142103
MO_CAPE_GIRARDEAU,2015,158.7,ridge,132.95545967580333
MO_CARROLL,2015,132.7,ridge,142.0313341052659
MO_CASS,2015,140.7,ridge,145.55714620811253
MO_CEDAR,2015,98.2,ridge,143.76828446846247
MO_CHARITON,2015,139.5,ridge,146.37719599723263
MO_CLAY,2015,122.5,ridge,135.30740233658986
MO_CLINTON,2015,127.1,ridge,135.99207495630114
MO_COLE,2015,123.1,ridge,148.94622843021455
MO_DADE,2015,118.5,ridge,144.44242595230716
MO_DUNKLIN,2015,179.0,ridge,112.74607914178793
MO_FRANKLIN,2015,138.6,ridge,146.10061150758426
MO_GASCONADE,2015,87.7,ridge,145.23373909987515
MO_JASPER,2015,130.8,ridge,141.01148130345177
MO_JEFFERSON,2015,135.0,ridge,143.60509998659572
MO_JOHNSON,2015,138.2,ridge,146.90468920174033
MO_LAFAYETTE,2015,156.4,ridge,142.2429737658293
MO_LAWRENCE,2015,142.9,ridge,138.75183297893648
MO_LEWIS,2015,118.5,ridge,155.43427443090556
MO_LIVINGSTON,2015,140.3,ridge,138.7705937654602
MO_MISSISSIPPI,2015,194.8,ridge,115.01578359348478
MO_MONROE,2015,140.5,ridge,152.90673716408014
MO_MORGAN,2015,136.9,ridge,150.27454092820375
MO_NODAWAY,2015,137.5,ridge,137.01052957888217
MO_PERRY,2015,160.9,ridge,136.68607972198458
MO_PETTIS,2015,107.5,ridge,149.377059296595
MO_PIKE,2015,96.3,ridge,158.14457750899035
MO_PLATTE,2015,135.7,ridge,132.8618586687983
MO_PUTNAM,2015,141.4,ridge,142.43691623282444
MO_RALLS,2015,111.4,ridge,157.61513910332616
MO_RANDOLPH,2015,148.5,ridge,148.4133880011447
MO_SALINE,2015,163.5,ridge,146.99347612809422
MO_SCOTT,2015,177.3,ridge,129.61159274303634
MO_SULLIVAN,2015,120.9,ridge,138.97473785060697
MO_VERNON,2015,122.5,ridge,146.65756548174704
MO_WAYNE,2015,120.0,ridge,114.47693961828851
MO_WORTH,2015,126.2,ridge,139.11554955355385
OH_ADAMS,2015,146.2,ridge,137.3332854429376
OH_ALLEN,2015,116.7,ridge,163.16591656418382
OH_ASHTABULA,2015,114.6,ridge,180.1832628903969
OH_AUGLAIZE,2015,126.8,ridge,160.78441327449428
OH_BELMONT,2015,100.0,ridge,153.89775617768814
OH_BROWN,2015,182.9,ridge,139.29651722490448
OH_BUTLER,2015,157.7,ridge,146.0998410045514
OH_CHAMPAIGN,2015,179.9,ridge,156.99422899732335
OH_CLARK,2015,177.5,ridge,153.8293585031188
OH_CLERMONT,2015,175.0,ridge,140.94339814508015
OH_CLINTON,2015,184.4,ridge,147.21972319411705
OH_COLUMBIANA,2015,136.0,ridge,171.63467878549028
OH_COSHOCTON,2015,138.3,ridge,155.10761075896883
OH_CRAWFORD,2015,174.0,ridge,164.59224833835137
OH_DARKE,2015,172.5,ridge,157.55367186347777
OH_DEFIANCE,2015,131.6,ridge,170.39813876626255
OH_DELAWARE,2015,140.2,ridge,154.71213654007462
OH_FAIRFIELD,2015,170.3,ridge,143.81385167672903
OH_FAYETTE,2015,178.0,ridge,148.0628423191591
OH_FRANKLIN,2015,159.4,ridge,148.8417160021306
OH_FULTON,2015,161.3,ridge,165.76457323771902
OH_GREENE,2015,187.0,ridge,151.70401729537346
OH_GUERNSEY,2015,157.1,ridge,152.30936384641785
OH_HAMILTON,2015,174.3,ridge,142.55060297399018
OH_HANCOCK,2015,141.2,ridge,167.15937275768914
OH_HARDIN,2015,121.4,ridge,163.60842645542928
OH_HARRISON,2015,121.9,ridge,160.4290888435008
OH_HENRY,2015,161.5,ridge,169.55477433962704
OH_HIGHLAND,2015,178.6,ridge,143.72625316376096
OH_HOCKING,2015,170.4,ridge,141.22819778086597
OH_HOLMES,2015,138.7,ridge,160.09693079901297
OH_HURON,2015,160.2,ridge,165.51785101585517
OH_KNOX,2015,147.9,ridge,155.15140528700434
OH_LICKING,2015,156.4,ridge,149.11267181546953
OH_LOGAN,2015,142.1,ridge,159.93437114345926
OH_LORAIN,2015,146.5,ridge,165.52314831158537
OH_LUCAS,2015,159.1,ridge,161.7007919148177
OH_MADISON,2015,164.5,ridge,151.9247109428624
OH_MAHONING,2015,125.0,ridge,173.54713340130203
OH_MARION,2015,164.2,ridge,161.96531014401577
OH_MEDINA,2015,131.2,ridge,166.64877678859415
OH_MERCER,2015,117.0,ridge,160.69767293036406
OH_MIAMI,2015,176.8,ridge,155.77774389621646
OH_MONTGOMERY,2015,157.5,ridge,151.58052497378137
OH_MORGAN,2015,132.7,ridge,142.90640612734396
OH_MORROW,2015,130.9,ridge,160.0096915975774
OH_MUSKINGUM,2015,158.8,ridge,147.32195586737345
OH_NOBLE,2015,140.0,ridge,146.74590268762375
OH_OTTAWA,2015,125.8,ridge,166.68091611113667
OH_PAULDING,2015,123.2,ridge,171.48350052737638
OH_PICKAWAY,2015,174.4,ridge,145.299619988015
OH_PIKE,2015,172.2,ridge,139.516904650235
OH_PORTAGE,2015,110.5,ridge,172.42983073930452
OH_PREBLE,2015,155.3,ridge,153.74308447887853
OH_PUTNAM,2015,126.4,ridge,170.20505496806788
OH_RICHLAND,2015,155.5,ridge,163.08564975531075
OH_ROSS,2015,186.5,ridge,140.86057685823224
OH_SANDUSKY,2015,167.2,ridge,171.1777835166376
OH_SENECA,2015,167.6,ridge,166.79001448956382
OH_SHELBY,2015,148.6,ridge,158.07276806511683
OH_STARK,2015,127.4,ridge,166.571515079273
OH_TRUMBULL,2015,118.8,ridge,177.04509850824866
OH_TUSCARAWAS,2015,138.3,ridge,160.11400223493405
OH_UNION,2015,158.7,ridge,157.79094368416588
OH_VAN_WERT,2015,102.8,ridge,164.07779810948568
OH_WARREN,2015,185.4,ridge,146.63614552789247
OH_WAYNE,2015,129.8,ridge,163.4302113378565
OH_WILLIAMS,2015,165.9,ridge,166.72634162325522
OH_WOOD,2015,143.2,ridge,168.62872128737519
OH_WYANDOT,2015,147.9,ridge,163.76981368503704
WI_ADAMS,2015,130.3,ridge,156.92720617554698
WI_BUFFALO,2015,159.9,ridge,156.2218778211371
WI_COLUMBIA,2015,179.8,ridge,162.526298648952
WI_CRAWFORD,2015,146.5,ridge,158.6848587561522
WI_DANE,2015,183.7,ridge,163.45999225950135
WI_DODGE,2015,181.3,ridge,165.81842998557943
WI_DUNN,2015,160.2,ridge,153.77253349971966
WI_EAU_CLAIRE,2015,158.1,ridge,156.02576923654078
WI_FOND_DU_LAC,2015,178.5,ridge,167.51385768531713
WI_GRANT,2015,178.9,ridge,160.96946526782676
WI_GREEN,2015,170.8,ridge,162.86280821752175
WI_GREEN_LAKE,2015,179.7,ridge,164.9208307136131
WI_IOWA,2015,160.3,ridge,164.5168063293395
WI_JACKSON,2015,146.2,ridge,157.8748088015882
WI_JEFFERSON,2015,170.1,ridge,161.0259670128694
WI_JUNEAU,2015,158.3,ridge,157.91123653215632
WI_KENOSHA,2015,179.5,ridge,151.45959000087907
WI_LAFAYETTE,2015,194.2,ridge,161.9381892092766
WI_LANGLADE,2015,132.5,ridge,179.43033645764638
WI_LA_CROSSE,2015,160.4,ridge,159.09638080058596
WI_MARINETTE,2015,130.6,ridge,177.70231616488024
WI_MARQUETTE,2015,128.4,ridge,157.71791453134642
WI_MONROE,2015,157.9,ridge,158.82999010947609
WI_OCONTO,2015,133.1,ridge,176.0503567916722
WI_OUTAGAMIE,2015,157.7,ridge,167.58880696859268
WI_PEPIN,2015,163.3,ridge,155.03662697243317
WI_PORTAGE,2015,149.4,ridge,160.72300790358676
WI_RACINE,2015,180.9,ridge,150.5253079273096
WI_RICHLAND,2015,143.1,ridge,160.8201928002067
WI_ROCK,2015,177.1,ridge,162.38766224884054
WI_SAUK,2015,165.3,ridge,162.966474840804
WI_SHEBOYGAN,2015,158.3,ridge,163.04770828285163
WI_TREMPEALEAU,2015,157.7,ridge,158.4607578214652
WI_VERNON,2015,152.6,ridge,160.88506074413522
WI_WALWORTH,2015,180.8,ridge,158.08133413777395
WI_WASHINGTON,2015,169.4,ridge,159.2397555614852
WI_WAUKESHA,2015,165.8,ridge,156.1351698258288
WI_WAUSHARA,2015,162.4,ridge,160.10508914691226
IA_ADAIR,2015,176.5,random_forest,164.74893666522723
IA_ADAMS,2015,169.6,random_forest,163.39548185186248
IA_ALLAMAKEE,2015,175.4,random_forest,163.7760058828486
IA_APPANOOSE,2015,154.3,random_forest,174.56391704348704
IA_AUDUBON,2015,189.8,random_forest,168.66841925081155
IA_BENTON,2015,187.5,random_forest,174.50745605962493
IA_BLACK_HAWK,2015,192.9,random_forest,165.11868440448933
IA_BOONE,2015,192.3,random_forest,170.82962780166733
IA_BREMER,2015,203.1,random_forest,162.62400125002551
IA_BUCHANAN,2015,191.6,random_forest,164.10235372158712
IA_BUENA_VISTA,2015,202.7,random_forest,172.2571841253586
IA_BUTLER,2015,193.3,random_forest,171.317705848312
IA_CALHOUN,2015,194.7,random_forest,172.8680428619097
IA_CARROLL,2015,195.4,random_forest,170.81620328817513
IA_CASS,2015,193.7,random_forest,166.8993399274428
IA_CEDAR,2015,188.8,random_forest,177.06817605320958
IA_CERRO_GORDO,2015,196.9,random_forest,170.28642528503335
IA_CHEROKEE,2015,209.6,random_forest,172.0879655890338
IA_CHICKASAW,2015,202.8,random_forest,161.8063574006267
IA_CLARKE,2015,152.4,random_forest,167.63457466994743
IA_CLAY,2015,202.8,random_forest,169.0284366818541
IA_CLAYTON,2015,193.2,random_forest,162.54030096444814
IA_CLINTON,2015,188.2,random_forest,176.1637786475858
IA_CRAWFORD,2015,199.1,random_forest,172.305831667842
IA_DALLAS,2015,182.4,random_forest,170.4800971089308
IA_DAVIS,2015,142.4,random_forest,175.49500718541452
IA_DECATUR,2015,162.7,random_forest,169.01615314182527
IA_DELAWARE,2015,195.8,random_forest,164.5322505361269
IA_DES_MOINES,2015,176.0,random_forest,179.61131140221104
IA_DICKINSON,2015,194.5,random_forest,169.29869666111915
IA_DUBUQUE,2015,197.0,random_forest,164.98030557506075
IA_EMMET,2015,203.3,random_forest,173.37791472148945
IA_FAYETTE,2015,191.8,random_forest,162.152144736284
IA_FLOYD,2015,196.5,random_forest,164.21700087104773
IA_FRANKLIN,2015,200.2,random_forest,170.97549540221434
IA_FREMONT,2015,179.9,random_forest,165.64453971572897
IA_GREENE,2015,189.0,random_forest,170.52680527882072
IA_GRUNDY,2015,199.9,random_forest,172.4634648506462
IA_GUTHRIE,2015,179.2,random_forest,169.00753652908028
IA_HAMILTON,2015,198.1,random_forest,174.7288274713033
IA_HANCOCK,2015,201.2,random_forest,170.81546638891115
IA_HARDIN,2015,199.3,random_forest,171.3862543136208
IA_HARRISON,2015,189.5,random_forest,171.48405972054405
IA_HENRY,2015,178.4,random_forest,178.19492689949234
IA_HOWARD,2015,202.1,random_forest,161.82263314381123
IA_HUMBOLDT,2015,194.8,random_forest,173.93847798522765
IA_IDA,2015,203.1,random_forest,172.99037206816877
IA_IOWA,2015,199.3,random_forest,174.40256817966582
IA_JACKSON,2015,190.6,random_forest,165.10659736241308
IA_JASPER,2015,198.9,random_forest,173.3533882645861
IA_JEFFERSON,2015,168.2,random_forest,176.63649976726214
IA_JOHNSON,2015,187.1,random_forest,176.00768931628687
IA_JONES,2015,186.6,random_forest,166.02977581622275
IA_KEOKUK,2015,181.0,random_forest,174.58134050627308
IA_KOSSUTH,2015,199.0,random_forest,171.66607769337867
IA_LEE,2015,145.1,random_forest,172.7059491218745
IA_LINN,2015,189.2,random_forest,173.79602428477662
IA_LOUISA,2015,181.7,random_forest,178.1518447725713
IA_LUCAS,2015,154.8,random_forest,172.71817430020525
IA_LYON,2015,196.0,random_forest,168.6442798103174
IA_MADISON,2015,169.6,random_forest,166.6433161016642
IA_MAHASKA,2015,190.3,random_forest,172.2834341621822
IA_MARION,2015,178.1,random_forest,170.880525615571
IA_MARSHALL,2015,194.9,random_forest,175.1140406163942
IA_MITCHELL,2015,202.1,random_forest,163.3926244487031
IA_MONONA,2015,169.0,random_forest,172.97291355308982
IA_MONTGOMERY,2015,185.2,random_forest,167.00301688533105
IA_MUSCATINE,2015,177.7,random_forest,178.73539900100423
IA_OSCEOLA,2015,204.7,random_forest,168.97351140924175
IA_PAGE,2015,165.8,random_forest,166.09328557443536
IA_PALO_ALTO,2015,197.5,random_forest,170.9639412785282
IA_PLYMOUTH,2015,203.6,random_forest,173.2430393872078
IA_POCAHONTAS,2015,205.5,random_forest,172.8182283282603
IA_POLK,2015,187.0,random_forest,171.50974055404419
IA_POTTAWATTAMIE,2015,204.0,random_forest,166.50411394603685
IA_POWESHIEK,2015,197.8,random_forest,174.27089213704602
IA_RINGGOLD,2015,147.8,random_forest,166.59570360834587
IA_SAC,2015,204.8,random_forest,172.75709533296913
IA_SCOTT,2015,195.9,random_forest,179.40645413782855
IA_SHELBY,2015,195.3,random_forest,170.17084097930643
IA_SIOUX,2015,201.9,random_forest,169.3372656446017
IA_STORY,2015,188.0,random_forest,174.32536180057411
IA_TAMA,2015,189.5,random_forest,174.96480336970882
IA_VAN_BUREN,2015,158.3,random_forest,171.58210381244453
IA_WAPELLO,2015,159.3,random_forest,173.6634020139199
IA_WARREN,2015,170.3,random_forest,169.54475610979694
IA_WASHINGTON,2015,195.0,random_forest,176.29446856639
IA_WAYNE,2015,158.0,random_forest,170.71799393729177
IA_WEBSTER,2015,201.0,random_forest,173.10381973509698
IA_WINNESHIEK,2015,185.6,random_forest,162.57570381336149
IA_WOODBURY,2015,202.3,random_forest,172.6647376264236
IA_WRIGHT,2015,198.4,random_forest,172.1001619580831
IL_ADAMS,2015,158.1,random_forest,166.70664145758514
IL_BOND,2015,159.9,random_forest,167.1769773228463
IL_BOONE,2015,201.1,random_forest,175.71685734744918
IL_BROWN,2015,157.2,random_forest,174.17848652660962
IL_BUREAU,2015,196.8,random_forest,195.21649919237717
IL_CALHOUN,2015,154.9,random_forest,173.1711214771421
IL_CARROLL,2015,204.2,random_forest,170.58761580064373
IL_CASS,2015,182.2,random_forest,181.54293283909664
IL_CHAMPAIGN,2015,189.4,random_forest,201.45482980526566
IL_CHRISTIAN,2015,189.7,random_forest,184.4785780535433
IL_CLARK,2015,164.7,random_forest,182.90301604475687
IL_CLAY,2015,131.2,random_forest,158.52085209889964
IL_CLINTON,2015,162.2,random_forest,141.17264973705946
IL_COLES,2015,188.5,random_forest,185.53125586272145
IL_CRAWFORD,2015,144.1,random_forest,172.55594050187273
IL_CUMBERLAND,2015,163.7,random_forest,180.40000443769765
IL_DE_WITT,2015,207.8,random_forest,201.9344424976842
IL_DOUGLAS,2015,209.1,random_forest,199.39534928337872
IL_EDGAR,2015,180.1,random_forest,190.2846760411631
IL_EFFINGHAM,2015,147.4,random_forest,176.02220518497245
IL_FAYETTE,2015,154.4,random_forest,172.8179565846554
IL_FORD,2015,160.8,random_forest,202.02523264923863
IL_FRANKLIN,2015,149.4,random_forest,134.82939062695237
IL_FULTON,2015,170.5,random_forest,181.4492051296757
IL_GALLATIN,2015,167.5,random_forest,143.32215324233334
IL_GREENE,2015,150.5,random_forest,174.62537410623034
IL_GRUNDY,2015,164.1,random_forest,189.54373158955892
IL_HANCOCK,2015,180.3,random_forest,174.48372447511673
IL_HENDERSON,2015,191.9,random_forest,181.87124062563845
IL_HENRY,2015,193.2,random_forest,187.88402685160503
IL_IROQUOIS,2015,123.3,random_forest,193.56285796019867
IL_JASPER,2015,155.1,random_forest,171.40295297372884
IL_JEFFERSON,2015,125.4,random_forest,139.71970043538425
IL_JERSEY,2015,159.0,random_forest,174.20047921958627
IL_JO_DAVIESS,2015,183.2,random_forest,167.47907802418467
IL_KANE,2015,184.0,random_forest,182.70484919446713
IL_KANKAKEE,2015,92.5,random_forest,185.338730193839
IL_KNOX,2015,205.9,random_forest,184.92938173600618
IL_LAKE,2015,155.6,random_forest,163.12775054849655
IL_LAWRENCE,2015,160.1,random_forest,157.7882522692563
IL_LEE,2015,188.4,random_forest,189.41370259707926
IL_LIVINGSTON,2015,185.9,random_forest,199.51423046044462
IL_LOGAN,2015,172.8,random_forest,198.69718487759394
IL_MACON,2015,207.5,random_forest,200.61452493903244
IL_MACOUPIN,2015,152.5,random_forest,175.384785587027
IL_MADISON,2015,169.8,random_forest,157.30381732845524
IL_MARION,2015,147.5,random_forest,155.44821889857954
IL_MARSHALL,2015,198.4,random_forest,194.50247471216383
IL_MASON,2015,161.5,random_forest,187.13307062914348
IL_MASSAC,2015,171.4,random_forest,137.9694968611724
IL_MCDONOUGH,2015,175.8,random_forest,176.53526136662907
IL_MCHENRY,2015,186.8,random_forest,173.8866443026814
IL_MCLEAN,2015,199.2,random_forest,201.20378678750902
IL_MENARD,2015,188.2,random_forest,186.05507937000738
IL_MERCER,2015,205.7,random_forest,187.48303321002263
IL_MONROE,2015,169.7,random_forest,129.67235154451484
IL_MONTGOMERY,2015,169.8,random_forest,177.39717653795847
IL_MORGAN,2015,180.0,random_forest,179.9544342505747
IL_MOULTRIE,2015,206.2,random_forest,196.23932046374787
IL_OGLE,2015,186.6,random_forest,179.61235622198126
IL_PEORIA,2015,185.9,random_forest,192.15142232286127
IL_PERRY,2015,144.7,random_forest,137.49765403229435
IL_PIATT,2015,220.5,random_forest,200.7923386119206
IL_PIKE,2015,133.9,random_forest,172.3689035147038
IL_POPE,2015,164.1,random_forest,135.71375791403352
IL_PULASKI,2015,152.2,random_forest,137.5590960970788
IL_PUTNAM,2015,186.3,random_forest,193.90269262010008
IL_RANDOLPH,2015,141.0,random_forest,130.8905341280583
IL_RICHLAND,2015,143.3,random_forest,156.69159588556212
IL_ROCK_ISLAND,2015,193.7,random_forest,186.78013016367487
IL_SALINE,2015,172.1,random_forest,138.17440369032562
IL_SANGAMON,2015,183.5,random_forest,184.49922564913686
IL_SCHUYLER,2015,159.5,random_forest,176.40332663758875
IL_SCOTT,2015,149.2,random_forest,177.2696221198833
IL_SHELBY,2015,175.6,random_forest,179.7473661131882
IL_STARK,2015,210.9,random_forest,195.0894069683257
IL_STEPHENSON,2015,192.5,random_forest,171.52588980068586
IL_TAZEWELL,2015,182.5,random_forest,193.10430119138783
IL_VERMILION,2015,168.0,random_forest,195.25001163166596
IL_WABASH,2015,159.8,random_forest,142.7359098546914
IL_WARREN,2015,202.0,random_forest,184.5042951131218
IL_WASHINGTON,2015,151.9,random_forest,136.85651141750225
IL_WHITE,2015,171.3,random_forest,143.39563108763244
IL_WHITESIDE,2015,184.0,random_forest,191.44919046000976
IL_WILL,2015,159.9,random_forest,184.50473551999193
IL_WILLIAMSON,2015,164.9,random_forest,132.15502598926088
IL_WINNEBAGO,2015,184.8,random_forest,178.33674229171328
IL_WOODFORD,2015,201.0,random_forest,197.33279972256375
IN_ADAMS,2015,103.5,random_forest,172.3104972246317
IN_ALLEN,2015,120.7,random_forest,163.9916599847191
IN_BARTHOLOMEW,2015,161.0,random_forest,174.223179616908
IN_BENTON,2015,169.3,random_forest,184.36965956956186
IN_BLACKFORD,2015,117.5,random_forest,174.26217816743525
IN_BOONE,2015,136.5,random_forest,180.35769429444923
IN_CARROLL,2015,157.2,random_forest,174.54016015886072
IN_CASS,2015,129.4,random_forest,172.96326886612562
IN_CLARK,2015,162.1,random_forest,156.12565681533948
IN_CLAY,2015,165.5,random_forest,180.77962797806435
IN_CLINTON,2015,146.6,random_forest,174.9927061141586
IN_DAVIESS,2015,174.4,random_forest,155.4708702520105
IN_DEARBORN,2015,151.9,random_forest,179.05796466733503
IN_DECATUR,2015,177.9,random_forest,183.37541849812266
IN_DELAWARE,2015,130.1,random_forest,175.33628783441907
IN_DUBOIS,2015,165.8,random_forest,149.995557896952
IN_ELKHART,2015,154.7,random_forest,154.87939974199338
IN_FAYETTE,2015,181.5,random_forest,179.69680959641192
IN_FLOYD,2015,158.1,random_forest,154.27294413853207
IN_FOUNTAIN,2015,169.4,random_forest,180.71127829271543
IN_FRANKLIN,2015,182.4,random_forest,181.1826358062103
IN_FULTON,2015,142.1,random_forest,162.40538323579364
IN_GIBSON,2015,177.1,random_forest,141.82225082904893
IN_GRANT,2015,135.1,random_forest,171.6958712367575
IN_HAMILTON,2015,145.4,random_forest,179.14566157414822
IN_HANCOCK,2015,149.9,random_forest,179.9461010602585
IN_HARRISON,2015,173.1,random_forest,152.27528023378005
IN_HENDRICKS,2015,149.7,random_forest,180.97528104011894
IN_HENRY,2015,158.0,random_forest,178.6219447516743
IN_HOWARD,2015,160.4,random_forest,172.14549323778425
IN_HUNTINGTON,2015,123.1,random_forest,170.0942182900275
IN_JACKSON,2015,151.6,random_forest,158.64459797431434
IN_JASPER,2015,98.3,random_forest,170.74461923798623
IN_JAY,2015,108.3,random_forest,174.81200326707201
IN_JEFFERSON,2015,151.8,random_forest,161.92322976662044
IN_JENNINGS,2015,160.3,random_forest,163.10154003512815
IN_JOHNSON,2015,152.0,random_forest,180.5482087547474
IN_KNOX,2015,164.5,random_forest,157.91981836393535
IN_KOSCIUSKO,2015,170.9,random_forest,160.12094665432772
IN_LAGRANGE,2015,150.0,random_forest,155.22121477355196
IN_LAKE,2015,142.0,random_forest,163.67078350911015
IN_LAWRENCE,2015,178.4,random_forest,157.17722554691463
IN_MADISON,2015,136.3,random_forest,178.31050056092857
IN_MARION,2015,167.8,random_forest,181.83522841902916
IN_MARSHALL,2015,143.7,random_forest,155.42989455285166
IN_MARTIN,2015,149.4,random_forest,154.4978497110451
IN_MIAMI,2015,138.6,random_forest,171.98666422617282
IN_MONROE,2015,158.8,random_forest,171.75157687954035
IN_MONTGOMERY,2015,176.5,random_forest,179.21391219821456
IN_MORGAN,2015,155.4,random_forest,181.1290333368076
IN_NEWTON,2015,110.9,random_forest,174.10659672817633
IN_NOBLE,2015,163.1,random_forest,158.99106921537086
IN_ORANGE,2015,190.5,random_forest,153.57264889649574
IN_OWEN,2015,164.1,random_forest,173.66669842725588
IN_PARKE,2015,160.8,random_forest,179.55978587612634
IN_PORTER,2015,151.5,random_forest,159.27277306431384
IN_POSEY,2015,190.3,random_forest,143.71318605224104
IN_PULASKI,2015,109.7,random_forest,160.54525660828176
IN_PUTNAM,2015,149.6,random_forest,178.35137605492343
IN_RANDOLPH,2015,144.8,random_forest,176.4208866701273
IN_RIPLEY,2015,158.7,random_forest,178.28641346106096
IN_RUSH,2015,169.7,random_forest,180.3462475289655
IN_SCOTT,2015,167.8,random_forest,157.79944256832613
IN_SHELBY,2015,157.2,random_forest,182.53912083925684
IN_SPENCER,2015,163.7,random_forest,137.37207435280294
IN_ST._JOSEPH,2015,151.5,random_forest,156.35115103952987
IN_STARKE,2015,97.6,random_forest,157.00955690443448
IN_SULLIVAN,2015,163.0,random_forest,175.62322619167728
IN_TIPPECANOE,2015,147.9,random_forest,179.47697986828274
IN_TIPTON,2015,173.4,random_forest,171.92553928561682
IN_UNION,2015,174.0,random_forest,180.3104951947664
IN_VANDERBURGH,2015,166.4,random_forest,142.7763431043708
IN_VERMILLION,2015,156.3,random_forest,182.96684993442548
IN_VIGO,2015,164.0,random_forest,182.21099344902387
IN_WABASH,2015,135.3,random_forest,166.21091023241883
IN_WARREN,2015,178.7,random_forest,184.6107778214627
IN_WARRICK,2015,151.9,random_forest,140.25718224092606
IN_WASHINGTON,2015,156.0,random_forest,154.53669126558677
IN_WAYNE,2015,161.2,random_forest,178.55709221916288
IN_WELLS,2015,112.5,random_forest,171.6021745984731
IN_WHITE,2015,128.0,random_forest,173.23585660404564
IN_WHITLEY,2015,138.8,random_forest,161.51461537683483
MI_ALLEGAN,2015,156.3,random_forest,157.017737635861
MI_BARRY,2015,157.4,random_forest,156.60629044617164
MI_BRANCH,2015,172.2,random_forest,155.4872147877829
MI_CALHOUN,2015,144.4,random_forest,153.60532604428994
MI_CASS,2015,159.3,random_forest,155.9655724376656
MI_CLINTON,2015,171.7,random_forest,159.0728661567677
MI_EATON,2015,163.2,random_forest,156.7132869319916
MI_GENESEE,2015,165.5,random_forest,158.95782815308993
MI_GRATIOT,2015,170.8,random_forest,158.86326594594468
MI_HILLSDALE,2015,155.9,random_forest,156.47174272989233
MI_HURON,2015,198.8,random_forest,152.49337029991264
MI_INGHAM,2015,171.9,random_forest,158.609520266612
MI_IONIA,2015,183.3,random_forest,157.8540603705166
MI_JACKSON,2015,141.1,random_forest,156.68545849732897
MI_KALAMAZOO,2015,143.8,random_forest,152.73098145853967
MI_KENT,2015,170.6,random_forest,157.47535648827085
MI_LAPEER,2015,174.3,random_forest,158.23700972489186
MI_LENAWEE,2015,161.1,random_forest,158.55480283566675
MI_LIVINGSTON,2015,161.1,random_forest,157.78035688553956
MI_MACOMB,2015,154.4,random_forest,158.86772644322141
MI_MIDLAND,2015,159.5,random_forest,157.1203128817677
MI_MONROE,2015,150.3,random_forest,163.52604848587424
MI_MONTCALM,2015,159.3,random_forest,153.21326535275375
MI_MUSKEGON,2015,144.4,random_forest,149.1865004203851
MI_NEWAYGO,2015,139.3,random_forest,148.4451142556355
MI_OAKLAND,2015,145.0,random_forest,159.79740288081908
MI_OCEANA,2015,123.0,random_forest,149.28635917001765
MI_OTTAWA,2015,155.6,random_forest,153.90229949968014
MI_SAGINAW,2015,169.3,random_forest,158.99538870123445
MI_SANILAC,2015,183.7,random_forest,153.88462337914606
MI_SHIAWASSEE,2015,176.3,random_forest,159.21642372872242
MI_TUSCOLA,2015,192.0,random_forest,156.76603794082484
MI_WASHTENAW,2015,147.6,random_forest,158.4920960435689
MI_WAYNE,2015,130.0,random_forest,159.94538444832932
MN_BLUE_EARTH,2015,201.4,random_forest,169.82851772787302
MN_BROWN,2015,189.0,random_forest,169.31920566927823
MN_CHIPPEWA,2015,193.5,random_forest,159.51004607082223
MN_FILLMORE,2015,192.0,random_forest,159.34643229094124
MN_GOODHUE,2015,202.4,random_forest,168.13150038671904
MN_HOUSTON,2015,185.3,random_forest,160.6846550245304
MN_MARTIN,2015,203.4,random_forest,171.06186418968565
MN_MURRAY,2015,199.5,random_forest,161.64134790900735
MN_NICOLLET,2015,206.8,random_forest,170.8664728446606
MN_NOBLES,2015,193.5,random_forest,163.57418154646456
MN_PIPESTONE,2015,191.9,random_forest,160.91825894241836
MN_REDWOOD,2015,197.6,random_forest,166.96245469258497
MN_RENVILLE,2015,190.8,random_forest,166.75650999212868
MN_ROCK,2015,198.8,random_forest,164.2058171330755
MN_WABASHA,2015,188.5,random_forest,166.34853308763064
MN_WINONA,2015,186.5,random_forest,159.74349198693722
MN_YELLOW_MEDICINE,2015,187.3,random_forest,158.73584727794048
MO_ADAIR,2015,128.5,random_forest,168.30156998787115
MO_AUDRAIN,2015,109.4,random_forest,161.214523062406
MO_BARTON,2015,148.7,random_forest,130.0211555184989
MO_BOLLINGER,2015,146.2,random_forest,128.52739167261694
MO_BOONE,2015,125.0,random_forest,161.9464509060715
MO_BUCHANAN,2015,141.2,random_forest,159.82630714961488
MO_CALDWELL,2015,132.8,random_forest,166.58490891653972
MO_CAPE_GIRARDEAU,2015,158.7,random_forest,139.16743306854872
MO_CARROLL,2015,132.7,random_forest,152.12919397225002
MO_CASS,2015,140.7,random_forest,145.0606846851404
MO_CEDAR,2015,98.2,random_forest,146.68620659138267
MO_CHARITON,2015,139.5,random_forest,166.24834559599202
MO_CLAY,2015,122.5,random_forest,145.81097542163235
MO_CLINTON,2015,127.1,random_forest,165.73938000838555
MO_COLE,2015,123.1,random_forest,160.57672703979867
MO_DADE,2015,118.5,random_forest,149.34064923987998
MO_DUNKLIN,2015,179.0,random_forest,141.5786794717517
MO_FRANKLIN,2015,138.6,random_forest,152.20198663784993
MO_GASCONADE,2015,87.7,random_forest,149.69837100720332
MO_JASPER,2015,130.8,random_forest,137.54702129731788
MO_JEFFERSON,2015,135.0,random_forest,149.27356359835812
MO_JOHNSON,2015,138.2,random_forest,146.8078315648967
MO_LAFAYETTE,2015,156.4,random_forest,147.06010520234727
MO_LAWRENCE,2015,142.9,random_forest,148.97880541222065
MO_LEWIS,2015,118.5,random_forest,166.53508997743614
MO_LIVINGSTON,2015,140.3,random_forest,167.4895794783955
MO_MISSISSIPPI,2015,194.8,random_forest,135.79189023763593
MO_MONROE,2015,140.5,random_forest,159.44145123361562
MO_MORGAN,2015,136.9,random_forest,157.2554997601339
MO_NODAWAY,2015,137.5,random_forest,166.6732713844644
MO_PERRY,2015,160.9,random_forest,125.62572404478567
MO_PETTIS,2015,107.5,random_forest,161.0278743078325
MO_PIKE,2015,96.3,random_forest,171.43781854466567
MO_PLATTE,2015,135.7,random_forest,147.13002831676818
MO_PUTNAM,2015,141.4,random_forest,169.56690919248993
MO_RALLS,2015,111.4,random_forest,166.57990420136588
MO_RANDOLPH,2015,148.5,random_forest,162.4124263490375
MO_SALINE,2015,163.5,random_forest,148.59015584536434
MO_SCOTT,2015,177.3,random_forest,147.3366729345979
MO_SULLIVAN,2015,120.9,random_forest,168.33007434953396
MO_VERNON,2015,122.5,random_forest,127.83077545977369
MO_WAYNE,2015,120.0,random_forest,128.59582132921395
MO_WORTH,2015,126.2,random_forest,167.3549027196928
OH_ADAMS,2015,146.2,random_forest,158.22986082178028
OH_ALLEN,2015,116.7,random_forest,174.12265665864703
OH_ASHTABULA,2015,114.6,random_forest,161.20654560217423
OH_AUGLAIZE,2015,126.8,random_forest,173.80897961844934
OH_BELMONT,2015,100.0,random_forest,168.2668045210639
OH_BROWN,2015,182.9,random_forest,164.0794497533246
OH_BUTLER,2015,157.7,random_forest,180.18187660373383
OH_CHAMPAIGN,2015,179.9,random_forest,177.5682705240408
OH_CLARK,2015,177.5,random_forest,177.25751860310473
OH_CLERMONT,2015,175.0,random_forest,165.3542679467111
OH_CLINTON,2015,184.4,random_forest,178.2087314487445
OH_COLUMBIANA,2015,136.0,random_forest,175.2445655703317
OH_COSHOCTON,2015,138.3,random_forest,172.87830836846393
OH_CRAWFORD,2015,174.0,random_forest,173.42491490126233
OH_DARKE,2015,172.5,random_forest,176.22728870992972
OH_DEFIANCE,2015,131.6,random_forest,161.69476468052258
OH_DELAWARE,2015,140.2,random_forest,176.70981367730388
OH_FAIRFIELD,2015,170.3,random_forest,178.85103130992871
OH_FAYETTE,2015,178.0,random_forest,177.94662653845742
OH_FRANKLIN,2015,159.4,random_forest,179.40498313039865
OH_FULTON,2015,161.3,random_forest,158.27185828003402
OH_GREENE,2015,187.0,random_forest,178.894607567262
OH_GUERNSEY,2015,157.1,random_forest,168.7591242133035
OH_HAMILTON,2015,174.3,random_forest,173.9102948499764
OH_HANCOCK,2015,141.2,random_forest,175.5148139224271
OH_HARDIN,2015,121.4,random_forest,174.80778282072714
OH_HARRISON,2015,121.9,random_forest,173.58881900116813
OH_HENRY,2015,161.5,random_forest,164.4847520205546
OH_HIGHLAND,2015,178.6,random_forest,176.6639178213556
OH_HOCKING,2015,170.4,random_forest,170.89521180765547
OH_HOLMES,2015,138.7,random_forest,173.49620295533867
OH_HURON,2015,160.2,random_forest,173.08617032292403
OH_KNOX,2015,147.9,random_forest,176.85266064438486
OH_LICKING,2015,156.4,random_forest,177.78153052597708
OH_LOGAN,2015,142.1,random_forest,175.65986740080587
OH_LORAIN,2015,146.5,random_forest,173.3473949971206
OH_LUCAS,2015,159.1,random_forest,163.8141897943397
OH_MADISON,2015,164.5,random_forest,179.34458675580356
OH_MAHONING,2015,125.0,random_forest,174.46712415540676
OH_MARION,2015,164.2,random_forest,175.93120583186405
OH_MEDINA,2015,131.2,random_forest,173.72856171451855
OH_MERCER,2015,117.0,random_forest,174.61190921149472
OH_MIAMI,2015,176.8,random_forest,176.58796966932135
OH_MONTGOMERY,2015,157.5,random_forest,179.12292240841435
OH_MORGAN,2015,132.7,random_forest,166.78053347566816
OH_MORROW,2015,130.9,random_forest,176.30051418092415
OH_MUSKINGUM,2015,158.8,random_forest,168.11452888184908
OH_NOBLE,2015,140.0,random_forest,166.95679077934537
OH_OTTAWA,2015,125.8,random_forest,167.63123855025833
OH_PAULDING,2015,123.2,random_forest,164.42060943298094
OH_PICKAWAY,2015,174.4,random_forest,177.6856388030918
OH_PIKE,2015,172.2,random_forest,161.10535638524425
OH_PORTAGE,2015,110.5,random_forest,173.36617618508498
OH_PREBLE,2015,155.3,random_forest,179.4225316855513
OH_PUTNAM,2015,126.4,random_forest,176.3694582602435
OH_RICHLAND,2015,155.5,random_forest,173.74107051985237
OH_ROSS,2015,186.5,random_forest,174.58347579238745
OH_SANDUSKY,2015,167.2,random_forest,177.44128361081448
OH_SENECA,2015,167.6,random_forest,173.11283602535957
OH_SHELBY,2015,148.6,random_forest,175.23297432686593
OH_STARK,2015,127.4,random_forest,174.51240053195107
OH_TRUMBULL,2015,118.8,random_forest,169.95215946893262
OH_TUSCARAWAS,2015,138.3,random_forest,173.396481854324
OH_UNION,2015,158.7,random_forest,176.83981744254464
OH_VAN_WERT,2015,102.8,random_forest,172.28618231412045
OH_WARREN,2015,185.4,random_forest,179.04903930920128
OH_WAYNE,2015,129.8,random_forest,174.4144132526481
OH_WILLIAMS,2015,165.9,random_forest,156.23322437903207
OH_WOOD,2015,143.2,random_forest,175.19470362057967
OH_WYANDOT,2015,147.9,random_forest,174.6224767311037
WI_ADAMS,2015,130.3,random_forest,157.66429351715348
WI_BUFFALO,2015,159.9,random_forest,158.01258209567425
WI_COLUMBIA,2015,179.8,random_forest,156.81473070839365
WI_CRAWFORD,2015,146.5,random_forest,157.91038888426152
WI_DANE,2015,183.7,random_forest,160.2131903005211
WI_DODGE,2015,181.3,random_forest,156.3453142375884
WI_DUNN,2015,160.2,random_forest,155.02687281942352
WI_EAU_CLAIRE,2015,158.1,random_forest,155.07339859634192
WI_FOND_DU_LAC,2015,178.5,random_forest,154.68876052690865
WI_GRANT,2015,178.9,random_forest,158.9719883380051
WI_GREEN,2015,170.8,random_forest,163.0457708420909
WI_GREEN_LAKE,2015,179.7,random_forest,155.4988845246353
WI_IOWA,2015,160.3,random_forest,159.96357277926057
WI_JACKSON,2015,146.2,random_forest,157.4735122568447
WI_JEFFERSON,2015,170.1,random_forest,161.29277563035578
WI_JUNEAU,2015,158.3,random_forest,157.32078599676646
WI_KENOSHA,2015,179.5,random_forest,156.82738517966692
WI_LAFAYETTE,2015,194.2,random_forest,160.37916886835063
WI_LANGLADE,2015,132.5,random_forest,147.36608003826115
WI_LA_CROSSE,2015,160.4,random_forest,159.63097183835612
WI_MARINETTE,2015,130.6,random_forest,143.04400386027862
WI_MARQUETTE,2015,128.4,random_forest,156.95819235385727
WI_MONROE,2015,157.9,random_forest,156.91581515522975
WI_OCONTO,2015,133.1,random_forest,147.86305426450454
WI_OUTAGAMIE,2015,157.7,random_forest,155.76852945312368
WI_PEPIN,2015,163.3,random_forest,162.9072513663146
WI_PORTAGE,2015,149.4,random_forest,156.20057273461845
WI_RACINE,2015,180.9,random_forest,153.58909060768843
WI_RICHLAND,2015,143.1,random_forest,157.47586097416848
WI_ROCK,2015,177.1,random_forest,163.27334797643465
WI_SAUK,2015,165.3,random_forest,158.01149483465878
WI_SHEBOYGAN,2015,158.3,random_forest,151.03506152844486
WI_TREMPEALEAU,2015,157.7,random_forest,157.868009466519
WI_VERNON,2015,152.6,random_forest,157.80628197262212
WI_WALWORTH,2015,180.8,random_forest,162.85586892544984
WI_WASHINGTON,2015,169.4,random_forest,155.60314318094885
WI_WAUKESHA,2015,165.8,random_forest,158.3678589785996
WI_WAUSHARA,2015,162.4,random_forest,157.45067635837523
IA_ADAIR,2015,176.5,xgboost,158.7321319580078
IA_ADAMS,2015,169.6,xgboost,158.46434020996094
IA_ALLAMAKEE,2015,175.4,xgboost,171.0133514404297
IA_APPANOOSE,2015,154.3,xgboost,171.34869384765625
IA_AUDUBON,2015,189.8,xgboost,168.99063110351562
IA_BENTON,2015,187.5,xgboost,173.54188537597656
IA_BLACK_HAWK,2015,192.9,xgboost,172.41932678222656
IA_BOONE,2015,192.3,xgboost,170.63943481445312
IA_BREMER,2015,203.1,xgboost,173.22898864746094
IA_BUCHANAN,2015,191.6,xgboost,172.24490356445312
IA_BUENA_VISTA,2015,202.7,xgboost,173.59457397460938
IA_BUTLER,2015,193.3,xgboost,174.27462768554688
IA_CALHOUN,2015,194.7,xgboost,172.8716278076172
IA_CARROLL,2015,195.4,xgboost,171.3490447998047
IA_CASS,2015,193.7,xgboost,166.9749298095703
IA_CEDAR,2015,188.8,xgboost,172.398193359375
IA_CERRO_GORDO,2015,196.9,xgboost,175.66098022460938
IA_CHEROKEE,2015,209.6,xgboost,173.37701416015625
IA_CHICKASAW,2015,202.8,xgboost,175.2121124267578
IA_CLARKE,2015,152.4,xgboost,160.83334350585938
IA_CLAY,2015,202.8,xgboost,169.13095092773438
IA_CLAYTON,2015,193.2,xgboost,169.82164001464844
IA_CLINTON,2015,188.2,xgboost,173.0327606201172
IA_CRAWFORD,2015,199.1,xgboost,172.39637756347656
IA_DALLAS,2015,182.4,xgboost,170.0233612060547
IA_DAVIS,2015,142.4,xgboost,172.41383361816406
IA_DECATUR,2015,162.7,xgboost,160.4766387939453
IA_DELAWARE,2015,195.8,xgboost,170.95001220703125
IA_DES_MOINES,2015,176.0,xgboost,184.2493896484375
IA_DICKINSON,2015,194.5,xgboost,166.40164184570312
IA_DUBUQUE,2015,197.0,xgboost,168.61306762695312
IA_EMMET,2015,203.3,xgboost,173.83950805664062
IA_FAYETTE,2015,191.8,xgboost,171.6219940185547
IA_FLOYD,2015,196.5,xgboost,173.7913360595703
IA_FRANKLIN,2015,200.2,xgboost,174.00033569335938
IA_FREMONT,2015,179.9,xgboost,165.7063446044922
IA_GREENE,2015,189.0,xgboost,171.94107055664062
IA_GRUNDY,2015,199.9,xgboost,173.92575073242188
IA_GUTHRIE,2015,179.2,xgboost,167.50271606445312
IA_HAMILTON,2015,198.1,xgboost,171.70147705078125
IA_HANCOCK,2015,201.2,xgboost,173.5718231201172
IA_HARDIN,2015,199.3,xgboost,174.6142120361328
IA_HARRISON,2015,189.5,xgboost,170.40499877929688
IA_HENRY,2015,178.4,xgboost,182.98291015625
IA_HOWARD,2015,202.1,xgboost,174.40072631835938
IA_HUMBOLDT,2015,194.8,xgboost,175.05612182617188
IA_IDA,2015,203.1,xgboost,172.5499267578125
IA_IOWA,2015,199.3,xgboost,169.49911499023438
IA_JACKSON,2015,190.6,xgboost,167.48953247070312
IA_JASPER,2015,198.9,xgboost,170.24664306640625
IA_JEFFERSON,2015,168.2,xgboost,180.8194122314453
IA_JOHNSON,2015,187.1,xgboost,169.87139892578125
IA_JONES,2015,186.6,xgboost,169.71278381347656
IA_KEOKUK,2015,181.0,xgboost,170.8203887939453
IA_KOSSUTH,2015,199.0,xgboost,173.7007598876953
IA_LEE,2015,145.1,xgboost,181.5071563720703
IA_LINN,2015,189.2,xgboost,172.73165893554688
IA_LOUISA,2015,181.7,xgboost,183.02896118164062
IA_LUCAS,2015,154.8,xgboost,166.93077087402344
IA_LYON,2015,196.0,xgboost,165.42799377441406
IA_MADISON,2015,169.6,xgboost,160.8599853515625
IA_MAHASKA,2015,190.3,xgboost,167.50323486328125
IA_MARION,2015,178.1,xgboost,167.03158569335938
IA_MARSHALL,2015,194.9,xgboost,172.6364288330078
IA_MITCHELL,2015,202.1,xgboost,175.4993133544922
IA_MONONA,2015,169.0,xgboost,170.30650329589844
IA_MONTGOMERY,2015,185.2,xgboost,166.06468200683594
IA_MUSCATINE,2015,177.7,xgboost,179.74139404296875
IA_OSCEOLA,2015,204.7,xgboost,166.95596313476562
IA_PAGE,2015,165.8,xgboost,165.5723419189453
IA_PALO_ALTO,2015,197.5,xgboost,172.81077575683594
IA_PLYMOUTH,2015,203.6,xgboost,173.3397979736328
IA_POCAHONTAS,2015,205.5,xgboost,173.9774932861328
IA_POLK,2015,187.0,xgboost,170.51451110839844
IA_POTTAWATTAMIE,2015,204.0,xgboost,168.51046752929688
IA_POWESHIEK,2015,197.8,xgboost,171.49288940429688
IA_RINGGOLD,2015,147.8,xgboost,158.59193420410156
IA_SAC,2015,204.8,xgboost,172.850341796875
IA_SCOTT,2015,195.9,xgboost,182.0777587890625
IA_SHELBY,2015,195.3,xgboost,169.43609619140625
IA_SIOUX,2015,201.9,xgboost,165.8691864013672
IA_STORY,2015,188.0,xgboost,172.659423828125
IA_TAMA,2015,189.5,xgboost,171.34133911132812
IA_VAN_BUREN,2015,158.3,xgboost,180.77232360839844
IA_WAPELLO,2015,159.3,xgboost,172.13986206054688
IA_WARREN,2015,170.3,xgboost,170.3247833251953
IA_WASHINGTON,2015,195.0,xgboost,177.90609741210938
IA_WAYNE,2015,158.0,xgboost,161.05322265625
IA_WEBSTER,2015,201.0,xgboost,173.21278381347656
IA_WINNESHIEK,2015,185.6,xgboost,171.83908081054688
IA_WOODBURY,2015,202.3,xgboost,171.0433807373047
IA_WRIGHT,2015,198.4,xgboost,172.57452392578125
IL_ADAMS,2015,158.1,xgboost,177.3025360107422
IL_BOND,2015,159.9,xgboost,164.0250244140625
IL_BOONE,2015,201.1,xgboost,183.90829467773438
IL_BROWN,2015,157.2,xgboost,182.26304626464844
IL_BUREAU,2015,196.8,xgboost,194.05886840820312
IL_CALHOUN,2015,154.9,xgboost,175.61109924316406
IL_CARROLL,2015,204.2,xgboost,180.9518585205078
IL_CASS,2015,182.2,xgboost,188.7911834716797
IL_CHAMPAIGN,2015,189.4,xgboost,196.92893981933594
IL_CHRISTIAN,2015,189.7,xgboost,193.1936492919922
IL_CLARK,2015,164.7,xgboost,189.31373596191406
IL_CLAY,2015,131.2,xgboost,151.35140991210938
IL_CLINTON,2015,162.2,xgboost,145.33888244628906
IL_COLES,2015,188.5,xgboost,192.41403198242188
IL_CRAWFORD,2015,144.1,xgboost,169.4061737060547
IL_CUMBERLAND,2015,163.7,xgboost,186.90078735351562
IL_DE_WITT,2015,207.8,xgboost,196.84193420410156
IL_DOUGLAS,2015,209.1,xgboost,198.3634796142578
IL_EDGAR,2015,180.1,xgboost,195.38262939453125
IL_EFFINGHAM,2015,147.4,xgboost,174.5277557373047
IL_FAYETTE,2015,154.4,xgboost,173.32260131835938
IL_FORD,2015,160.8,xgboost,195.68031311035156
IL_FRANKLIN,2015,149.4,xgboost,140.3849639892578
IL_FULTON,2015,170.5,xgboost,192.7329864501953
IL_GALLATIN,2015,167.5,xgboost,143.77357482910156
IL_GREENE,2015,150.5,xgboost,179.31573486328125
IL_GRUNDY,2015,164.1,xgboost,192.50469970703125
IL_HANCOCK,2015,180.3,xgboost,188.2291259765625
IL_HENDERSON,2015,191.9,xgboost,194.48390197753906
IL_HENRY,2015,193.2,xgboost,192.14381408691406
IL_IROQUOIS,2015,123.3,xgboost,196.4801483154297
IL_JASPER,2015,155.1,xgboost,170.2422637939453
IL_JEFFERSON,2015,125.4,xgboost,142.2826690673828
IL_JERSEY,2015,159.0,xgboost,174.7035369873047
IL_JO_DAVIESS,2015,183.2,xgboost,172.0681610107422
IL_KANE,2015,184.0,xgboost,186.7153778076172
IL_KANKAKEE,2015,92.5,xgboost,190.3232879638672
IL_KNOX,2015,205.9,xgboost,193.4614715576172
IL_LAKE,2015,155.6,xgboost,164.833984375
IL_LAWRENCE,2015,160.1,xgboost,152.88946533203125
IL_LEE,2015,188.4,xgboost,188.25991821289062
IL_LIVINGSTON,2015,185.9,xgboost,194.7561492919922
IL_LOGAN,2015,172.8,xgboost,197.31370544433594
IL_MACON,2015,207.5,xgboost,197.7519989013672
IL_MACOUPIN,2015,152.5,xgboost,178.81585693359375
IL_MADISON,2015,169.8,xgboost,146.00262451171875
IL_MARION,2015,147.5,xgboost,148.22802734375
IL_MARSHALL,2015,198.4,xgboost,194.7567596435547
IL_MASON,2015,161.5,xgboost,197.90298461914062
IL_MASSAC,2015,171.4,xgboost,140.8400115966797
IL_MCDONOUGH,2015,175.8,xgboost,192.98268127441406
IL_MCHENRY,2015,186.8,xgboost,183.75636291503906
IL_MCLEAN,2015,199.2,xgboost,197.91522216796875
IL_MENARD,2015,188.2,xgboost,194.57945251464844
IL_MERCER,2015,205.7,xgboost,195.80401611328125
IL_MONROE,2015,169.7,xgboost,140.90679931640625
IL_MONTGOMERY,2015,169.8,xgboost,182.7794952392578
IL_MORGAN,2015,180.0,xgboost,189.54322814941406
IL_MOULTRIE,2015,206.2,xgboost,197.08419799804688
IL_OGLE,2015,186.6,xgboost,185.1793670654297
IL_PEORIA,2015,185.9,xgboost,194.4372100830078
IL_PERRY,2015,144.7,xgboost,143.59182739257812
IL_PIATT,2015,220.5,xgboost,198.00071716308594
IL_PIKE,2015,133.9,xgboost,177.449462890625
IL_POPE,2015,164.1,xgboost,141.22076416015625
IL_PULASKI,2015,152.2,xgboost,145.09983825683594
IL_PUTNAM,2015,186.3,xgboost,193.39378356933594
IL_RANDOLPH,2015,141.0,xgboost,142.32965087890625
IL_RICHLAND,2015,143.3,xgboost,152.56744384765625
IL_ROCK_ISLAND,2015,193.7,xgboost,195.49864196777344
IL_SALINE,2015,172.1,xgboost,142.63787841796875
IL_SANGAMON,2015,183.5,xgboost,195.447998046875
IL_SCHUYLER,2015,159.5,xgboost,188.81365966796875
IL_SCOTT,2015,149.2,xgboost,182.4498748779297
IL_SHELBY,2015,175.6,xgboost,190.57603454589844
IL_STARK,2015,210.9,xgboost,195.0070343017578
IL_STEPHENSON,2015,192.5,xgboost,181.82579040527344
IL_TAZEWELL,2015,182.5,xgboost,194.7138671875
IL_VERMILION,2015,168.0,xgboost,198.35662841796875
IL_WABASH,2015,159.8,xgboost,144.56317138671875
IL_WARREN,2015,202.0,xgboost,194.61038208007812
IL_WASHINGTON,2015,151.9,xgboost,143.86314392089844
IL_WHITE,2015,171.3,xgboost,143.22340393066406
IL_WHITESIDE,2015,184.0,xgboost,189.87371826171875
IL_WILL,2015,159.9,xgboost,188.1898956298828
IL_WILLIAMSON,2015,164.9,xgboost,137.76089477539062
IL_WINNEBAGO,2015,184.8,xgboost,184.9825439453125
IL_WOODFORD,2015,201.0,xgboost,195.5388641357422
IN_ADAMS,2015,103.5,xgboost,176.3500213623047
IN_ALLEN,2015,120.7,xgboost,172.20835876464844
IN_BARTHOLOMEW,2015,161.0,xgboost,168.698486328125
IN_BENTON,2015,169.3,xgboost,182.10696411132812
IN_BLACKFORD,2015,117.5,xgboost,176.3326873779297
IN_BOONE,2015,136.5,xgboost,178.73362731933594
IN_CARROLL,2015,157.2,xgboost,178.16836547851562
IN_CASS,2015,129.4,xgboost,174.72230529785156
IN_CLARK,2015,162.1,xgboost,149.87811279296875
IN_CLAY,2015,165.5,xgboost,184.2496337890625
IN_CLINTON,2015,146.6,xgboost,178.12371826171875
IN_DAVIESS,2015,174.4,xgboost,154.53924560546875
IN_DEARBORN,2015,151.9,xgboost,170.29541015625
IN_DECATUR,2015,177.9,xgboost,181.03504943847656
IN_DELAWARE,2015,130.1,xgboost,176.3765106201172
IN_DUBOIS,2015,165.8,xgboost,145.16928100585938
IN_ELKHART,2015,154.7,xgboost,164.34153747558594
IN_FAYETTE,2015,181.5,xgboost,177.4085693359375
IN_FLOYD,2015,158.1,xgboost,148.9853973388672
IN_FOUNTAIN,2015,169.4,xgboost,183.3194122314453
IN_FRANKLIN,2015,182.4,xgboost,179.6077880859375
IN_FULTON,2015,142.1,xgboost,171.27891540527344
IN_GIBSON,2015,177.1,xgboost,152.61830139160156
IN_GRANT,2015,135.1,xgboost,176.45945739746094
IN_HAMILTON,2015,145.4,xgboost,177.6077423095703
IN_HANCOCK,2015,149.9,xgboost,177.69775390625
IN_HARRISON,2015,173.1,xgboost,147.29669189453125
IN_HENDRICKS,2015,149.7,xgboost,181.46786499023438
IN_HENRY,2015,158.0,xgboost,177.40304565429688
IN_HOWARD,2015,160.4,xgboost,175.4880828857422
IN_HUNTINGTON,2015,123.1,xgboost,176.3013153076172
IN_JACKSON,2015,151.6,xgboost,153.62908935546875
IN_JASPER,2015,98.3,xgboost,177.83056640625
IN_JAY,2015,108.3,xgboost,176.26707458496094
IN_JEFFERSON,2015,151.8,xgboost,156.48687744140625
IN_JENNINGS,2015,160.3,xgboost,158.69239807128906
IN_JOHNSON,2015,152.0,xgboost,178.23292541503906
IN_KNOX,2015,164.5,xgboost,158.6962890625
IN_KOSCIUSKO,2015,170.9,xgboost,167.80416870117188
IN_LAGRANGE,2015,150.0,xgboost,162.6390380859375
IN_LAKE,2015,142.0,xgboost,174.27207946777344
IN_LAWRENCE,2015,178.4,xgboost,152.6239013671875
IN_MADISON,2015,136.3,xgboost,177.58706665039062
IN_MARION,2015,167.8,xgboost,182.04434204101562
IN_MARSHALL,2015,143.7,xgboost,167.2688446044922
IN_MARTIN,2015,149.4,xgboost,147.6908416748047
IN_MIAMI,2015,138.6,xgboost,175.37322998046875
IN_MONROE,2015,158.8,xgboost,174.46466064453125
IN_MONTGOMERY,2015,176.5,xgboost,180.65707397460938
IN_MORGAN,2015,155.4,xgboost,178.5726776123047
IN_NEWTON,2015,110.9,xgboost,179.72955322265625
IN_NOBLE,2015,163.1,xgboost,166.5623016357422
IN_ORANGE,2015,190.5,xgboost,147.80979919433594
IN_OWEN,2015,164.1,xgboost,177.18646240234375
IN_PARKE,2015,160.8,xgboost,179.480712890625
IN_PORTER,2015,151.5,xgboost,168.30538940429688
IN_POSEY,2015,190.3,xgboost,151.83824157714844
IN_PULASKI,2015,109.7,xgboost,166.5460662841797
IN_PUTNAM,2015,149.6,xgboost,181.60043334960938
IN_RANDOLPH,2015,144.8,xgboost,176.24913024902344
IN_RIPLEY,2015,158.7,xgboost,171.86074829101562
IN_RUSH,2015,169.7,xgboost,177.4085693359375
IN_SCOTT,2015,167.8,xgboost,152.6659393310547
IN_SHELBY,2015,157.2,xgboost,181.7863311767578
IN_SPENCER,2015,163.7,xgboost,145.66949462890625
IN_ST._JOSEPH,2015,151.5,xgboost,164.8904266357422
IN_STARKE,2015,97.6,xgboost,165.14175415039062
IN_SULLIVAN,2015,163.0,xgboost,176.4272003173828
IN_TIPPECANOE,2015,147.9,xgboost,181.763427734375
IN_TIPTON,2015,173.4,xgboost,176.45945739746094
IN_UNION,2015,174.0,xgboost,178.56472778320312
IN_VANDERBURGH,2015,166.4,xgboost,146.52659606933594
IN_VERMILLION,2015,156.3,xgboost,183.38107299804688
IN_VIGO,2015,164.0,xgboost,182.76736450195312
IN_WABASH,2015,135.3,xgboost,175.37322998046875
IN_WARREN,2015,178.7,xgboost,189.11215209960938
IN_WARRICK,2015,151.9,xgboost,146.89479064941406
IN_WASHINGTON,2015,156.0,xgboost,151.77847290039062
IN_WAYNE,2015,161.2,xgboost,177.1116180419922
IN_WELLS,2015,112.5,xgboost,176.3013153076172
IN_WHITE,2015,128.0,xgboost,176.0881805419922
IN_WHITLEY,2015,138.8,xgboost,167.7357940673828
MI_ALLEGAN,2015,156.3,xgboost,157.12452697753906
MI_BARRY,2015,157.4,xgboost,153.36383056640625
MI_BRANCH,2015,172.2,xgboost,153.67050170898438
MI_CALHOUN,2015,144.4,xgboost,151.1608123779297
MI_CASS,2015,159.3,xgboost,152.97930908203125
MI_CLINTON,2015,171.7,xgboost,158.54525756835938
MI_EATON,2015,163.2,xgboost,154.27442932128906
MI_GENESEE,2015,165.5,xgboost,159.385498046875
MI_GRATIOT,2015,170.8,xgboost,160.5430908203125
MI_HILLSDALE,2015,155.9,xgboost,154.07476806640625
MI_HURON,2015,198.8,xgboost,149.9593048095703
MI_INGHAM,2015,171.9,xgboost,155.593017578125
MI_IONIA,2015,183.3,xgboost,157.40428161621094
MI_JACKSON,2015,141.1,xgboost,155.45692443847656
MI_KALAMAZOO,2015,143.8,xgboost,148.09608459472656
MI_KENT,2015,170.6,xgboost,156.0954132080078
MI_LAPEER,2015,174.3,xgboost,152.13841247558594
MI_LENAWEE,2015,161.1,xgboost,158.45538330078125
MI_LIVINGSTON,2015,161.1,xgboost,154.39340209960938
MI_MACOMB,2015,154.4,xgboost,157.94915771484375
MI_MIDLAND,2015,159.5,xgboost,154.4727325439453
MI_MONROE,2015,150.3,xgboost,154.43893432617188
MI_MONTCALM,2015,159.3,xgboost,147.7303009033203
MI_MUSKEGON,2015,144.4,xgboost,142.54153442382812
MI_NEWAYGO,2015,139.3,xgboost,139.56105041503906
MI_OAKLAND,2015,145.0,xgboost,155.81057739257812
MI_OCEANA,2015,123.0,xgboost,142.9244384765625
MI_OTTAWA,2015,155.6,xgboost,156.19635009765625
MI_SAGINAW,2015,169.3,xgboost,154.0479736328125
MI_SANILAC,2015,183.7,xgboost,148.2595977783203
MI_SHIAWASSEE,2015,176.3,xgboost,156.695556640625
MI_TUSCOLA,2015,192.0,xgboost,155.1195068359375
MI_WASHTENAW,2015,147.6,xgboost,157.05995178222656
MI_WAYNE,2015,130.0,xgboost,160.8983917236328
MN_BLUE_EARTH,2015,201.4,xgboost,180.00010681152344
MN_BROWN,2015,189.0,xgboost,183.01084899902344
MN_CHIPPEWA,2015,193.5,xgboost,150.85647583007812
MN_FILLMORE,2015,192.0,xgboost,175.6504669189453
MN_GOODHUE,2015,202.4,xgboost,177.7836151123047
MN_HOUSTON,2015,185.3,xgboost,176.290283203125
MN_MARTIN,2015,203.4,xgboost,182.75836181640625
MN_MURRAY,2015,199.5,xgboost,160.29425048828125
MN_NICOLLET,2015,206.8,xgboost,178.00352478027344
MN_NOBLES,2015,193.5,xgboost,168.57742309570312
MN_PIPESTONE,2015,191.9,xgboost,153.6299285888672
MN_REDWOOD,2015,197.6,xgboost,164.6786651611328
MN_RENVILLE,2015,190.8,xgboost,162.2567138671875
MN_ROCK,2015,198.8,xgboost,169.56883239746094
MN_WABASHA,2015,188.5,xgboost,175.31373596191406
MN_WINONA,2015,186.5,xgboost,176.06288146972656
MN_YELLOW_MEDICINE,2015,187.3,xgboost,144.64645385742188
MO_ADAIR,2015,128.5,xgboost,153.12887573242188
MO_AUDRAIN,2015,109.4,xgboost,155.87657165527344
MO_BARTON,2015,148.7,xgboost,122.45402526855469
MO_BOLLINGER,2015,146.2,xgboost,135.39627075195312
MO_BOONE,2015,125.0,xgboost,143.97128295898438
MO_BUCHANAN,2015,141.2,xgboost,145.65675354003906
MO_CALDWELL,2015,132.8,xgboost,146.54244995117188
MO_CAPE_GIRARDEAU,2015,158.7,xgboost,148.767333984375
MO_CARROLL,2015,132.7,xgboost,148.88555908203125
MO_CASS,2015,140.7,xgboost,149.3986053466797
MO_CEDAR,2015,98.2,xgboost,121.30514526367188
MO_CHARITON,2015,139.5,xgboost,159.32208251953125
MO_CLAY,2015,122.5,xgboost,146.07659912109375
MO_CLINTON,2015,127.1,xgboost,146.28953552246094
MO_COLE,2015,123.1,xgboost,139.7229766845703
MO_DADE,2015,118.5,xgboost,123.91386413574219
MO_DUNKLIN,2015,179.0,xgboost,149.82510375976562
MO_FRANKLIN,2015,138.6,xgboost,130.7432098388672
MO_GASCONADE,2015,87.7,xgboost,123.02124786376953
MO_JASPER,2015,130.8,xgboost,119.02831268310547
MO_JEFFERSON,2015,135.0,xgboost,129.43617248535156
MO_JOHNSON,2015,138.2,xgboost,149.94248962402344
MO_LAFAYETTE,2015,156.4,xgboost,148.93382263183594
MO_LAWRENCE,2015,142.9,xgboost,124.69495391845703
MO_LEWIS,2015,118.5,xgboost,157.23703002929688
MO_LIVINGSTON,2015,140.3,xgboost,150.253662109375
MO_MISSISSIPPI,2015,194.8,xgboost,136.49212646484375
MO_MONROE,2015,140.5,xgboost,156.4959716796875
MO_MORGAN,2015,136.9,xgboost,137.94332885742188
MO_NODAWAY,2015,137.5,xgboost,145.95547485351562
MO_PERRY,2015,160.9,xgboost,134.2137908935547
MO_PETTIS,2015,107.5,xgboost,145.53453063964844
MO_PIKE,2015,96.3,xgboost,166.39706420898438
MO_PLATTE,2015,135.7,xgboost,143.2120361328125
MO_PUTNAM,2015,141.4,xgboost,148.4961395263672
MO_RALLS,2015,111.4,xgboost,163.60595703125
MO_RANDOLPH,2015,148.5,xgboost,153.50181579589844
MO_SALINE,2015,163.5,xgboost,151.67247009277344
MO_SCOTT,2015,177.3,xgboost,158.80841064453125
MO_SULLIVAN,2015,120.9,xgboost,148.82269287109375
MO_VERNON,2015,122.5,xgboost,122.95027160644531
MO_WAYNE,2015,120.0,xgboost,130.14712524414062
MO_WORTH,2015,126.2,xgboost,143.513427734375
OH_ADAMS,2015,146.2,xgboost,145.7066650390625
OH_ALLEN,2015,116.7,xgboost,169.6926727294922
OH_ASHTABULA,2015,114.6,xgboost,157.1328582763672
OH_AUGLAIZE,2015,126.8,xgboost,171.3427276611328
OH_BELMONT,2015,100.0,xgboost,166.61187744140625
OH_BROWN,2015,182.9,xgboost,150.21705627441406
OH_BUTLER,2015,157.7,xgboost,173.47836303710938
OH_CHAMPAIGN,2015,179.9,xgboost,175.8067626953125
OH_CLARK,2015,177.5,xgboost,176.01388549804688
OH_CLERMONT,2015,175.0,xgboost,154.77684020996094
OH_CLINTON,2015,184.4,xgboost,173.1198272705078
OH_COLUMBIANA,2015,136.0,xgboost,169.72738647460938
OH_COSHOCTON,2015,138.3,xgboost,165.1978302001953
OH_CRAWFORD,2015,174.0,xgboost,169.95310974121094
OH_DARKE,2015,172.5,xgboost,172.5704345703125
OH_DEFIANCE,2015,131.6,xgboost,165.13601684570312
OH_DELAWARE,2015,140.2,xgboost,176.04823303222656
OH_FAIRFIELD,2015,170.3,xgboost,174.26402282714844
OH_FAYETTE,2015,178.0,xgboost,173.24681091308594
OH_FRANKLIN,2015,159.4,xgboost,177.5769805908203
OH_FULTON,2015,161.3,xgboost,164.38377380371094
OH_GREENE,2015,187.0,xgboost,174.92523193359375
OH_GUERNSEY,2015,157.1,xgboost,167.8143310546875
OH_HAMILTON,2015,174.3,xgboost,160.1409454345703
OH_HANCOCK,2015,141.2,xgboost,170.3240509033203
OH_HARDIN,2015,121.4,xgboost,171.3374481201172
OH_HARRISON,2015,121.9,xgboost,168.01454162597656
OH_HENRY,2015,161.5,xgboost,169.05413818359375
OH_HIGHLAND,2015,178.6,xgboost,164.87234497070312
OH_HOCKING,2015,170.4,xgboost,161.66575622558594
OH_HOLMES,2015,138.7,xgboost,168.4004669189453
OH_HURON,2015,160.2,xgboost,173.17420959472656
OH_KNOX,2015,147.9,xgboost,167.2084197998047
OH_LICKING,2015,156.4,xgboost,173.76800537109375
OH_LOGAN,2015,142.1,xgboost,170.39280700683594
OH_LORAIN,2015,146.5,xgboost,171.90447998046875
OH_LUCAS,2015,159.1,xgboost,157.62197875976562
OH_MADISON,2015,164.5,xgboost,177.00711059570312
OH_MAHONING,2015,125.0,xgboost,170.51101684570312
OH_MARION,2015,164.2,xgboost,170.32986450195312
OH_MEDINA,2015,131.2,xgboost,172.0311279296875
OH_MERCER,2015,117.0,xgboost,173.39398193359375
OH_MIAMI,2015,176.8,xgboost,175.8067626953125
OH_MONTGOMERY,2015,157.5,xgboost,175.68186950683594
OH_MORGAN,2015,132.7,xgboost,160.3395538330078
OH_MORROW,2015,130.9,xgboost,170.2241668701172
OH_MUSKINGUM,2015,158.8,xgboost,169.44154357910156
OH_NOBLE,2015,140.0,xgboost,163.5812530517578
OH_OTTAWA,2015,125.8,xgboost,170.12042236328125
OH_PAULDING,2015,123.2,xgboost,169.24368286132812
OH_PICKAWAY,2015,174.4,xgboost,172.1623077392578
OH_PIKE,2015,172.2,xgboost,144.1417999267578
OH_PORTAGE,2015,110.5,xgboost,170.1817169189453
OH_PREBLE,2015,155.3,xgboost,176.93052673339844
OH_PUTNAM,2015,126.4,xgboost,172.93052673339844
OH_RICHLAND,2015,155.5,xgboost,168.1942596435547
OH_ROSS,2015,186.5,xgboost,166.87216186523438
OH_SANDUSKY,2015,167.2,xgboost,174.4098358154297
OH_SENECA,2015,167.6,xgboost,168.83262634277344
OH_SHELBY,2015,148.6,xgboost,171.73326110839844
OH_STARK,2015,127.4,xgboost,172.20716857910156
OH_TRUMBULL,2015,118.8,xgboost,168.35171508789062
OH_TUSCARAWAS,2015,138.3,xgboost,168.9652557373047
OH_UNION,2015,158.7,xgboost,174.1678466796875
OH_VAN_WERT,2015,102.8,xgboost,169.7139129638672
OH_WARREN,2015,185.4,xgboost,173.6517791748047
OH_WAYNE,2015,129.8,xgboost,172.04544067382812
OH_WILLIAMS,2015,165.9,xgboost,162.9638671875
OH_WOOD,2015,143.2,xgboost,172.39329528808594
OH_WYANDOT,2015,147.9,xgboost,170.41793823242188
WI_ADAMS,2015,130.3,xgboost,145.81637573242188
WI_BUFFALO,2015,159.9,xgboost,157.66883850097656
WI_COLUMBIA,2015,179.8,xgboost,160.8006591796875
WI_CRAWFORD,2015,146.5,xgboost,158.854736328125
WI_DANE,2015,183.7,xgboost,163.90890502929688
WI_DODGE,2015,181.3,xgboost,155.802490234375
WI_DUNN,2015,160.2,xgboost,157.86846923828125
WI_EAU_CLAIRE,2015,158.1,xgboost,156.71511840820312
WI_FOND_DU_LAC,2015,178.5,xgboost,151.9392547607422
WI_GRANT,2015,178.9,xgboost,160.53195190429688
WI_GREEN,2015,170.8,xgboost,163.37933349609375
WI_GREEN_LAKE,2015,179.7,xgboost,157.8125762939453
WI_IOWA,2015,160.3,xgboost,163.69520568847656
WI_JACKSON,2015,146.2,xgboost,159.22793579101562
WI_JEFFERSON,2015,170.1,xgboost,163.1681671142578
WI_JUNEAU,2015,158.3,xgboost,158.61111450195312
WI_KENOSHA,2015,179.5,xgboost,152.53318786621094
WI_LAFAYETTE,2015,194.2,xgboost,165.6065673828125
WI_LANGLADE,2015,132.5,xgboost,135.51358032226562
WI_LA_CROSSE,2015,160.4,xgboost,160.10235595703125
WI_MARINETTE,2015,130.6,xgboost,132.20669555664062
WI_MARQUETTE,2015,128.4,xgboost,145.10060119628906
WI_MONROE,2015,157.9,xgboost,160.4556884765625
WI_OCONTO,2015,133.1,xgboost,134.3996124267578
WI_OUTAGAMIE,2015,157.7,xgboost,154.11981201171875
WI_PEPIN,2015,163.3,xgboost,159.51980590820312
WI_PORTAGE,2015,149.4,xgboost,150.15171813964844
WI_RACINE,2015,180.9,xgboost,153.0319366455078
WI_RICHLAND,2015,143.1,xgboost,159.76051330566406
WI_ROCK,2015,177.1,xgboost,168.21485900878906
WI_SAUK,2015,165.3,xgboost,162.6678466796875
WI_SHEBOYGAN,2015,158.3,xgboost,144.40011596679688
WI_TREMPEALEAU,2015,157.7,xgboost,158.90689086914062
WI_VERNON,2015,152.6,xgboost,160.3805389404297
WI_WALWORTH,2015,180.8,xgboost,164.10848999023438
WI_WASHINGTON,2015,169.4,xgboost,148.3367462158203
WI_WAUKESHA,2015,165.8,xgboost,156.93197631835938
WI_WAUSHARA,2015,162.4,xgboost,152.8090362548828
