COUNTY_ID,FYEAR,YIELD,model,prediction
IA_ADAIR,2010,139.1,trend_residual_xgboost,183.08858524004603
IA_ADAMS,2010,139.3,trend_residual_xgboost,167.31764576435077
IA_ALLAMAKEE,2010,175.8,trend_residual_xgboost,188.40053644816064
IA_APPANOOSE,2010,75.2,trend_residual_xgboost,144.10145542144767
IA_AUDUBON,2010,160.3,trend_residual_xgboost,197.98062395413706
IA_BENTON,2010,179.0,trend_residual_xgboost,191.9624686686197
IA_BLACK_HAWK,2010,170.4,trend_residual_xgboost,187.30494565327945
IA_BOONE,2010,162.5,trend_residual_xgboost,191.33223171552007
IA_BREMER,2010,174.6,trend_residual_xgboost,193.98084092458075
IA_BUCHANAN,2010,167.5,trend_residual_xgboost,185.79028182347594
IA_BUENA_VISTA,2010,178.3,trend_residual_xgboost,191.76682959238673
IA_BUTLER,2010,180.5,trend_residual_xgboost,194.14828369776393
IA_CALHOUN,2010,173.3,trend_residual_xgboost,190.16450564702336
IA_CARROLL,2010,182.0,trend_residual_xgboost,201.66179316838566
IA_CASS,2010,155.1,trend_residual_xgboost,191.47419646581002
IA_CEDAR,2010,174.4,trend_residual_xgboost,194.9889139811196
IA_CERRO_GORDO,2010,173.0,trend_residual_xgboost,185.6499927711486
IA_CHEROKEE,2010,186.9,trend_residual_xgboost,204.43250637690215
IA_CHICKASAW,2010,182.0,trend_residual_xgboost,183.94748896280913
IA_CLARKE,2010,84.5,trend_residual_xgboost,135.74916105270376
IA_CLAY,2010,177.6,trend_residual_xgboost,189.12188079833967
IA_CLAYTON,2010,176.9,trend_residual_xgboost,191.25550114949533
IA_CLINTON,2010,171.2,trend_residual_xgboost,188.76242109298693
IA_CRAWFORD,2010,185.8,trend_residual_xgboost,199.17145744323716
IA_DALLAS,2010,141.9,trend_residual_xgboost,189.5096547873813
IA_DAVIS,2010,84.0,trend_residual_xgboost,142.95490111033106
IA_DECATUR,2010,94.3,trend_residual_xgboost,142.75818355560293
IA_DELAWARE,2010,175.8,trend_residual_xgboost,188.00829299926744
IA_DES_MOINES,2010,112.1,trend_residual_xgboost,184.04605645815525
IA_DICKINSON,2010,181.0,trend_residual_xgboost,186.83551390965764
IA_DUBUQUE,2010,170.4,trend_residual_xgboost,193.61806578318266
IA_EMMET,2010,183.1,trend_residual_xgboost,191.0425997225442
IA_FAYETTE,2010,166.5,trend_residual_xgboost,182.86874969482403
IA_FLOYD,2010,177.8,trend_residual_xgboost,187.3265352121987
IA_FRANKLIN,2010,168.0,trend_residual_xgboost,187.13592376073186
IA_FREMONT,2010,152.7,trend_residual_xgboost,175.39198671499878
IA_GREENE,2010,167.3,trend_residual_xgboost,192.53652268727606
IA_GRUNDY,2010,192.9,trend_residual_xgboost,195.18740936915057
IA_GUTHRIE,2010,141.3,trend_residual_xgboost,181.068300590515
IA_HAMILTON,2010,169.6,trend_residual_xgboost,181.33232720692942
IA_HANCOCK,2010,176.9,trend_residual_xgboost,192.198201039632
IA_HARDIN,2010,185.8,trend_residual_xgboost,181.9988179143268
IA_HARRISON,2010,159.4,trend_residual_xgboost,186.75403945763898
IA_HENRY,2010,109.0,trend_residual_xgboost,175.1097509415943
IA_HOWARD,2010,191.4,trend_residual_xgboost,185.73845506668076
IA_HUMBOLDT,2010,153.2,trend_residual_xgboost,197.06583361943552
IA_IDA,2010,191.8,trend_residual_xgboost,203.10957093874606
IA_IOWA,2010,158.5,trend_residual_xgboost,186.19474676291134
IA_JACKSON,2010,157.2,trend_residual_xgboost,180.94278490702297
IA_JASPER,2010,152.7,trend_residual_xgboost,195.20303238868695
IA_JEFFERSON,2010,98.5,trend_residual_xgboost,165.07666024208055
IA_JOHNSON,2010,150.9,trend_residual_xgboost,174.8539632860818
IA_JONES,2010,168.9,trend_residual_xgboost,192.53650890350326
IA_KEOKUK,2010,111.2,trend_residual_xgboost,171.07038542509062
IA_KOSSUTH,2010,184.0,trend_residual_xgboost,196.82453182220442
IA_LEE,2010,103.2,trend_residual_xgboost,162.92355166117338
IA_LINN,2010,170.3,trend_residual_xgboost,194.5109089787799
IA_LOUISA,2010,125.1,trend_residual_xgboost,177.29290177424735
IA_LUCAS,2010,71.2,trend_residual_xgboost,133.6599182891845
IA_LYON,2010,195.2,trend_residual_xgboost,191.62742081801085
IA_MADISON,2010,124.6,trend_residual_xgboost,171.90233391920714
IA_MAHASKA,2010,116.6,trend_residual_xgboost,188.65419682820624
IA_MARION,2010,112.7,trend_residual_xgboost,164.72311973551894
IA_MARSHALL,2010,183.3,trend_residual_xgboost,197.59369570414214
IA_MILLS,2010,160.2,trend_residual_xgboost,183.24209704240155
IA_MITCHELL,2010,190.5,trend_residual_xgboost,192.0355543390908
IA_MONONA,2010,168.7,trend_residual_xgboost,177.7851744508742
IA_MONROE,2010,77.4,trend_residual_xgboost,152.4120837338765
IA_MONTGOMERY,2010,157.0,trend_residual_xgboost,181.09759940147387
IA_MUSCATINE,2010,144.8,trend_residual_xgboost,176.78374255180347
IA_OSCEOLA,2010,192.7,trend_residual_xgboost,194.5830043931801
IA_PAGE,2010,150.1,trend_residual_xgboost,162.33120895067842
IA_PALO_ALTO,2010,174.0,trend_residual_xgboost,192.60038312276188
IA_PLYMOUTH,2010,184.7,trend_residual_xgboost,192.05528117020913
IA_POCAHONTAS,2010,172.6,trend_residual_xgboost,195.78172385533637
IA_POLK,2010,139.4,trend_residual_xgboost,180.2398126951852
IA_POTTAWATTAMIE,2010,164.8,trend_residual_xgboost,195.15662415186554
IA_POWESHIEK,2010,153.2,trend_residual_xgboost,191.52604005813586
IA_RINGGOLD,2010,94.1,trend_residual_xgboost,133.2194191582997
IA_SAC,2010,189.7,trend_residual_xgboost,191.62611440340666
IA_SCOTT,2010,151.9,trend_residual_xgboost,188.39408407211286
IA_SHELBY,2010,171.6,trend_residual_xgboost,208.0417359161376
IA_SIOUX,2010,196.5,trend_residual_xgboost,194.81114537308594
IA_STORY,2010,163.9,trend_residual_xgboost,183.1159021218616
IA_TAMA,2010,176.7,trend_residual_xgboost,189.95837094306935
IA_TAYLOR,2010,122.2,trend_residual_xgboost,146.0412237993875
IA_UNION,2010,113.2,trend_residual_xgboost,156.24143511454253
IA_VAN_BUREN,2010,90.8,trend_residual_xgboost,149.98620048522943
IA_WAPELLO,2010,100.2,trend_residual_xgboost,155.78878026326484
IA_WARREN,2010,102.4,trend_residual_xgboost,157.53799176057166
IA_WASHINGTON,2010,132.5,trend_residual_xgboost,185.05637399832395
IA_WAYNE,2010,73.1,trend_residual_xgboost,134.0674141756692
IA_WEBSTER,2010,168.4,trend_residual_xgboost,188.91950794855737
IA_WINNESHIEK,2010,190.5,trend_residual_xgboost,193.13235107421866
IA_WOODBURY,2010,164.3,trend_residual_xgboost,186.03174570851021
IA_WRIGHT,2010,150.0,trend_residual_xgboost,193.38464027404763
IL_ADAMS,2010,121.9,trend_residual_xgboost,148.16992912292469
IL_ALEXANDER,2010,142.8,trend_residual_xgboost,168.34182755152378
IL_BOND,2010,152.6,trend_residual_xgboost,138.86122188568103
IL_BOONE,2010,182.5,trend_residual_xgboost,176.9634673754373
IL_BROWN,2010,119.5,trend_residual_xgboost,140.41730022430406
IL_BUREAU,2010,166.7,trend_residual_xgboost,193.01266779104853
IL_CALHOUN,2010,156.6,trend_residual_xgboost,168.3300525029499
IL_CARROLL,2010,189.8,trend_residual_xgboost,203.06807956695545
IL_CASS,2010,148.6,trend_residual_xgboost,179.16163132985417
IL_CHAMPAIGN,2010,169.5,trend_residual_xgboost,190.27606379191064
IL_CHRISTIAN,2010,157.0,trend_residual_xgboost,183.19612623850486
IL_CLARK,2010,149.1,trend_residual_xgboost,155.11110242207832
IL_CLAY,2010,145.9,trend_residual_xgboost,121.97382551829014
IL_CLINTON,2010,162.7,trend_residual_xgboost,146.51670811971016
IL_COLES,2010,167.0,trend_residual_xgboost,165.4094002405801
IL_COOK,2010,145.7,trend_residual_xgboost,155.89135050927445
IL_CRAWFORD,2010,143.2,trend_residual_xgboost,144.65004475911448
IL_CUMBERLAND,2010,146.7,trend_residual_xgboost,154.47932262420642
IL_DE_WITT,2010,161.1,trend_residual_xgboost,188.15611607233672
IL_DOUGLAS,2010,172.8,trend_residual_xgboost,176.09333537419622
IL_EDGAR,2010,163.3,trend_residual_xgboost,171.6267932256061
IL_EDWARDS,2010,146.5,trend_residual_xgboost,139.88194198608386
IL_EFFINGHAM,2010,157.9,trend_residual_xgboost,154.17900848388655
IL_FAYETTE,2010,159.3,trend_residual_xgboost,137.92484207153308
IL_FORD,2010,143.9,trend_residual_xgboost,193.941965039571
IL_FRANKLIN,2010,111.4,trend_residual_xgboost,132.65520966847723
IL_FULTON,2010,136.8,trend_residual_xgboost,182.98477321465796
IL_GALLATIN,2010,141.5,trend_residual_xgboost,155.42728780110667
IL_GREENE,2010,161.6,trend_residual_xgboost,151.5571318308511
IL_GRUNDY,2010,159.2,trend_residual_xgboost,187.177875359853
IL_HAMILTON,2010,140.4,trend_residual_xgboost,147.04946241378772
IL_HANCOCK,2010,116.9,trend_residual_xgboost,176.60476811726878
IL_HENDERSON,2010,143.8,trend_residual_xgboost,188.9547153770922
IL_HENRY,2010,158.8,trend_residual_xgboost,188.342883380254
IL_IROQUOIS,2010,144.7,trend_residual_xgboost,187.66109728813151
IL_JACKSON,2010,114.9,trend_residual_xgboost,147.8589458465575
IL_JASPER,2010,142.8,trend_residual_xgboost,142.39437656402575
IL_JEFFERSON,2010,124.5,trend_residual_xgboost,115.04625422159822
IL_JERSEY,2010,169.9,trend_residual_xgboost,155.1901480992634
IL_JOHNSON,2010,106.4,trend_residual_xgboost,142.46672632495552
IL_JO_DAVIESS,2010,176.9,trend_residual_xgboost,188.72456912994375
IL_KANE,2010,178.2,trend_residual_xgboost,187.6011880874633
IL_KANKAKEE,2010,149.6,trend_residual_xgboost,181.04410854578003
IL_KENDALL,2010,168.6,trend_residual_xgboost,192.69223388036082
IL_KNOX,2010,159.9,trend_residual_xgboost,194.13599985440555
IL_LAWRENCE,2010,156.9,trend_residual_xgboost,138.30460230509428
IL_LEE,2010,173.6,trend_residual_xgboost,188.39946750005072
IL_LIVINGSTON,2010,166.6,trend_residual_xgboost,199.14746195475252
IL_LOGAN,2010,155.7,trend_residual_xgboost,191.00947942733748
IL_MACON,2010,168.5,trend_residual_xgboost,191.48946520487453
IL_MACOUPIN,2010,146.9,trend_residual_xgboost,149.73926486968978
IL_MADISON,2010,166.3,trend_residual_xgboost,139.32113453547146
IL_MARION,2010,149.7,trend_residual_xgboost,133.4972940444945
IL_MARSHALL,2010,163.3,trend_residual_xgboost,193.45935869216902
IL_MASON,2010,141.0,trend_residual_xgboost,172.9281461556751
IL_MASSAC,2010,126.0,trend_residual_xgboost,157.7956553856531
IL_MCDONOUGH,2010,141.8,trend_residual_xgboost,196.53906095822634
IL_MCHENRY,2010,171.4,trend_residual_xgboost,168.98723195393868
IL_MCLEAN,2010,169.5,trend_residual_xgboost,197.26866761048618
IL_MENARD,2010,145.6,trend_residual_xgboost,191.6250353018441
IL_MERCER,2010,142.4,trend_residual_xgboost,193.29042739868146
IL_MONROE,2010,143.6,trend_residual_xgboost,144.96980302333822
IL_MONTGOMERY,2010,156.3,trend_residual_xgboost,152.43259086608873
IL_MORGAN,2010,146.5,trend_residual_xgboost,179.44071782429992
IL_MOULTRIE,2010,175.1,trend_residual_xgboost,174.04516817728663
IL_OGLE,2010,183.4,trend_residual_xgboost,190.27197767893455
IL_PEORIA,2010,157.6,trend_residual_xgboost,189.0597016731897
IL_PERRY,2010,117.6,trend_residual_xgboost,119.381845029195
IL_PIATT,2010,164.5,trend_residual_xgboost,183.63048146565734
IL_PIKE,2010,137.5,trend_residual_xgboost,150.08201262156157
IL_PULASKI,2010,136.5,trend_residual_xgboost,167.0941733757654
IL_PUTNAM,2010,163.8,trend_residual_xgboost,192.6346146345137
IL_RANDOLPH,2010,130.3,trend_residual_xgboost,135.42799441019685
IL_RICHLAND,2010,144.3,trend_residual_xgboost,123.53799858093248
IL_ROCK_ISLAND,2010,163.9,trend_residual_xgboost,188.3043361028034
IL_SALINE,2010,133.3,trend_residual_xgboost,154.60128618876135
IL_SANGAMON,2010,154.5,trend_residual_xgboost,189.09120152791326
IL_SCHUYLER,2010,129.7,trend_residual_xgboost,166.76162198384586
IL_SCOTT,2010,139.5,trend_residual_xgboost,163.98884016672758
IL_SHELBY,2010,162.9,trend_residual_xgboost,164.1677073796589
IL_STARK,2010,165.9,trend_residual_xgboost,189.78091378211963
IL_STEPHENSON,2010,180.8,trend_residual_xgboost,194.14491952260326
IL_TAZEWELL,2010,163.4,trend_residual_xgboost,192.9206414500871
IL_UNION,2010,114.3,trend_residual_xgboost,158.91487146019932
IL_VERMILION,2010,166.3,trend_residual_xgboost,182.95506842931096
IL_WABASH,2010,146.6,trend_residual_xgboost,144.5046256383259
IL_WARREN,2010,152.9,trend_residual_xgboost,204.31566202640516
IL_WASHINGTON,2010,144.3,trend_residual_xgboost,139.29412784576405
IL_WAYNE,2010,138.8,trend_residual_xgboost,139.28490943908682
IL_WHITE,2010,155.4,trend_residual_xgboost,151.58812427520743
IL_WHITESIDE,2010,164.4,trend_residual_xgboost,191.33196398417147
IL_WILL,2010,158.3,trend_residual_xgboost,177.80591348012277
IL_WILLIAMSON,2010,124.6,trend_residual_xgboost,148.24434725443518
IL_WINNEBAGO,2010,172.5,trend_residual_xgboost,187.1017894109089
IL_WOODFORD,2010,171.5,trend_residual_xgboost,203.8325169722238
IN_ADAMS,2010,143.6,trend_residual_xgboost,162.87126870473213
IN_ALLEN,2010,150.7,trend_residual_xgboost,173.31905102014528
IN_BARTHOLOMEW,2010,129.9,trend_residual_xgboost,147.20084493001292
IN_BENTON,2010,165.9,trend_residual_xgboost,189.23693846384674
IN_BLACKFORD,2010,149.7,trend_residual_xgboost,161.30501247723885
IN_BOONE,2010,154.9,trend_residual_xgboost,175.46049150466902
IN_BROWN,2010,83.9,trend_residual_xgboost,147.85747255977967
IN_CARROLL,2010,170.1,trend_residual_xgboost,195.8504684909184
IN_CASS,2010,148.3,trend_residual_xgboost,180.847055714925
IN_CLARK,2010,136.9,trend_residual_xgboost,143.22430710474634
IN_CLAY,2010,157.2,trend_residual_xgboost,150.17751212437935
IN_CLINTON,2010,178.5,trend_residual_xgboost,187.26067363580046
IN_CRAWFORD,2010,136.3,trend_residual_xgboost,163.5959604899397
IN_DAVIESS,2010,160.3,trend_residual_xgboost,172.38042338371258
IN_DEARBORN,2010,124.4,trend_residual_xgboost,145.84800261179598
IN_DECATUR,2010,157.3,trend_residual_xgboost,164.22547968228645
IN_DELAWARE,2010,153.7,trend_residual_xgboost,153.31104994376486
IN_DUBOIS,2010,154.5,trend_residual_xgboost,158.05053513209012
IN_ELKHART,2010,155.0,trend_residual_xgboost,159.6609182556469
IN_FAYETTE,2010,149.5,trend_residual_xgboost,161.44761542797082
IN_FLOYD,2010,147.6,trend_residual_xgboost,140.64332441681583
IN_FOUNTAIN,2010,175.6,trend_residual_xgboost,185.12329254150376
IN_FRANKLIN,2010,159.8,trend_residual_xgboost,158.85953752199796
IN_FULTON,2010,169.8,trend_residual_xgboost,172.63328747749318
IN_GIBSON,2010,155.0,trend_residual_xgboost,163.86456033070866
IN_GRANT,2010,158.4,trend_residual_xgboost,164.5551456427573
IN_GREENE,2010,125.8,trend_residual_xgboost,148.245322224299
IN_HAMILTON,2010,174.7,trend_residual_xgboost,167.91104068597147
IN_HANCOCK,2010,153.5,trend_residual_xgboost,161.39121024449653
IN_HARRISON,2010,130.0,trend_residual_xgboost,142.35765494028718
IN_HENDRICKS,2010,162.5,trend_residual_xgboost,156.97746795018503
IN_HENRY,2010,160.9,trend_residual_xgboost,170.5950434219339
IN_HOWARD,2010,169.4,trend_residual_xgboost,186.42521934509261
IN_HUNTINGTON,2010,166.9,trend_residual_xgboost,171.83455000559482
IN_JACKSON,2010,126.1,trend_residual_xgboost,135.86919025262182
IN_JASPER,2010,162.5,trend_residual_xgboost,180.25816986719755
IN_JAY,2010,140.2,trend_residual_xgboost,149.1962579393386
IN_JEFFERSON,2010,127.4,trend_residual_xgboost,107.36252566006806
IN_JENNINGS,2010,131.1,trend_residual_xgboost,142.8690154091516
IN_JOHNSON,2010,140.2,trend_residual_xgboost,147.42184797922758
IN_KNOX,2010,163.8,trend_residual_xgboost,160.49750116348253
IN_KOSCIUSKO,2010,167.1,trend_residual_xgboost,165.3229753875731
IN_LAGRANGE,2010,126.0,trend_residual_xgboost,137.92014079252866
IN_LAKE,2010,156.2,trend_residual_xgboost,173.407722210884
IN_LAWRENCE,2010,138.9,trend_residual_xgboost,149.53785661061593
IN_MADISON,2010,168.4,trend_residual_xgboost,170.0501447900135
IN_MARION,2010,157.2,trend_residual_xgboost,135.33823837280264
IN_MARSHALL,2010,164.3,trend_residual_xgboost,163.26414000670107
IN_MARTIN,2010,149.5,trend_residual_xgboost,160.78254883766164
IN_MIAMI,2010,157.9,trend_residual_xgboost,170.24384431364626
IN_MONROE,2010,138.6,trend_residual_xgboost,144.04511287371304
IN_MONTGOMERY,2010,172.5,trend_residual_xgboost,183.17150260289495
IN_MORGAN,2010,143.2,trend_residual_xgboost,146.77743350982658
IN_NEWTON,2010,169.9,trend_residual_xgboost,191.85600126584356
IN_NOBLE,2010,142.4,trend_residual_xgboost,153.6267120345432
IN_ORANGE,2010,149.4,trend_residual_xgboost,161.11264847755422
IN_OWEN,2010,142.4,trend_residual_xgboost,140.5179908212025
IN_PARKE,2010,164.9,trend_residual_xgboost,159.98386119206728
IN_PERRY,2010,132.6,trend_residual_xgboost,157.10877970059698
IN_PIKE,2010,146.1,trend_residual_xgboost,151.39789852142323
IN_PORTER,2010,168.2,trend_residual_xgboost,169.8224357891082
IN_POSEY,2010,146.6,trend_residual_xgboost,163.3721448739368
IN_PULASKI,2010,165.2,trend_residual_xgboost,169.47163533846526
IN_PUTNAM,2010,160.6,trend_residual_xgboost,158.7177166620889
IN_RANDOLPH,2010,156.9,trend_residual_xgboost,156.2702745982507
IN_RIPLEY,2010,135.6,trend_residual_xgboost,149.68883615493763
IN_RUSH,2010,151.4,trend_residual_xgboost,166.72222542126963
IN_SCOTT,2010,144.1,trend_residual_xgboost,136.8876225409904
IN_SHELBY,2010,139.7,trend_residual_xgboost,146.68162339528394
IN_SPENCER,2010,139.8,trend_residual_xgboost,159.64799246291307
IN_ST._JOSEPH,2010,159.4,trend_residual_xgboost,162.9881270011265
IN_STARKE,2010,149.5,trend_residual_xgboost,151.29496123313888
IN_STEUBEN,2010,134.1,trend_residual_xgboost,138.3659976927438
IN_SULLIVAN,2010,159.2,trend_residual_xgboost,159.1231481679279
IN_TIPPECANOE,2010,175.1,trend_residual_xgboost,185.2050173441568
IN_TIPTON,2010,181.6,trend_residual_xgboost,187.69655951340988
IN_UNION,2010,176.4,trend_residual_xgboost,176.9825364335377
IN_VANDERBURGH,2010,143.0,trend_residual_xgboost,159.63886391639699
IN_VERMILLION,2010,161.7,trend_residual_xgboost,172.30559675216662
IN_VIGO,2010,151.7,trend_residual_xgboost,146.41552366256704
IN_WABASH,2010,161.8,trend_residual_xgboost,170.4019013690947
IN_WARREN,2010,162.6,trend_residual_xgboost,187.55475091854717
IN_WARRICK,2010,142.7,trend_residual_xgboost,148.35810106913235
IN_WASHINGTON,2010,123.6,trend_residual_xgboost,148.21896935303994
IN_WAYNE,2010,160.3,trend_residual_xgboost,157.8967628304162
IN_WELLS,2010,156.8,trend_residual_xgboost,168.93295736630745
IN_WHITE,2010,167.0,trend_residual_xgboost,191.5160066223143
IN_WHITLEY,2010,153.7,trend_residual_xgboost,166.50159785270677
MI_ALLEGAN,2010,151.1,trend_residual_xgboost,158.53817234039295
MI_ARENAC,2010,151.5,trend_residual_xgboost,160.94140033721914
MI_BARRY,2010,145.4,trend_residual_xgboost,144.238304789861
MI_BAY,2010,162.4,trend_residual_xgboost,169.62651042938222
MI_BERRIEN,2010,158.1,trend_residual_xgboost,154.66588097413367
MI_BRANCH,2010,143.9,trend_residual_xgboost,132.6931597669918
MI_CALHOUN,2010,148.3,trend_residual_xgboost,133.02392485141743
MI_CASS,2010,167.3,trend_residual_xgboost,158.7225388964016
MI_CLINTON,2010,136.8,trend_residual_xgboost,151.2136430263518
MI_EATON,2010,160.7,trend_residual_xgboost,143.55258287588745
MI_GENESEE,2010,130.4,trend_residual_xgboost,141.6359591881433
MI_GRATIOT,2010,143.7,trend_residual_xgboost,150.52321097850788
MI_HILLSDALE,2010,139.7,trend_residual_xgboost,141.6340320770938
MI_HURON,2010,171.4,trend_residual_xgboost,193.04462426503486
MI_INGHAM,2010,157.7,trend_residual_xgboost,149.62592870394383
MI_IONIA,2010,159.2,trend_residual_xgboost,152.85713070233646
MI_JACKSON,2010,140.0,trend_residual_xgboost,128.77782243092844
MI_KALAMAZOO,2010,154.5,trend_residual_xgboost,142.90087000528965
MI_KENT,2010,147.6,trend_residual_xgboost,144.90943657557165
MI_LAPEER,2010,138.5,trend_residual_xgboost,149.8157465616861
MI_LENAWEE,2010,155.7,trend_residual_xgboost,158.6124362627664
MI_LIVINGSTON,2010,144.2,trend_residual_xgboost,138.04104606310517
MI_MACOMB,2010,139.7,trend_residual_xgboost,162.27443178494764
MI_MIDLAND,2010,159.8,trend_residual_xgboost,157.48038028081248
MI_MONROE,2010,153.0,trend_residual_xgboost,165.7227986494699
MI_MONTCALM,2010,135.1,trend_residual_xgboost,139.3942645708719
MI_MUSKEGON,2010,153.1,trend_residual_xgboost,138.8757137298584
MI_NEWAYGO,2010,136.6,trend_residual_xgboost,130.3781255722045
MI_OAKLAND,2010,123.7,trend_residual_xgboost,126.4372114636177
MI_OCEANA,2010,145.2,trend_residual_xgboost,127.025610564591
MI_OTTAWA,2010,146.0,trend_residual_xgboost,149.73507912953687
MI_SAGINAW,2010,142.4,trend_residual_xgboost,164.35591546694428
MI_SANILAC,2010,153.9,trend_residual_xgboost,180.49419225056957
MI_SHIAWASSEE,2010,131.7,trend_residual_xgboost,154.51752106348664
MI_TUSCOLA,2010,147.5,trend_residual_xgboost,178.6442831039428
MI_VAN_BUREN,2010,164.9,trend_residual_xgboost,148.8498773097991
MI_WASHTENAW,2010,142.0,trend_residual_xgboost,137.6264219701289
MI_WAYNE,2010,134.6,trend_residual_xgboost,153.085134940785
MN_BLUE_EARTH,2010,174.1,trend_residual_xgboost,191.28424272537222
MN_BROWN,2010,186.2,trend_residual_xgboost,188.08119732538847
MN_CHIPPEWA,2010,180.8,trend_residual_xgboost,175.35105603535962
MN_FILLMORE,2010,187.6,trend_residual_xgboost,189.90261605580633
MN_GOODHUE,2010,193.8,trend_residual_xgboost,188.9159073352812
MN_HOUSTON,2010,180.3,trend_residual_xgboost,184.4047231674193
MN_MARTIN,2010,188.0,trend_residual_xgboost,198.775620539983
MN_MURRAY,2010,186.3,trend_residual_xgboost,186.4283875465392
MN_NICOLLET,2010,176.7,trend_residual_xgboost,185.73658650716123
MN_NOBLES,2010,179.8,trend_residual_xgboost,188.4512283960977
MN_PIPESTONE,2010,172.4,trend_residual_xgboost,171.16377930641158
MN_REDWOOD,2010,184.0,trend_residual_xgboost,185.4967271606126
MN_RENVILLE,2010,186.1,trend_residual_xgboost,184.26090055465684
MN_ROCK,2010,189.2,trend_residual_xgboost,185.7060062130291
MN_WABASHA,2010,185.9,trend_residual_xgboost,188.72285380363454
MN_WINONA,2010,185.2,trend_residual_xgboost,184.1182650248208
MN_YELLOW_MEDICINE,2010,173.8,trend_residual_xgboost,168.5650722567239
MO_ADAIR,2010,85.6,trend_residual_xgboost,121.89224884033194
MO_ANDREW,2010,111.2,trend_residual_xgboost,140.9916083081562
MO_ATCHISON,2010,149.4,trend_residual_xgboost,173.82024881203955
MO_AUDRAIN,2010,122.3,trend_residual_xgboost,124.14715564727774
MO_BARTON,2010,137.6,trend_residual_xgboost,124.9807286357879
MO_BATES,2010,119.0,trend_residual_xgboost,132.33731701493252
MO_BENTON,2010,123.9,trend_residual_xgboost,124.86737410664547
MO_BOLLINGER,2010,110.0,trend_residual_xgboost,142.19091683705636
MO_BOONE,2010,115.0,trend_residual_xgboost,123.5664030647277
MO_BUCHANAN,2010,127.8,trend_residual_xgboost,155.50551224708548
MO_BUTLER,2010,126.0,trend_residual_xgboost,154.41995147387175
MO_CALDWELL,2010,106.5,trend_residual_xgboost,119.94086269696541
MO_CALLAWAY,2010,136.0,trend_residual_xgboost,131.64582205136608
MO_CAPE_GIRARDEAU,2010,134.8,trend_residual_xgboost,152.12519200483948
MO_CARROLL,2010,112.5,trend_residual_xgboost,139.01970573425282
MO_CASS,2010,109.8,trend_residual_xgboost,136.49431407769515
MO_CEDAR,2010,126.6,trend_residual_xgboost,107.76704842022487
MO_CHARITON,2010,108.7,trend_residual_xgboost,137.54618041992177
MO_CLARK,2010,82.9,trend_residual_xgboost,143.84757610321037
MO_CLAY,2010,134.4,trend_residual_xgboost,147.23391620000194
MO_CLINTON,2010,119.6,trend_residual_xgboost,153.3583133347828
MO_COLE,2010,132.2,trend_residual_xgboost,137.754630460739
MO_COOPER,2010,130.4,trend_residual_xgboost,138.49341331799815
MO_DADE,2010,107.8,trend_residual_xgboost,123.01920112927746
MO_DAVIESS,2010,104.5,trend_residual_xgboost,124.51780707041408
MO_DUNKLIN,2010,150.0,trend_residual_xgboost,154.17087131500233
MO_FRANKLIN,2010,124.0,trend_residual_xgboost,145.96893746058134
MO_GASCONADE,2010,112.7,trend_residual_xgboost,136.85842367808013
MO_GENTRY,2010,93.8,trend_residual_xgboost,132.62365206718437
MO_GRUNDY,2010,109.1,trend_residual_xgboost,118.08822839101147
MO_HARRISON,2010,100.2,trend_residual_xgboost,122.19616907755524
MO_HENRY,2010,98.6,trend_residual_xgboost,104.88423438707976
MO_HOLT,2010,149.4,trend_residual_xgboost,166.64979162851955
MO_HOWARD,2010,123.4,trend_residual_xgboost,139.62175027211492
MO_JACKSON,2010,134.1,trend_residual_xgboost,149.55466969490038
MO_JASPER,2010,128.6,trend_residual_xgboost,114.63947896957383
MO_JEFFERSON,2010,115.9,trend_residual_xgboost,130.0447578938801
MO_JOHNSON,2010,106.2,trend_residual_xgboost,132.37972139358513
MO_KNOX,2010,98.0,trend_residual_xgboost,133.8996286265054
MO_LAFAYETTE,2010,135.6,trend_residual_xgboost,159.53839352289822
MO_LAWRENCE,2010,92.6,trend_residual_xgboost,127.28613864262894
MO_LEWIS,2010,95.1,trend_residual_xgboost,121.25395692189525
MO_LINCOLN,2010,138.0,trend_residual_xgboost,123.28404229482007
MO_LINN,2010,107.2,trend_residual_xgboost,133.53947347005195
MO_LIVINGSTON,2010,105.4,trend_residual_xgboost,132.09768400828034
MO_MACON,2010,96.7,trend_residual_xgboost,144.29446870168042
MO_MARION,2010,115.1,trend_residual_xgboost,136.27754554748523
MO_MERCER,2010,102.4,trend_residual_xgboost,118.41896832784008
MO_MISSISSIPPI,2010,148.0,trend_residual_xgboost,176.69403451427806
MO_MONITEAU,2010,110.9,trend_residual_xgboost,110.85907035827623
MO_MONROE,2010,102.5,trend_residual_xgboost,114.06232446034737
MO_MONTGOMERY,2010,126.0,trend_residual_xgboost,109.68235285441072
MO_MORGAN,2010,119.1,trend_residual_xgboost,102.96872986157726
MO_NEW_MADRID,2010,157.2,trend_residual_xgboost,160.92972976684555
MO_NODAWAY,2010,121.3,trend_residual_xgboost,134.9200883992512
MO_PEMISCOT,2010,140.0,trend_residual_xgboost,149.37315814971913
MO_PERRY,2010,132.1,trend_residual_xgboost,143.27027416229234
MO_PETTIS,2010,108.8,trend_residual_xgboost,115.23693626403796
MO_PIKE,2010,131.0,trend_residual_xgboost,129.3198167800902
MO_PLATTE,2010,133.5,trend_residual_xgboost,155.51195279240594
MO_PUTNAM,2010,93.0,trend_residual_xgboost,122.13809947967522
MO_RALLS,2010,121.2,trend_residual_xgboost,126.1233035914102
MO_RANDOLPH,2010,96.8,trend_residual_xgboost,125.06542864481594
MO_RAY,2010,120.4,trend_residual_xgboost,150.28389764785754
MO_SALINE,2010,140.5,trend_residual_xgboost,155.21074900309227
MO_SCHUYLER,2010,74.7,trend_residual_xgboost,109.44027238210029
MO_SCOTLAND,2010,81.8,trend_residual_xgboost,126.5676767285664
MO_SCOTT,2010,150.6,trend_residual_xgboost,173.73070702870672
MO_SHELBY,2010,92.0,trend_residual_xgboost,122.40967769622796
MO_STODDARD,2010,136.4,trend_residual_xgboost,165.8895231088001
MO_SULLIVAN,2010,91.8,trend_residual_xgboost,106.98848017374662
MO_VERNON,2010,122.9,trend_residual_xgboost,133.52620706876104
MO_WARREN,2010,126.3,trend_residual_xgboost,127.92890032450347
MO_WAYNE,2010,77.0,trend_residual_xgboost,118.80397860209139
MO_WORTH,2010,93.3,trend_residual_xgboost,124.14008162816359
OH_ADAMS,2010,122.9,trend_residual_xgboost,138.09664066314687
OH_ALLEN,2010,166.4,trend_residual_xgboost,140.90523126602162
OH_ASHLAND,2010,153.2,trend_residual_xgboost,153.61257921854644
OH_ASHTABULA,2010,151.6,trend_residual_xgboost,145.12450404485054
OH_AUGLAIZE,2010,154.1,trend_residual_xgboost,143.99525957743316
OH_BROWN,2010,141.2,trend_residual_xgboost,158.22436224619537
OH_BUTLER,2010,152.8,trend_residual_xgboost,149.08448276837657
OH_CHAMPAIGN,2010,174.3,trend_residual_xgboost,163.34040444691965
OH_CLARK,2010,179.3,trend_residual_xgboost,165.03766590118389
OH_CLERMONT,2010,153.5,trend_residual_xgboost,156.56572301228832
OH_CLINTON,2010,174.6,trend_residual_xgboost,175.05060560226426
OH_COLUMBIANA,2010,146.1,trend_residual_xgboost,158.7248925272623
OH_COSHOCTON,2010,157.1,trend_residual_xgboost,165.98446156819648
OH_CRAWFORD,2010,168.6,trend_residual_xgboost,161.03090187708528
OH_DARKE,2010,166.5,trend_residual_xgboost,155.99745810190822
OH_DEFIANCE,2010,140.2,trend_residual_xgboost,141.59555495580025
OH_DELAWARE,2010,161.2,trend_residual_xgboost,163.1232934943834
OH_ERIE,2010,181.6,trend_residual_xgboost,155.26310785929348
OH_FAIRFIELD,2010,168.3,trend_residual_xgboost,164.58574141820262
OH_FAYETTE,2010,168.5,trend_residual_xgboost,172.709943669637
OH_FRANKLIN,2010,156.8,trend_residual_xgboost,152.7361746025084
OH_FULTON,2010,162.1,trend_residual_xgboost,169.0877366383869
OH_GREENE,2010,189.0,trend_residual_xgboost,182.33125082969653
OH_GUERNSEY,2010,148.6,trend_residual_xgboost,121.60480917188858
OH_HAMILTON,2010,165.0,trend_residual_xgboost,151.9235346285501
OH_HANCOCK,2010,156.9,trend_residual_xgboost,145.96518541336047
OH_HARDIN,2010,161.3,trend_residual_xgboost,147.95950736999498
OH_HENRY,2010,161.7,trend_residual_xgboost,168.01401297887156
OH_HIGHLAND,2010,154.3,trend_residual_xgboost,158.0885571289062
OH_HOCKING,2010,157.8,trend_residual_xgboost,134.03220179239912
OH_HOLMES,2010,157.7,trend_residual_xgboost,159.84013772805523
OH_HURON,2010,154.0,trend_residual_xgboost,159.1726337051391
OH_KNOX,2010,152.7,trend_residual_xgboost,153.89091607093803
OH_LICKING,2010,160.4,trend_residual_xgboost,155.6696984398364
OH_LOGAN,2010,159.3,trend_residual_xgboost,153.84004277547191
OH_LORAIN,2010,152.2,trend_residual_xgboost,140.78563199996938
OH_LUCAS,2010,171.0,trend_residual_xgboost,161.38335100809715
OH_MADISON,2010,171.3,trend_residual_xgboost,167.70207184473657
OH_MAHONING,2010,145.5,trend_residual_xgboost,141.5100794315337
OH_MARION,2010,164.1,trend_residual_xgboost,154.68749787648508
OH_MEDINA,2010,149.4,trend_residual_xgboost,155.17229680061334
OH_MERCER,2010,152.9,trend_residual_xgboost,149.29008784294115
OH_MIAMI,2010,172.7,trend_residual_xgboost,164.34256901423126
OH_MONTGOMERY,2010,162.1,trend_residual_xgboost,145.61017008145632
OH_MORGAN,2010,134.3,trend_residual_xgboost,143.71350442250562
OH_MORROW,2010,158.6,trend_residual_xgboost,147.7736179208754
OH_MUSKINGUM,2010,145.5,trend_residual_xgboost,171.59273056666046
OH_OTTAWA,2010,170.4,trend_residual_xgboost,155.00525615692126
OH_PAULDING,2010,141.0,trend_residual_xgboost,157.306054941813
OH_PERRY,2010,164.4,trend_residual_xgboost,163.28924188613883
OH_PICKAWAY,2010,165.9,trend_residual_xgboost,161.09385410308826
OH_PIKE,2010,150.9,trend_residual_xgboost,159.60728310369677
OH_PORTAGE,2010,140.7,trend_residual_xgboost,128.72797508504658
OH_PREBLE,2010,162.1,trend_residual_xgboost,147.85690117518092
OH_PUTNAM,2010,154.3,trend_residual_xgboost,144.94514715830476
OH_RICHLAND,2010,151.9,trend_residual_xgboost,152.4106912136077
OH_ROSS,2010,158.5,trend_residual_xgboost,161.68531422932932
OH_SANDUSKY,2010,162.9,trend_residual_xgboost,157.90636227289824
OH_SENECA,2010,149.8,trend_residual_xgboost,148.93620436986276
OH_SHELBY,2010,158.7,trend_residual_xgboost,157.71199467976876
OH_STARK,2010,145.8,trend_residual_xgboost,158.63677319963762
OH_TRUMBULL,2010,157.0,trend_residual_xgboost,163.46184092839547
OH_TUSCARAWAS,2010,157.0,trend_residual_xgboost,160.67789970556885
OH_UNION,2010,158.1,trend_residual_xgboost,159.0878038024901
OH_VAN_WERT,2010,151.1,trend_residual_xgboost,149.23747213045746
OH_WARREN,2010,160.0,trend_residual_xgboost,162.69551738103223
OH_WAYNE,2010,158.3,trend_residual_xgboost,152.72342282930995
OH_WILLIAMS,2010,149.3,trend_residual_xgboost,147.8373418553669
OH_WOOD,2010,152.0,trend_residual_xgboost,162.67154848734526
OH_WYANDOT,2010,158.4,trend_residual_xgboost,154.20282866160068
WI_ADAMS,2010,158.4,trend_residual_xgboost,158.96232388814275
WI_BUFFALO,2010,155.8,trend_residual_xgboost,155.74622710545844
WI_COLUMBIA,2010,172.7,trend_residual_xgboost,161.0463767051696
WI_CRAWFORD,2010,156.7,trend_residual_xgboost,167.62458152770986
WI_DANE,2010,177.5,trend_residual_xgboost,169.11398563384998
WI_DODGE,2010,171.2,trend_residual_xgboost,165.02615146636947
WI_DUNN,2010,163.2,trend_residual_xgboost,141.92707964579253
WI_EAU_CLAIRE,2010,159.8,trend_residual_xgboost,152.1484627723693
WI_FOND_DU_LAC,2010,172.6,trend_residual_xgboost,166.5686794281004
WI_GRANT,2010,178.0,trend_residual_xgboost,188.23045908610015
WI_GREEN,2010,169.8,trend_residual_xgboost,178.56071898142483
WI_GREEN_LAKE,2010,161.7,trend_residual_xgboost,147.37384786605827
WI_IOWA,2010,178.1,trend_residual_xgboost,188.42286586761463
WI_JACKSON,2010,158.8,trend_residual_xgboost,151.42283412615447
WI_JEFFERSON,2010,159.9,trend_residual_xgboost,169.09122161865227
WI_JUNEAU,2010,152.0,trend_residual_xgboost,145.4219918251037
WI_KENOSHA,2010,172.1,trend_residual_xgboost,158.70957514444973
WI_LAFAYETTE,2010,182.0,trend_residual_xgboost,178.92057336171456
WI_LA_CROSSE,2010,166.7,trend_residual_xgboost,168.58609959284462
WI_MARINETTE,2010,155.1,trend_residual_xgboost,101.88129940032948
WI_MARQUETTE,2010,136.3,trend_residual_xgboost,128.3418713887532
WI_MILWAUKEE,2010,109.4,trend_residual_xgboost,147.05794215851375
WI_MONROE,2010,156.8,trend_residual_xgboost,145.4383698145547
WI_OCONTO,2010,139.0,trend_residual_xgboost,132.2216918309529
WI_OUTAGAMIE,2010,131.9,trend_residual_xgboost,153.5974043528238
WI_OZAUKEE,2010,156.5,trend_residual_xgboost,155.98009422671413
WI_PEPIN,2010,165.4,trend_residual_xgboost,152.64674464861542
WI_PORTAGE,2010,151.6,trend_residual_xgboost,147.78316742579133
WI_RACINE,2010,158.9,trend_residual_xgboost,161.0065783500671
WI_RICHLAND,2010,154.0,trend_residual_xgboost,164.31661033630357
WI_ROCK,2010,173.8,trend_residual_xgboost,172.80015621185288
WI_SAUK,2010,154.4,trend_residual_xgboost,156.91658690770453
WI_SHEBOYGAN,2010,151.7,trend_residual_xgboost,139.11175171534208
WI_TREMPEALEAU,2010,160.2,trend_residual_xgboost,150.7714205106099
WI_VERNON,2010,157.9,trend_residual_xgboost,161.19005533854155
WI_WALWORTH,2010,171.0,trend_residual_xgboost,165.90087629954007
WI_WASHINGTON,2010,157.5,trend_residual_xgboost,144.76980352401725
WI_WAUKESHA,2010,152.4,trend_residual_xgboost,145.98797440528858
WI_WAUSHARA,2010,145.2,trend_residual_xgboost,144.40426994959498
WI_WINNEBAGO,2010,138.2,trend_residual_xgboost,152.36890226999904
IA_ADAIR,2011,152.8,trend_residual_xgboost,161.71691651084208
IA_ADAMS,2011,151.7,trend_residual_xgboost,154.44594810485845
IA_ALLAMAKEE,2011,173.3,trend_residual_xgboost,176.07813353798605
IA_APPANOOSE,2011,120.1,trend_residual_xgboost,115.21268876509237
IA_AUDUBON,2011,176.6,trend_residual_xgboost,175.96730386213824
IA_BENTON,2011,157.2,trend_residual_xgboost,179.6196312956376
IA_BLACK_HAWK,2011,186.1,trend_residual_xgboost,167.9150879218361
IA_BOONE,2011,182.5,trend_residual_xgboost,167.92913899161599
IA_BREMER,2011,196.5,trend_residual_xgboost,175.95219312841238
IA_BUCHANAN,2011,187.0,trend_residual_xgboost,165.48805321433323
IA_BUENA_VISTA,2011,180.2,trend_residual_xgboost,182.82510098890825
IA_BUTLER,2011,186.7,trend_residual_xgboost,178.78780331351547
IA_CALHOUN,2011,181.9,trend_residual_xgboost,176.2832504983382
IA_CARROLL,2011,180.2,trend_residual_xgboost,191.16993116031992
IA_CASS,2011,175.2,trend_residual_xgboost,173.1463158555464
IA_CEDAR,2011,184.9,trend_residual_xgboost,181.187888693376
IA_CERRO_GORDO,2011,169.3,trend_residual_xgboost,172.0756794825467
IA_CHEROKEE,2011,176.7,trend_residual_xgboost,197.85076957876032
IA_CHICKASAW,2011,188.8,trend_residual_xgboost,177.55622691414567
IA_CLARKE,2011,107.7,trend_residual_xgboost,112.81283802032473
IA_CLAY,2011,185.4,trend_residual_xgboost,184.0218920438939
IA_CLAYTON,2011,186.8,trend_residual_xgboost,173.1842524337769
IA_CLINTON,2011,180.0,trend_residual_xgboost,172.30700374950058
IA_CRAWFORD,2011,181.8,trend_residual_xgboost,191.1249365650524
IA_DALLAS,2011,172.1,trend_residual_xgboost,165.36750872178507
IA_DAVIS,2011,97.8,trend_residual_xgboost,113.700337822654
IA_DECATUR,2011,126.1,trend_residual_xgboost,126.66827507279135
IA_DELAWARE,2011,186.5,trend_residual_xgboost,170.37212435288865
IA_DES_MOINES,2011,146.6,trend_residual_xgboost,153.1786359786987
IA_DICKINSON,2011,169.3,trend_residual_xgboost,185.62520086982033
IA_DUBUQUE,2011,185.1,trend_residual_xgboost,175.99349608334626
IA_EMMET,2011,169.6,trend_residual_xgboost,186.8414237767999
IA_FAYETTE,2011,186.6,trend_residual_xgboost,164.77869398810645
IA_FLOYD,2011,181.1,trend_residual_xgboost,176.08922528006815
IA_FRANKLIN,2011,189.7,trend_residual_xgboost,168.96623901020396
IA_FREMONT,2011,155.6,trend_residual_xgboost,167.28283999356358
IA_GREENE,2011,183.4,trend_residual_xgboost,175.29249920931733
IA_GRUNDY,2011,172.8,trend_residual_xgboost,185.8710539765791
IA_GUTHRIE,2011,169.4,trend_residual_xgboost,161.05999377510767
IA_HAMILTON,2011,180.6,trend_residual_xgboost,163.78866619456895
IA_HANCOCK,2011,179.8,trend_residual_xgboost,180.23382472298363
IA_HARDIN,2011,186.7,trend_residual_xgboost,172.00708864038637
IA_HARRISON,2011,169.9,trend_residual_xgboost,176.2585777750882
IA_HENRY,2011,123.2,trend_residual_xgboost,143.59038136222148
IA_HOWARD,2011,185.8,trend_residual_xgboost,182.50193174188792
IA_HUMBOLDT,2011,185.5,trend_residual_xgboost,176.93821336572813
IA_IDA,2011,182.9,trend_residual_xgboost,197.705619170449
IA_IOWA,2011,171.6,trend_residual_xgboost,169.34340375033287
IA_JACKSON,2011,178.3,trend_residual_xgboost,161.77807992241594
IA_JASPER,2011,171.1,trend_residual_xgboost,167.68015455072577
IA_JEFFERSON,2011,112.4,trend_residual_xgboost,131.59672685796565
IA_JOHNSON,2011,171.9,trend_residual_xgboost,159.9952612547441
IA_JONES,2011,171.4,trend_residual_xgboost,172.48449120955033
IA_KEOKUK,2011,152.4,trend_residual_xgboost,139.40885794552887
IA_KOSSUTH,2011,179.9,trend_residual_xgboost,188.7231621499495
IA_LEE,2011,105.2,trend_residual_xgboost,142.74606520392678
IA_LINN,2011,169.1,trend_residual_xgboost,175.71458339344366
IA_LOUISA,2011,148.9,trend_residual_xgboost,146.8481230822477
IA_LUCAS,2011,114.9,trend_residual_xgboost,104.59857964602382
IA_LYON,2011,185.4,trend_residual_xgboost,190.3486307542974
IA_MADISON,2011,145.1,trend_residual_xgboost,147.17201155922626
IA_MAHASKA,2011,165.0,trend_residual_xgboost,153.6984699700095
IA_MARION,2011,152.6,trend_residual_xgboost,138.40415519020772
IA_MARSHALL,2011,166.3,trend_residual_xgboost,183.39944391424007
IA_MILLS,2011,155.0,trend_residual_xgboost,173.28198240626938
IA_MITCHELL,2011,180.1,trend_residual_xgboost,188.1396690568057
IA_MONONA,2011,158.3,trend_residual_xgboost,170.86888057361944
IA_MONROE,2011,112.5,trend_residual_xgboost,120.10202525052159
IA_MONTGOMERY,2011,153.2,trend_residual_xgboost,165.81207422083074
IA_MUSCATINE,2011,164.6,trend_residual_xgboost,158.70440813931555
IA_OSCEOLA,2011,184.4,trend_residual_xgboost,197.52079465475944
IA_PAGE,2011,136.2,trend_residual_xgboost,159.99927603114733
IA_PALO_ALTO,2011,174.6,trend_residual_xgboost,184.34574496269227
IA_PLYMOUTH,2011,164.5,trend_residual_xgboost,191.75661389090797
IA_POCAHONTAS,2011,181.2,trend_residual_xgboost,182.86195848985145
IA_POLK,2011,160.6,trend_residual_xgboost,153.2870148225265
IA_POTTAWATTAMIE,2011,170.9,trend_residual_xgboost,181.55989480278706
IA_POWESHIEK,2011,179.0,trend_residual_xgboost,168.83213775981557
IA_RINGGOLD,2011,118.7,trend_residual_xgboost,119.25289073250507
IA_SAC,2011,183.4,trend_residual_xgboost,185.32433419314293
IA_SCOTT,2011,174.2,trend_residual_xgboost,160.52920234680172
IA_SHELBY,2011,173.6,trend_residual_xgboost,188.61624091755266
IA_SIOUX,2011,177.6,trend_residual_xgboost,190.71604574030096
IA_STORY,2011,163.2,trend_residual_xgboost,166.65839195945037
IA_TAMA,2011,162.0,trend_residual_xgboost,180.15071610537439
IA_TAYLOR,2011,140.5,trend_residual_xgboost,139.18404762788256
IA_UNION,2011,132.6,trend_residual_xgboost,137.1747959691828
IA_VAN_BUREN,2011,100.9,trend_residual_xgboost,121.85855912295258
IA_WAPELLO,2011,127.3,trend_residual_xgboost,129.3695126862959
IA_WARREN,2011,129.1,trend_residual_xgboost,130.78163405678487
IA_WASHINGTON,2011,156.3,trend_residual_xgboost,156.86557854739107
IA_WAYNE,2011,126.0,trend_residual_xgboost,105.82639884948729
IA_WEBSTER,2011,190.6,trend_residual_xgboost,169.81767318378795
IA_WINNESHIEK,2011,186.2,trend_residual_xgboost,184.9960214285417
IA_WOODBURY,2011,173.3,trend_residual_xgboost,177.39290606412015
IA_WRIGHT,2011,189.9,trend_residual_xgboost,166.71439035935836
IL_ADAMS,2011,135.8,trend_residual_xgboost,135.73255696730178
IL_ALEXANDER,2011,109.2,trend_residual_xgboost,145.9711927760731
IL_BOND,2011,124.2,trend_residual_xgboost,133.7851541692561
IL_BOONE,2011,180.1,trend_residual_xgboost,161.8924121683294
IL_BROWN,2011,127.0,trend_residual_xgboost,133.81830082806675
IL_BUREAU,2011,177.3,trend_residual_xgboost,168.89888638583102
IL_CALHOUN,2011,144.3,trend_residual_xgboost,157.5309055328369
IL_CARROLL,2011,183.3,trend_residual_xgboost,191.77006212581284
IL_CASS,2011,164.3,trend_residual_xgboost,166.33624498193913
IL_CHAMPAIGN,2011,164.1,trend_residual_xgboost,168.4235409823331
IL_CHRISTIAN,2011,154.8,trend_residual_xgboost,161.9790609186346
IL_CLARK,2011,138.3,trend_residual_xgboost,137.57588670903988
IL_CLAY,2011,121.5,trend_residual_xgboost,119.86279331554064
IL_CLINTON,2011,123.8,trend_residual_xgboost,143.43185917247425
IL_COLES,2011,151.7,trend_residual_xgboost,154.93579063415527
IL_CRAWFORD,2011,144.4,trend_residual_xgboost,132.87278581099076
IL_CUMBERLAND,2011,146.9,trend_residual_xgboost,142.36900326121935
IL_DE_WITT,2011,177.6,trend_residual_xgboost,161.11804837313568
IL_DOUGLAS,2011,153.6,trend_residual_xgboost,162.6380313873291
IL_EDGAR,2011,154.5,trend_residual_xgboost,154.36975694136186
IL_EDWARDS,2011,138.0,trend_residual_xgboost,132.70764801718974
IL_EFFINGHAM,2011,153.7,trend_residual_xgboost,148.30349700234152
IL_FAYETTE,2011,137.9,trend_residual_xgboost,138.10354465137831
IL_FORD,2011,137.3,trend_residual_xgboost,157.23055034984242
IL_FRANKLIN,2011,116.3,trend_residual_xgboost,119.04481173428621
IL_FULTON,2011,151.2,trend_residual_xgboost,163.37964340556755
IL_GALLATIN,2011,144.5,trend_residual_xgboost,141.23208680586382
IL_GREENE,2011,158.7,trend_residual_xgboost,144.1324326255105
IL_GRUNDY,2011,155.6,trend_residual_xgboost,160.28420514193445
IL_HAMILTON,2011,122.8,trend_residual_xgboost,138.20966644287105
IL_HANCOCK,2011,134.9,trend_residual_xgboost,154.22295475006106
IL_HENDERSON,2011,159.5,trend_residual_xgboost,169.7736365058205
IL_HENRY,2011,174.4,trend_residual_xgboost,166.9329479217529
IL_IROQUOIS,2011,155.1,trend_residual_xgboost,152.46379911249335
IL_JACKSON,2011,118.4,trend_residual_xgboost,124.55802119861951
IL_JASPER,2011,146.0,trend_residual_xgboost,132.2881930958141
IL_JEFFERSON,2011,111.8,trend_residual_xgboost,108.94876136779784
IL_JERSEY,2011,149.1,trend_residual_xgboost,149.32428859363904
IL_JOHNSON,2011,127.3,trend_residual_xgboost,114.46725318215115
IL_JO_DAVIESS,2011,171.9,trend_residual_xgboost,180.97999656200412
IL_KANE,2011,175.2,trend_residual_xgboost,169.7059050126509
IL_KANKAKEE,2011,153.3,trend_residual_xgboost,153.6288466366855
IL_KENDALL,2011,165.3,trend_residual_xgboost,167.4910619909113
IL_KNOX,2011,169.5,trend_residual_xgboost,172.26707045815206
IL_LAWRENCE,2011,142.0,trend_residual_xgboost,128.3519085277211
IL_LEE,2011,170.9,trend_residual_xgboost,165.21724128723145
IL_LIVINGSTON,2011,155.8,trend_residual_xgboost,168.99859334772287
IL_LOGAN,2011,173.4,trend_residual_xgboost,167.4798864017833
IL_MACON,2011,153.2,trend_residual_xgboost,170.0753542813388
IL_MACOUPIN,2011,131.1,trend_residual_xgboost,132.133699278398
IL_MADISON,2011,118.6,trend_residual_xgboost,132.25875337774102
IL_MARION,2011,139.1,trend_residual_xgboost,131.25501102100716
IL_MARSHALL,2011,178.4,trend_residual_xgboost,165.1040528384122
IL_MASON,2011,142.7,trend_residual_xgboost,156.69079780578613
IL_MASSAC,2011,129.3,trend_residual_xgboost,137.6114296132868
IL_MCDONOUGH,2011,166.9,trend_residual_xgboost,179.02403369816864
IL_MCHENRY,2011,175.7,trend_residual_xgboost,154.0970171841708
IL_MCLEAN,2011,159.6,trend_residual_xgboost,171.74332566694778
IL_MENARD,2011,169.4,trend_residual_xgboost,169.07839402285487
IL_MERCER,2011,161.9,trend_residual_xgboost,169.4738245530562
IL_MONROE,2011,117.4,trend_residual_xgboost,124.05195062810722
IL_MONTGOMERY,2011,138.6,trend_residual_xgboost,143.18340859846634
IL_MORGAN,2011,157.2,trend_residual_xgboost,161.60896400104872
IL_MOULTRIE,2011,156.3,trend_residual_xgboost,161.95613327026365
IL_OGLE,2011,179.5,trend_residual_xgboost,174.53295933116567
IL_PEORIA,2011,168.9,trend_residual_xgboost,162.9014436201616
IL_PERRY,2011,115.6,trend_residual_xgboost,107.76360473632815
IL_PIATT,2011,157.1,trend_residual_xgboost,165.16100276600227
IL_PIKE,2011,150.7,trend_residual_xgboost,135.75927032123917
IL_PULASKI,2011,137.9,trend_residual_xgboost,144.05862163196906
IL_PUTNAM,2011,175.6,trend_residual_xgboost,167.59514760104094
IL_RANDOLPH,2011,111.2,trend_residual_xgboost,118.21246778314759
IL_RICHLAND,2011,128.3,trend_residual_xgboost,117.22079349864612
IL_ROCK_ISLAND,2011,176.4,trend_residual_xgboost,169.42674238031566
IL_SALINE,2011,132.3,trend_residual_xgboost,141.31238398118452
IL_SANGAMON,2011,165.7,trend_residual_xgboost,165.8949300592596
IL_SCHUYLER,2011,144.6,trend_residual_xgboost,156.53721489906312
IL_SCOTT,2011,145.4,trend_residual_xgboost,145.76041481711647
IL_SHELBY,2011,146.3,trend_residual_xgboost,155.41782479719677
IL_STARK,2011,181.2,trend_residual_xgboost,167.26041779951618
IL_STEPHENSON,2011,181.6,trend_residual_xgboost,185.57937903837723
IL_TAZEWELL,2011,172.7,trend_residual_xgboost,166.1047164570201
IL_UNION,2011,111.2,trend_residual_xgboost,128.57074394226072
IL_VERMILION,2011,148.1,trend_residual_xgboost,163.00171054493302
IL_WABASH,2011,140.6,trend_residual_xgboost,135.50044038945975
IL_WARREN,2011,177.4,trend_residual_xgboost,180.20806404460558
IL_WASHINGTON,2011,120.2,trend_residual_xgboost,128.61774774031204
IL_WAYNE,2011,122.4,trend_residual_xgboost,128.99137999794692
IL_WHITE,2011,144.1,trend_residual_xgboost,144.2033260345459
IL_WHITESIDE,2011,162.6,trend_residual_xgboost,166.59554774544458
IL_WILL,2011,162.5,trend_residual_xgboost,155.23067658164285
IL_WILLIAMSON,2011,125.0,trend_residual_xgboost,132.21521748629482
IL_WINNEBAGO,2011,162.2,trend_residual_xgboost,169.97702494534576
IL_WOODFORD,2011,186.5,trend_residual_xgboost,174.81641946272416
IN_ADAMS,2011,146.9,trend_residual_xgboost,125.34055833296344
IN_ALLEN,2011,131.6,trend_residual_xgboost,136.59608410921967
IN_BARTHOLOMEW,2011,120.7,trend_residual_xgboost,117.61854789733886
IN_BENTON,2011,165.5,trend_residual_xgboost,158.41942606145685
IN_BLACKFORD,2011,160.8,trend_residual_xgboost,129.42704647411
IN_BOONE,2011,159.1,trend_residual_xgboost,146.80473120255905
IN_CARROLL,2011,167.7,trend_residual_xgboost,162.2991425600919
IN_CASS,2011,149.1,trend_residual_xgboost,142.43735869667748
IN_CLARK,2011,115.9,trend_residual_xgboost,109.21008356267754
IN_CLAY,2011,141.4,trend_residual_xgboost,133.15753356240012
IN_CLINTON,2011,175.9,trend_residual_xgboost,158.86958979519926
IN_DAVIESS,2011,156.7,trend_residual_xgboost,149.52880403692072
IN_DEARBORN,2011,109.6,trend_residual_xgboost,97.53669264359905
IN_DECATUR,2011,124.8,trend_residual_xgboost,129.52236508456141
IN_DELAWARE,2011,146.1,trend_residual_xgboost,124.86932234330612
IN_DUBOIS,2011,153.2,trend_residual_xgboost,132.98147493535822
IN_FAYETTE,2011,133.2,trend_residual_xgboost,128.89865601973096
IN_FLOYD,2011,98.8,trend_residual_xgboost,115.50629388299822
IN_FOUNTAIN,2011,154.0,trend_residual_xgboost,161.8602785353227
IN_FRANKLIN,2011,126.5,trend_residual_xgboost,128.09093960848725
IN_FULTON,2011,155.0,trend_residual_xgboost,143.72326051191843
IN_GREENE,2011,130.9,trend_residual_xgboost,116.1614681521329
IN_HAMILTON,2011,124.9,trend_residual_xgboost,144.5099312036687
IN_HANCOCK,2011,146.8,trend_residual_xgboost,129.15534441861237
IN_HARRISON,2011,105.7,trend_residual_xgboost,109.50988242409449
IN_HENDRICKS,2011,130.3,trend_residual_xgboost,137.18581599148834
IN_HENRY,2011,149.9,trend_residual_xgboost,138.44202552101828
IN_HOWARD,2011,163.9,trend_residual_xgboost,152.20612733320758
IN_HUNTINGTON,2011,137.3,trend_residual_xgboost,138.88845145485615
IN_JACKSON,2011,121.1,trend_residual_xgboost,90.24289407903498
IN_JASPER,2011,157.9,trend_residual_xgboost,150.23654435591266
IN_JAY,2011,153.3,trend_residual_xgboost,119.2000893887606
IN_JEFFERSON,2011,114.4,trend_residual_xgboost,81.16950492670973
IN_JENNINGS,2011,116.3,trend_residual_xgboost,105.87669268521392
IN_JOHNSON,2011,110.0,trend_residual_xgboost,123.77148609508166
IN_KOSCIUSKO,2011,152.0,trend_residual_xgboost,133.09050397005947
IN_LAGRANGE,2011,127.3,trend_residual_xgboost,108.56590823780408
IN_LAKE,2011,154.2,trend_residual_xgboost,146.86883393721146
IN_LAWRENCE,2011,128.3,trend_residual_xgboost,108.50323970447883
IN_MADISON,2011,156.4,trend_residual_xgboost,138.3666200395064
IN_MARSHALL,2011,157.9,trend_residual_xgboost,138.02575280623
IN_MARTIN,2011,140.1,trend_residual_xgboost,133.4949298303777
IN_MIAMI,2011,136.9,trend_residual_xgboost,136.1606038596413
IN_MONROE,2011,124.8,trend_residual_xgboost,118.22795297796074
IN_MONTGOMERY,2011,166.7,trend_residual_xgboost,160.32959129333494
IN_MORGAN,2011,113.2,trend_residual_xgboost,125.32547966696995
IN_NEWTON,2011,166.3,trend_residual_xgboost,161.70279950228607
IN_NOBLE,2011,131.9,trend_residual_xgboost,122.33083682667126
IN_ORANGE,2011,131.9,trend_residual_xgboost,133.5334134049849
IN_OWEN,2011,120.1,trend_residual_xgboost,116.00149272571912
IN_PARKE,2011,148.6,trend_residual_xgboost,146.71813535516915
IN_PERRY,2011,129.8,trend_residual_xgboost,127.9723463370583
IN_PORTER,2011,153.1,trend_residual_xgboost,144.01767386002973
IN_POSEY,2011,152.6,trend_residual_xgboost,146.19205452312121
IN_PULASKI,2011,153.6,trend_residual_xgboost,144.94306834827768
IN_PUTNAM,2011,142.4,trend_residual_xgboost,139.46891438570887
IN_RANDOLPH,2011,143.3,trend_residual_xgboost,131.0002880165794
IN_RIPLEY,2011,113.0,trend_residual_xgboost,103.07752969915217
IN_RUSH,2011,141.5,trend_residual_xgboost,131.1384011979536
IN_SCOTT,2011,128.8,trend_residual_xgboost,110.77920460787689
IN_SHELBY,2011,116.6,trend_residual_xgboost,119.74817338423296
IN_SPENCER,2011,132.6,trend_residual_xgboost,131.7667839951949
IN_ST._JOSEPH,2011,153.1,trend_residual_xgboost,141.026933184537
IN_STARKE,2011,136.9,trend_residual_xgboost,125.48098251342773
IN_STEUBEN,2011,120.1,trend_residual_xgboost,109.25521124406296
IN_SULLIVAN,2011,155.2,trend_residual_xgboost,143.11312314120198
IN_TIPPECANOE,2011,160.2,trend_residual_xgboost,158.87206961891863
IN_TIPTON,2011,165.5,trend_residual_xgboost,156.5123864468661
IN_UNION,2011,141.2,trend_residual_xgboost,150.30887127962976
IN_VANDERBURGH,2011,149.0,trend_residual_xgboost,142.3973534150557
IN_VERMILLION,2011,152.4,trend_residual_xgboost,150.90487343528056
IN_VIGO,2011,139.5,trend_residual_xgboost,130.03031254161485
IN_WARREN,2011,159.9,trend_residual_xgboost,159.2596630581942
IN_WARRICK,2011,139.1,trend_residual_xgboost,132.68723011363636
IN_WASHINGTON,2011,123.1,trend_residual_xgboost,114.63976276744495
IN_WAYNE,2011,118.7,trend_residual_xgboost,131.44810943603517
IN_WELLS,2011,147.6,trend_residual_xgboost,134.66937383478339
IN_WHITE,2011,168.5,trend_residual_xgboost,158.82665627219453
IN_WHITLEY,2011,115.3,trend_residual_xgboost,128.23787875088777
MI_ALLEGAN,2011,175.3,trend_residual_xgboost,144.28432457663794
MI_ARENAC,2011,160.6,trend_residual_xgboost,148.4131460710005
MI_BARRY,2011,153.0,trend_residual_xgboost,134.9727557269009
MI_BAY,2011,169.3,trend_residual_xgboost,159.7823305823586
MI_BERRIEN,2011,163.0,trend_residual_xgboost,138.9084245508367
MI_BRANCH,2011,156.4,trend_residual_xgboost,112.41088738874959
MI_CALHOUN,2011,144.5,trend_residual_xgboost,117.46870141462847
MI_CASS,2011,168.0,trend_residual_xgboost,138.07598939375447
MI_CLINTON,2011,151.9,trend_residual_xgboost,140.68813054344872
MI_EATON,2011,147.5,trend_residual_xgboost,140.84355347373267
MI_GENESEE,2011,134.4,trend_residual_xgboost,132.63384914398193
MI_GRATIOT,2011,155.5,trend_residual_xgboost,143.93369399851017
MI_HILLSDALE,2011,139.4,trend_residual_xgboost,116.3104218222878
MI_HURON,2011,175.6,trend_residual_xgboost,181.1754397522319
MI_INGHAM,2011,148.4,trend_residual_xgboost,132.90049202658912
MI_IONIA,2011,165.1,trend_residual_xgboost,147.05351616252554
MI_JACKSON,2011,130.1,trend_residual_xgboost,111.46387426202946
MI_KALAMAZOO,2011,162.3,trend_residual_xgboost,128.08734335465866
MI_KENT,2011,163.3,trend_residual_xgboost,138.88724636598064
MI_LAPEER,2011,139.1,trend_residual_xgboost,142.6272637020458
MI_LENAWEE,2011,149.6,trend_residual_xgboost,133.1677509307861
MI_LIVINGSTON,2011,139.5,trend_residual_xgboost,119.95218696594233
MI_MACOMB,2011,149.5,trend_residual_xgboost,143.010474690524
MI_MIDLAND,2011,161.8,trend_residual_xgboost,153.91555402929131
MI_MONROE,2011,156.6,trend_residual_xgboost,128.40209093960848
MI_MONTCALM,2011,146.8,trend_residual_xgboost,133.49161498329852
MI_MUSKEGON,2011,140.3,trend_residual_xgboost,139.63508313286735
MI_NEWAYGO,2011,128.5,trend_residual_xgboost,128.4340222532099
MI_OAKLAND,2011,129.4,trend_residual_xgboost,115.68131378173831
MI_OCEANA,2011,127.5,trend_residual_xgboost,131.37479602813718
MI_OTTAWA,2011,148.7,trend_residual_xgboost,140.44820364171807
MI_SAGINAW,2011,150.2,trend_residual_xgboost,151.11381990259346
MI_SANILAC,2011,161.8,trend_residual_xgboost,159.09041083942756
MI_SHIAWASSEE,2011,141.5,trend_residual_xgboost,139.3922829194502
MI_TUSCOLA,2011,156.4,trend_residual_xgboost,168.4425257032568
MI_VAN_BUREN,2011,179.6,trend_residual_xgboost,140.15564779801804
MI_WASHTENAW,2011,144.5,trend_residual_xgboost,117.82559804049404
MI_WAYNE,2011,138.2,trend_residual_xgboost,123.4908972167969
MN_BLUE_EARTH,2011,171.1,trend_residual_xgboost,184.30492268909103
MN_BROWN,2011,162.8,trend_residual_xgboost,183.7638897028836
MN_CHIPPEWA,2011,155.1,trend_residual_xgboost,184.8431368914517
MN_FILLMORE,2011,178.6,trend_residual_xgboost,188.8092129425569
MN_GOODHUE,2011,177.2,trend_residual_xgboost,201.6557077928023
MN_HOUSTON,2011,171.9,trend_residual_xgboost,179.7236432682384
MN_MARTIN,2011,173.6,trend_residual_xgboost,193.26444457227524
MN_MURRAY,2011,166.4,trend_residual_xgboost,194.48630844463
MN_NICOLLET,2011,160.4,trend_residual_xgboost,181.11573475924405
MN_NOBLES,2011,174.6,trend_residual_xgboost,190.39847735979336
MN_PIPESTONE,2011,152.2,trend_residual_xgboost,176.95617037252947
MN_REDWOOD,2011,149.1,trend_residual_xgboost,192.16917222196403
MN_RENVILLE,2011,146.4,trend_residual_xgboost,191.9106766457991
MN_ROCK,2011,180.6,trend_residual_xgboost,190.161835740913
MN_WABASHA,2011,180.2,trend_residual_xgboost,190.43058193596931
MN_WINONA,2011,178.3,trend_residual_xgboost,184.87393999749958
MN_YELLOW_MEDICINE,2011,155.2,trend_residual_xgboost,180.33387576710092
MO_ADAIR,2011,121.8,trend_residual_xgboost,105.51432998657222
MO_ATCHISON,2011,149.5,trend_residual_xgboost,171.49412618366156
MO_AUDRAIN,2011,105.2,trend_residual_xgboost,122.31587920795783
MO_BARTON,2011,49.1,trend_residual_xgboost,110.03158158042211
MO_BENTON,2011,83.5,trend_residual_xgboost,113.47838408036665
MO_BOLLINGER,2011,105.1,trend_residual_xgboost,105.98438903808594
MO_BOONE,2011,94.2,trend_residual_xgboost,118.2118059591813
MO_BUCHANAN,2011,134.4,trend_residual_xgboost,148.67941468455572
MO_BUTLER,2011,133.1,trend_residual_xgboost,130.34145610462537
MO_CALDWELL,2011,113.5,trend_residual_xgboost,113.76381354765458
MO_CALLAWAY,2011,127.4,trend_residual_xgboost,128.21848637320778
MO_CAPE_GIRARDEAU,2011,114.5,trend_residual_xgboost,117.53658791281961
MO_CARROLL,2011,132.6,trend_residual_xgboost,133.2490135305578
MO_CASS,2011,65.2,trend_residual_xgboost,125.23151782122528
MO_CHARITON,2011,121.3,trend_residual_xgboost,125.62679346778171
MO_CLARK,2011,100.6,trend_residual_xgboost,118.74957823146475
MO_CLAY,2011,130.6,trend_residual_xgboost,145.81875573505056
MO_CLINTON,2011,137.4,trend_residual_xgboost,142.42628110712226
MO_COLE,2011,136.5,trend_residual_xgboost,129.36798081831498
MO_COOPER,2011,87.0,trend_residual_xgboost,128.8487411915172
MO_DADE,2011,36.8,trend_residual_xgboost,88.7219009052623
MO_DAVIESS,2011,123.6,trend_residual_xgboost,115.02749728983096
MO_FRANKLIN,2011,102.0,trend_residual_xgboost,123.24692579096012
MO_GASCONADE,2011,82.0,trend_residual_xgboost,115.08904772671781
MO_GENTRY,2011,128.7,trend_residual_xgboost,117.40180923808703
MO_GRUNDY,2011,131.6,trend_residual_xgboost,114.45543492577295
MO_HARRISON,2011,108.0,trend_residual_xgboost,115.99324079166759
MO_HENRY,2011,41.8,trend_residual_xgboost,90.36845590418034
MO_HOLT,2011,149.5,trend_residual_xgboost,164.66138984463433
MO_HOWARD,2011,118.8,trend_residual_xgboost,129.19960714860395
MO_JACKSON,2011,114.5,trend_residual_xgboost,143.6604344454678
MO_JASPER,2011,34.4,trend_residual_xgboost,97.37541463678531
MO_JEFFERSON,2011,108.1,trend_residual_xgboost,111.00216031161222
MO_JOHNSON,2011,91.3,trend_residual_xgboost,119.28390596909952
MO_LAFAYETTE,2011,137.5,trend_residual_xgboost,154.4948219307986
MO_LEWIS,2011,92.7,trend_residual_xgboost,114.28348779678345
MO_LINCOLN,2011,95.0,trend_residual_xgboost,125.35884747938675
MO_LINN,2011,116.4,trend_residual_xgboost,123.89726478403259
MO_LIVINGSTON,2011,121.2,trend_residual_xgboost,121.59749060717493
MO_MARION,2011,115.3,trend_residual_xgboost,130.07504659826105
MO_MERCER,2011,119.1,trend_residual_xgboost,113.85205258456142
MO_MISSISSIPPI,2011,155.0,trend_residual_xgboost,155.7064123673872
MO_MONROE,2011,91.7,trend_residual_xgboost,106.59500073866408
MO_MONTGOMERY,2011,81.8,trend_residual_xgboost,106.02710179762406
MO_MORGAN,2011,63.5,trend_residual_xgboost,97.39344327059658
MO_NEW_MADRID,2011,171.0,trend_residual_xgboost,153.18046848643908
MO_NODAWAY,2011,122.1,trend_residual_xgboost,132.90946543433452
MO_PERRY,2011,104.7,trend_residual_xgboost,109.88965322321113
MO_PETTIS,2011,90.4,trend_residual_xgboost,106.42978435516355
MO_PIKE,2011,112.7,trend_residual_xgboost,122.98369571338995
MO_PUTNAM,2011,116.0,trend_residual_xgboost,114.81839633334762
MO_RALLS,2011,106.7,trend_residual_xgboost,120.51982985409822
MO_RAY,2011,128.8,trend_residual_xgboost,144.1888881553303
MO_SALINE,2011,142.0,trend_residual_xgboost,149.89837989113545
MO_SCHUYLER,2011,111.6,trend_residual_xgboost,92.20588779622861
MO_SCOTT,2011,158.2,trend_residual_xgboost,152.82715054251926
MO_SHELBY,2011,107.6,trend_residual_xgboost,111.9779957372492
MO_STODDARD,2011,145.3,trend_residual_xgboost,143.45178136652163
MO_SULLIVAN,2011,118.1,trend_residual_xgboost,102.1261956527016
MO_WARREN,2011,98.0,trend_residual_xgboost,114.3813408799605
MO_WORTH,2011,112.5,trend_residual_xgboost,112.97771994850852
OH_ADAMS,2011,143.9,trend_residual_xgboost,86.37172359119762
OH_ALLEN,2011,153.0,trend_residual_xgboost,122.84510163047099
OH_ASHLAND,2011,140.8,trend_residual_xgboost,128.41223330411037
OH_ASHTABULA,2011,149.7,trend_residual_xgboost,114.72167916037822
OH_AUGLAIZE,2011,165.4,trend_residual_xgboost,120.11271660544656
OH_BROWN,2011,149.7,trend_residual_xgboost,106.99288811423554
OH_BUTLER,2011,127.6,trend_residual_xgboost,110.29544905229045
OH_CHAMPAIGN,2011,139.9,trend_residual_xgboost,141.0532312566584
OH_CLARK,2011,163.9,trend_residual_xgboost,139.71158067183057
OH_CLERMONT,2011,162.9,trend_residual_xgboost,110.9943741677024
OH_CLINTON,2011,167.1,trend_residual_xgboost,129.59033759377215
OH_COLUMBIANA,2011,138.7,trend_residual_xgboost,121.76713596690786
OH_COSHOCTON,2011,145.1,trend_residual_xgboost,127.80580899325281
OH_CRAWFORD,2011,182.0,trend_residual_xgboost,141.88125432101157
OH_DARKE,2011,126.8,trend_residual_xgboost,131.6821647644043
OH_DEFIANCE,2011,133.0,trend_residual_xgboost,109.48641772183501
OH_DELAWARE,2011,152.0,trend_residual_xgboost,134.6274208068848
OH_ERIE,2011,140.8,trend_residual_xgboost,144.69007098111234
OH_FAIRFIELD,2011,159.0,trend_residual_xgboost,119.69118449818004
OH_FULTON,2011,154.0,trend_residual_xgboost,142.12761635520232
OH_GREENE,2011,170.6,trend_residual_xgboost,152.09277784867717
OH_GUERNSEY,2011,130.3,trend_residual_xgboost,92.70756336228663
OH_HAMILTON,2011,135.0,trend_residual_xgboost,110.4069384072044
OH_HANCOCK,2011,165.6,trend_residual_xgboost,126.89891666759141
OH_HARDIN,2011,169.0,trend_residual_xgboost,129.30737150018862
OH_HENRY,2011,143.8,trend_residual_xgboost,137.80375685258343
OH_HIGHLAND,2011,156.6,trend_residual_xgboost,108.6057180647417
OH_HOCKING,2011,145.3,trend_residual_xgboost,97.97862927985915
OH_HOLMES,2011,152.9,trend_residual_xgboost,133.14227296309036
OH_HURON,2011,155.9,trend_residual_xgboost,138.9002436135032
OH_KNOX,2011,144.7,trend_residual_xgboost,124.05786786166104
OH_LICKING,2011,152.7,trend_residual_xgboost,125.36889967484905
OH_LOGAN,2011,163.1,trend_residual_xgboost,131.85535737471147
OH_LORAIN,2011,150.6,trend_residual_xgboost,123.7239420041171
OH_LUCAS,2011,159.8,trend_residual_xgboost,136.80227178400213
OH_MADISON,2011,166.7,trend_residual_xgboost,139.9728215859153
OH_MAHONING,2011,138.6,trend_residual_xgboost,110.41782107266516
OH_MARION,2011,170.2,trend_residual_xgboost,137.43264639420943
OH_MEDINA,2011,134.2,trend_residual_xgboost,128.20303864912552
OH_MERCER,2011,155.8,trend_residual_xgboost,118.86775809548118
OH_MIAMI,2011,129.8,trend_residual_xgboost,141.08426257046779
OH_MONTGOMERY,2011,127.7,trend_residual_xgboost,114.58953353881836
OH_MORGAN,2011,116.7,trend_residual_xgboost,100.92916272250088
OH_MORROW,2011,160.7,trend_residual_xgboost,122.61871716586032
OH_MUSKINGUM,2011,150.0,trend_residual_xgboost,123.52458657004618
OH_OTTAWA,2011,156.8,trend_residual_xgboost,136.5859469327059
OH_PAULDING,2011,127.3,trend_residual_xgboost,122.79903195467858
OH_PERRY,2011,147.7,trend_residual_xgboost,121.91468619606712
OH_PICKAWAY,2011,154.8,trend_residual_xgboost,119.13810058593754
OH_PIKE,2011,159.3,trend_residual_xgboost,111.40058674845667
OH_PORTAGE,2011,137.8,trend_residual_xgboost,106.0171923980052
OH_PREBLE,2011,135.8,trend_residual_xgboost,123.55599555275651
OH_PUTNAM,2011,169.4,trend_residual_xgboost,116.73934686834161
OH_RICHLAND,2011,145.1,trend_residual_xgboost,124.11260491111057
OH_ROSS,2011,157.5,trend_residual_xgboost,114.5044576194069
OH_SANDUSKY,2011,164.1,trend_residual_xgboost,132.4872501581366
OH_SENECA,2011,160.0,trend_residual_xgboost,126.40862563393333
OH_SHELBY,2011,149.2,trend_residual_xgboost,131.02553006258876
OH_STARK,2011,145.2,trend_residual_xgboost,128.38857334483754
OH_SUMMIT,2011,123.5,trend_residual_xgboost,116.19956071036196
OH_TRUMBULL,2011,140.9,trend_residual_xgboost,126.43388911854137
OH_TUSCARAWAS,2011,147.8,trend_residual_xgboost,128.21992851950898
OH_UNION,2011,165.5,trend_residual_xgboost,135.3886066783558
OH_VAN_WERT,2011,130.4,trend_residual_xgboost,118.89246125654739
OH_WARREN,2011,159.2,trend_residual_xgboost,118.77602337923912
OH_WAYNE,2011,142.0,trend_residual_xgboost,125.80539915605024
OH_WILLIAMS,2011,145.5,trend_residual_xgboost,120.75467903830784
OH_WOOD,2011,172.1,trend_residual_xgboost,132.4033549499512
OH_WYANDOT,2011,167.2,trend_residual_xgboost,133.91216917558154
WI_ADAMS,2011,129.5,trend_residual_xgboost,166.24712050611322
WI_BUFFALO,2011,159.3,trend_residual_xgboost,155.00982614430515
WI_COLUMBIA,2011,159.6,trend_residual_xgboost,168.96451011137526
WI_CRAWFORD,2011,144.0,trend_residual_xgboost,158.82753202264956
WI_DANE,2011,162.4,trend_residual_xgboost,174.9025214802135
WI_DODGE,2011,170.6,trend_residual_xgboost,167.32218672145493
WI_DUNN,2011,156.1,trend_residual_xgboost,153.59064608487216
WI_EAU_CLAIRE,2011,147.8,trend_residual_xgboost,156.38056915890084
WI_FOND_DU_LAC,2011,175.7,trend_residual_xgboost,174.54254587346858
WI_GRANT,2011,170.1,trend_residual_xgboost,178.49913548556236
WI_GREEN,2011,163.7,trend_residual_xgboost,175.9995240579952
WI_GREEN_LAKE,2011,155.3,trend_residual_xgboost,155.6598081241955
WI_IOWA,2011,170.1,trend_residual_xgboost,190.2370600787076
WI_JACKSON,2011,149.6,trend_residual_xgboost,157.6900130228563
WI_JEFFERSON,2011,157.8,trend_residual_xgboost,161.48775063211266
WI_JUNEAU,2011,156.6,trend_residual_xgboost,149.53675310178235
WI_KENOSHA,2011,163.1,trend_residual_xgboost,147.5012916564941
WI_LAFAYETTE,2011,178.5,trend_residual_xgboost,179.2518080277876
WI_LA_CROSSE,2011,156.3,trend_residual_xgboost,165.54375613169236
WI_MARINETTE,2011,120.9,trend_residual_xgboost,123.50804457230998
WI_MARQUETTE,2011,115.4,trend_residual_xgboost,136.16488505276766
WI_MONROE,2011,149.1,trend_residual_xgboost,145.58289775848388
WI_OCONTO,2011,136.8,trend_residual_xgboost,137.59834553111685
WI_OUTAGAMIE,2011,144.8,trend_residual_xgboost,151.98567967848336
WI_PEPIN,2011,156.8,trend_residual_xgboost,160.69664909189393
WI_PORTAGE,2011,156.8,trend_residual_xgboost,152.12888763601129
WI_RACINE,2011,151.3,trend_residual_xgboost,152.2568485953591
WI_RICHLAND,2011,135.8,trend_residual_xgboost,157.94845187447285
WI_ROCK,2011,160.4,trend_residual_xgboost,165.11456116763028
WI_SAUK,2011,148.4,trend_residual_xgboost,157.22349712631922
WI_SHEBOYGAN,2011,151.8,trend_residual_xgboost,135.62852182388303
WI_TREMPEALEAU,2011,153.5,trend_residual_xgboost,150.3288925300945
WI_VERNON,2011,153.1,trend_residual_xgboost,156.90996292721135
WI_WALWORTH,2011,163.3,trend_residual_xgboost,151.7531749725342
WI_WASHINGTON,2011,157.4,trend_residual_xgboost,146.07383215644143
WI_WAUKESHA,2011,147.6,trend_residual_xgboost,141.54453542882746
WI_WAUSHARA,2011,172.9,trend_residual_xgboost,150.00073698217219
WI_WINNEBAGO,2011,148.1,trend_residual_xgboost,149.48680985190651
IA_ADAIR,2012,104.4,trend_residual_xgboost,168.38462510108943
IA_ADAMS,2012,109.8,trend_residual_xgboost,167.46540260892934
IA_ALLAMAKEE,2012,153.6,trend_residual_xgboost,178.11676986000762
IA_APPANOOSE,2012,44.5,trend_residual_xgboost,122.21437923781801
IA_AUDUBON,2012,114.8,trend_residual_xgboost,186.27067759253765
IA_BENTON,2012,129.3,trend_residual_xgboost,172.6934426683368
IA_BLACK_HAWK,2012,126.4,trend_residual_xgboost,177.37231753378197
IA_BOONE,2012,147.1,trend_residual_xgboost,175.5622920816595
IA_BREMER,2012,133.3,trend_residual_xgboost,185.13943325100524
IA_BUCHANAN,2012,140.4,trend_residual_xgboost,175.30482413841017
IA_BUENA_VISTA,2012,148.2,trend_residual_xgboost,184.9038800210664
IA_BUTLER,2012,122.0,trend_residual_xgboost,185.02800323601926
IA_CALHOUN,2012,134.8,trend_residual_xgboost,180.89032217083562
IA_CARROLL,2012,105.3,trend_residual_xgboost,191.9937141216163
IA_CASS,2012,120.4,trend_residual_xgboost,185.72222474596717
IA_CEDAR,2012,158.9,trend_residual_xgboost,181.1425554044319
IA_CERRO_GORDO,2012,124.8,trend_residual_xgboost,172.17078411217895
IA_CHEROKEE,2012,158.7,trend_residual_xgboost,190.76634210528752
IA_CHICKASAW,2012,125.8,trend_residual_xgboost,177.91003340518841
IA_CLARKE,2012,76.7,trend_residual_xgboost,121.47249666560786
IA_CLAY,2012,170.1,trend_residual_xgboost,180.2414832837654
IA_CLAYTON,2012,152.9,trend_residual_xgboost,181.7102062225342
IA_CLINTON,2012,139.6,trend_residual_xgboost,179.8729561617881
IA_CRAWFORD,2012,131.3,trend_residual_xgboost,198.80725418329246
IA_DALLAS,2012,129.0,trend_residual_xgboost,173.9202625563651
IA_DAVIS,2012,52.4,trend_residual_xgboost,111.07334543430451
IA_DECATUR,2012,61.2,trend_residual_xgboost,131.13791926123884
IA_DELAWARE,2012,129.8,trend_residual_xgboost,179.77514638467267
IA_DES_MOINES,2012,143.7,trend_residual_xgboost,147.15348463347462
IA_DICKINSON,2012,160.9,trend_residual_xgboost,174.95385221423527
IA_DUBUQUE,2012,149.4,trend_residual_xgboost,182.48337336887013
IA_EMMET,2012,166.6,trend_residual_xgboost,178.8583079193578
IA_FAYETTE,2012,151.0,trend_residual_xgboost,171.89274700627192
IA_FLOYD,2012,123.2,trend_residual_xgboost,177.12450531179257
IA_FRANKLIN,2012,150.0,trend_residual_xgboost,177.4981178399288
IA_FREMONT,2012,131.2,trend_residual_xgboost,171.45737261916656
IA_GREENE,2012,124.6,trend_residual_xgboost,180.16373007225272
IA_GRUNDY,2012,161.5,trend_residual_xgboost,183.71646016438805
IA_GUTHRIE,2012,113.4,trend_residual_xgboost,171.08386621908707
IA_HAMILTON,2012,138.0,trend_residual_xgboost,170.34597205248744
IA_HANCOCK,2012,143.3,trend_residual_xgboost,179.56661065419516
IA_HARDIN,2012,163.6,trend_residual_xgboost,178.45770721724546
IA_HARRISON,2012,130.9,trend_residual_xgboost,180.8343089434234
IA_HENRY,2012,132.0,trend_residual_xgboost,135.51954064224705
IA_HOWARD,2012,137.8,trend_residual_xgboost,179.23354778289803
IA_HUMBOLDT,2012,146.1,trend_residual_xgboost,179.82139070684258
IA_IDA,2012,151.4,trend_residual_xgboost,200.41140059557836
IA_IOWA,2012,135.7,trend_residual_xgboost,173.4110389593876
IA_JACKSON,2012,114.6,trend_residual_xgboost,168.62281771573154
IA_JASPER,2012,150.9,trend_residual_xgboost,177.10503760829116
IA_JEFFERSON,2012,102.8,trend_residual_xgboost,132.98465788436667
IA_JOHNSON,2012,132.4,trend_residual_xgboost,164.5212309259357
IA_JONES,2012,127.3,trend_residual_xgboost,176.0954339894382
IA_KEOKUK,2012,113.0,trend_residual_xgboost,152.44968329342922
IA_KOSSUTH,2012,164.6,trend_residual_xgboost,184.68118971622357
IA_LEE,2012,116.0,trend_residual_xgboost,123.51072954120062
IA_LINN,2012,124.2,trend_residual_xgboost,175.48975398034764
IA_LOUISA,2012,162.9,trend_residual_xgboost,152.50445598833497
IA_LUCAS,2012,85.3,trend_residual_xgboost,116.42984651218761
IA_LYON,2012,161.6,trend_residual_xgboost,188.78143976384945
IA_MADISON,2012,101.4,trend_residual_xgboost,158.05630059386746
IA_MAHASKA,2012,133.0,trend_residual_xgboost,167.18272346655536
IA_MARION,2012,115.1,trend_residual_xgboost,149.45379290616873
IA_MARSHALL,2012,157.6,trend_residual_xgboost,179.15459939205286
IA_MILLS,2012,128.8,trend_residual_xgboost,178.74239768692945
IA_MITCHELL,2012,131.4,trend_residual_xgboost,180.32776406028057
IA_MONONA,2012,115.1,trend_residual_xgboost,178.3545525904858
IA_MONROE,2012,67.3,trend_residual_xgboost,125.14003901337135
IA_MONTGOMERY,2012,132.0,trend_residual_xgboost,173.85035398945664
IA_MUSCATINE,2012,152.6,trend_residual_xgboost,163.8659900773656
IA_OSCEOLA,2012,169.6,trend_residual_xgboost,189.82826864647149
IA_PAGE,2012,116.2,trend_residual_xgboost,158.97361055287453
IA_PALO_ALTO,2012,170.6,trend_residual_xgboost,178.67526241360287
IA_PLYMOUTH,2012,110.1,trend_residual_xgboost,188.10932468212013
IA_POCAHONTAS,2012,165.3,trend_residual_xgboost,183.2822372031934
IA_POLK,2012,149.1,trend_residual_xgboost,161.4570435885227
IA_POTTAWATTAMIE,2012,131.9,trend_residual_xgboost,186.6439041347215
IA_POWESHIEK,2012,152.3,trend_residual_xgboost,177.8905740853512
IA_RINGGOLD,2012,71.6,trend_residual_xgboost,124.4989088665356
IA_SAC,2012,130.7,trend_residual_xgboost,189.3530947193955
IA_SCOTT,2012,131.7,trend_residual_xgboost,173.9478628227205
IA_SHELBY,2012,137.8,trend_residual_xgboost,195.92814203464627
IA_SIOUX,2012,143.2,trend_residual_xgboost,187.54001744588214
IA_STORY,2012,157.6,trend_residual_xgboost,167.86540385159583
IA_TAMA,2012,160.2,trend_residual_xgboost,173.84753360748294
IA_TAYLOR,2012,91.7,trend_residual_xgboost,147.68931280771892
IA_UNION,2012,87.3,trend_residual_xgboost,147.1844657753453
IA_VAN_BUREN,2012,110.3,trend_residual_xgboost,113.30557113416266
IA_WAPELLO,2012,92.6,trend_residual_xgboost,138.6100275198619
IA_WARREN,2012,103.5,trend_residual_xgboost,136.1543384631475
IA_WASHINGTON,2012,132.1,trend_residual_xgboost,166.93561563347325
IA_WAYNE,2012,55.7,trend_residual_xgboost,119.04395551392528
IA_WEBSTER,2012,149.2,trend_residual_xgboost,178.19368599689375
IA_WINNESHIEK,2012,140.6,trend_residual_xgboost,182.95637663060967
IA_WOODBURY,2012,134.8,trend_residual_xgboost,184.91986231379437
IA_WRIGHT,2012,153.7,trend_residual_xgboost,175.2487250385862
IL_ADAMS,2012,76.0,trend_residual_xgboost,129.232210783525
IL_BOND,2012,33.3,trend_residual_xgboost,138.2936460726189
IL_BROWN,2012,87.0,trend_residual_xgboost,122.53921216906923
IL_BUREAU,2012,145.7,trend_residual_xgboost,189.07567251667834
IL_CALHOUN,2012,93.8,trend_residual_xgboost,161.95304807027185
IL_CARROLL,2012,157.9,trend_residual_xgboost,194.14701565901444
IL_CASS,2012,113.2,trend_residual_xgboost,169.43578912272596
IL_CHAMPAIGN,2012,108.9,trend_residual_xgboost,187.45383110479875
IL_CHRISTIAN,2012,129.2,trend_residual_xgboost,169.09758711728188
IL_CLARK,2012,51.1,trend_residual_xgboost,145.68600460977268
IL_CLINTON,2012,30.2,trend_residual_xgboost,149.34442608139733
IL_COLES,2012,89.3,trend_residual_xgboost,160.63513827179418
IL_CRAWFORD,2012,34.7,trend_residual_xgboost,139.52703293309068
IL_CUMBERLAND,2012,34.3,trend_residual_xgboost,149.7762031208385
IL_DE_WITT,2012,134.4,trend_residual_xgboost,186.70793586210775
IL_DOUGLAS,2012,99.4,trend_residual_xgboost,169.87190832369257
IL_EDGAR,2012,96.7,trend_residual_xgboost,164.72901561332475
IL_EDWARDS,2012,40.0,trend_residual_xgboost,141.18710613250735
IL_EFFINGHAM,2012,42.9,trend_residual_xgboost,156.0071719487508
IL_FAYETTE,2012,29.3,trend_residual_xgboost,139.4201434742321
IL_FORD,2012,63.9,trend_residual_xgboost,170.43041029409935
IL_FRANKLIN,2012,30.1,trend_residual_xgboost,122.45005727825745
IL_FULTON,2012,114.5,trend_residual_xgboost,160.42442962762084
IL_GALLATIN,2012,76.7,trend_residual_xgboost,148.05462113293737
IL_GREENE,2012,103.4,trend_residual_xgboost,156.23849849700926
IL_GRUNDY,2012,101.1,trend_residual_xgboost,175.27709153204253
IL_HAMILTON,2012,31.5,trend_residual_xgboost,140.85635314132227
IL_HANCOCK,2012,134.3,trend_residual_xgboost,141.422063370907
IL_HARDIN,2012,55.7,trend_residual_xgboost,88.71327118646532
IL_HENDERSON,2012,162.6,trend_residual_xgboost,160.83881388577555
IL_HENRY,2012,140.0,trend_residual_xgboost,183.3309648903934
IL_IROQUOIS,2012,105.7,trend_residual_xgboost,168.06808055530897
IL_JACKSON,2012,37.7,trend_residual_xgboost,127.57660015279598
IL_JASPER,2012,28.9,trend_residual_xgboost,142.1177683916959
IL_JERSEY,2012,81.6,trend_residual_xgboost,158.84321371425287
IL_JO_DAVIESS,2012,97.4,trend_residual_xgboost,178.30881143194256
IL_KANE,2012,140.7,trend_residual_xgboost,188.35619854493575
IL_KANKAKEE,2012,119.2,trend_residual_xgboost,170.0875405217662
IL_KENDALL,2012,102.4,trend_residual_xgboost,185.08856968807456
IL_KNOX,2012,160.8,trend_residual_xgboost,175.71216261892607
IL_LEE,2012,142.3,trend_residual_xgboost,182.41849838170137
IL_LIVINGSTON,2012,83.3,trend_residual_xgboost,186.97557460900506
IL_LOGAN,2012,96.5,trend_residual_xgboost,179.32969379569548
IL_MACON,2012,102.8,trend_residual_xgboost,176.36314191818238
IL_MACOUPIN,2012,85.7,trend_residual_xgboost,142.67236291711978
IL_MADISON,2012,54.8,trend_residual_xgboost,138.54344360611657
IL_MARION,2012,19.0,trend_residual_xgboost,137.97044846505827
IL_MARSHALL,2012,123.9,trend_residual_xgboost,186.212013873187
IL_MASON,2012,110.2,trend_residual_xgboost,154.33185593865133
IL_MCDONOUGH,2012,139.0,trend_residual_xgboost,167.89704554008716
IL_MCHENRY,2012,124.4,trend_residual_xgboost,177.8089444926291
IL_MCLEAN,2012,109.5,trend_residual_xgboost,186.3392383214199
IL_MENARD,2012,97.4,trend_residual_xgboost,171.97387487527098
IL_MERCER,2012,180.1,trend_residual_xgboost,167.63233461380008
IL_MONROE,2012,69.6,trend_residual_xgboost,131.77984490828078
IL_MONTGOMERY,2012,73.2,trend_residual_xgboost,146.29564843611283
IL_MORGAN,2012,112.4,trend_residual_xgboost,169.42484805656204
IL_MOULTRIE,2012,115.1,trend_residual_xgboost,171.14182823354548
IL_OGLE,2012,142.9,trend_residual_xgboost,190.55615698352
IL_PEORIA,2012,161.9,trend_residual_xgboost,180.0235419808012
IL_PERRY,2012,23.3,trend_residual_xgboost,119.39399254827788
IL_PIATT,2012,130.8,trend_residual_xgboost,173.21672629154097
IL_PIKE,2012,90.5,trend_residual_xgboost,138.05202267964677
IL_POPE,2012,47.6,trend_residual_xgboost,161.9169730572474
IL_PULASKI,2012,64.4,trend_residual_xgboost,152.69158541505988
IL_RANDOLPH,2012,45.5,trend_residual_xgboost,125.46918997042113
IL_RICHLAND,2012,26.5,trend_residual_xgboost,125.31544819456158
IL_SALINE,2012,50.0,trend_residual_xgboost,147.36229377515392
IL_SANGAMON,2012,131.3,trend_residual_xgboost,171.16292273492525
IL_SCHUYLER,2012,75.9,trend_residual_xgboost,148.69055081858775
IL_SCOTT,2012,117.3,trend_residual_xgboost,147.88975147478513
IL_SHELBY,2012,72.4,trend_residual_xgboost,160.8509896191684
IL_STARK,2012,148.4,trend_residual_xgboost,186.50238243377575
IL_STEPHENSON,2012,102.8,trend_residual_xgboost,192.1928552988804
IL_TAZEWELL,2012,133.4,trend_residual_xgboost,183.09117156447792
IL_UNION,2012,53.3,trend_residual_xgboost,126.30559426509976
IL_VERMILION,2012,100.1,trend_residual_xgboost,175.15078451272217
IL_WABASH,2012,52.1,trend_residual_xgboost,143.02281617540305
IL_WARREN,2012,164.9,trend_residual_xgboost,177.58186794627798
IL_WASHINGTON,2012,21.1,trend_residual_xgboost,138.90335510138308
IL_WAYNE,2012,39.7,trend_residual_xgboost,129.00389549948954
IL_WHITE,2012,69.2,trend_residual_xgboost,151.0268334157539
IL_WHITESIDE,2012,139.8,trend_residual_xgboost,177.72366592269958
IL_WILL,2012,126.0,trend_residual_xgboost,172.92623304887255
IL_WILLIAMSON,2012,33.7,trend_residual_xgboost,138.79775656208852
IL_WINNEBAGO,2012,99.6,trend_residual_xgboost,183.75495514580695
IL_WOODFORD,2012,102.5,trend_residual_xgboost,197.3190007498771
IN_ADAMS,2012,111.8,trend_residual_xgboost,151.40854444214798
IN_ALLEN,2012,109.0,trend_residual_xgboost,158.6161349699353
IN_BARTHOLOMEW,2012,78.8,trend_residual_xgboost,137.76968054337937
IN_BENTON,2012,116.9,trend_residual_xgboost,182.64547223611314
IN_BLACKFORD,2012,119.2,trend_residual_xgboost,156.72371825304901
IN_BOONE,2012,91.6,trend_residual_xgboost,169.1495327270393
IN_BROWN,2012,71.6,trend_residual_xgboost,120.49416685075651
IN_CARROLL,2012,115.5,trend_residual_xgboost,183.57910132046905
IN_CASS,2012,108.0,trend_residual_xgboost,164.80410303383167
IN_CLARK,2012,69.9,trend_residual_xgboost,134.8096817161098
IN_CLAY,2012,61.2,trend_residual_xgboost,143.321147999619
IN_CLINTON,2012,148.0,trend_residual_xgboost,185.3151363156059
IN_DAVIESS,2012,72.9,trend_residual_xgboost,162.51300763216892
IN_DEARBORN,2012,88.0,trend_residual_xgboost,134.665598597671
IN_DECATUR,2012,86.1,trend_residual_xgboost,151.26846793637128
IN_DELAWARE,2012,111.5,trend_residual_xgboost,146.59408649964766
IN_DUBOIS,2012,62.1,trend_residual_xgboost,156.19688126535124
IN_ELKHART,2012,92.5,trend_residual_xgboost,165.2213066759976
IN_FAYETTE,2012,74.9,trend_residual_xgboost,149.6029797944156
IN_FLOYD,2012,55.7,trend_residual_xgboost,107.94486961364748
IN_FOUNTAIN,2012,101.9,trend_residual_xgboost,179.21719601226576
IN_FRANKLIN,2012,89.1,trend_residual_xgboost,157.1911469257239
IN_FULTON,2012,127.1,trend_residual_xgboost,170.5116501277144
IN_GIBSON,2012,64.8,trend_residual_xgboost,160.80665606065222
IN_HAMILTON,2012,121.9,trend_residual_xgboost,157.72531874541087
IN_HANCOCK,2012,90.5,trend_residual_xgboost,157.96631051554832
IN_HARRISON,2012,52.2,trend_residual_xgboost,129.4799826903777
IN_HENDRICKS,2012,58.3,trend_residual_xgboost,151.26746553218723
IN_HENRY,2012,92.4,trend_residual_xgboost,162.5731482852589
IN_HOWARD,2012,154.2,trend_residual_xgboost,177.25266668435302
IN_HUNTINGTON,2012,108.3,trend_residual_xgboost,159.79754406611127
IN_JACKSON,2012,81.3,trend_residual_xgboost,125.60006807356172
IN_JASPER,2012,144.6,trend_residual_xgboost,174.02519249771586
IN_JAY,2012,107.7,trend_residual_xgboost,146.53033698688856
IN_JENNINGS,2012,89.2,trend_residual_xgboost,131.88018194816328
IN_JOHNSON,2012,58.1,trend_residual_xgboost,135.99343189615195
IN_KNOX,2012,71.4,trend_residual_xgboost,162.08577382521182
IN_KOSCIUSKO,2012,104.0,trend_residual_xgboost,163.82158702666112
IN_LAGRANGE,2012,96.7,trend_residual_xgboost,135.23573302296978
IN_LAKE,2012,158.7,trend_residual_xgboost,167.50405666033424
IN_LAWRENCE,2012,52.8,trend_residual_xgboost,139.76422384435483
IN_MADISON,2012,119.9,trend_residual_xgboost,165.673671502778
IN_MARSHALL,2012,97.8,trend_residual_xgboost,165.97452750404676
IN_MARTIN,2012,53.1,trend_residual_xgboost,150.7523838707895
IN_MIAMI,2012,126.8,trend_residual_xgboost,160.05085521936422
IN_MONROE,2012,44.7,trend_residual_xgboost,135.63963123090343
IN_MONTGOMERY,2012,104.5,trend_residual_xgboost,181.9463330290534
IN_MORGAN,2012,42.3,trend_residual_xgboost,135.39846237067022
IN_NEWTON,2012,132.6,trend_residual_xgboost,184.79619892727243
IN_NOBLE,2012,105.7,trend_residual_xgboost,146.44610017565168
IN_ORANGE,2012,30.1,trend_residual_xgboost,152.02037376346013
IN_OWEN,2012,41.0,trend_residual_xgboost,128.27504923271408
IN_PARKE,2012,64.2,trend_residual_xgboost,162.9785592136961
IN_PIKE,2012,57.8,trend_residual_xgboost,150.71729079680009
IN_PORTER,2012,165.7,trend_residual_xgboost,167.65166955716683
IN_POSEY,2012,75.2,trend_residual_xgboost,150.44007031989818
IN_PULASKI,2012,110.9,trend_residual_xgboost,168.72580541480676
IN_PUTNAM,2012,61.4,trend_residual_xgboost,158.0564644914685
IN_RANDOLPH,2012,94.0,trend_residual_xgboost,151.85055470900102
IN_RIPLEY,2012,101.3,trend_residual_xgboost,139.17134483221807
IN_RUSH,2012,79.6,trend_residual_xgboost,156.11525128248965
IN_SCOTT,2012,107.5,trend_residual_xgboost,134.82957680026695
IN_SHELBY,2012,62.4,trend_residual_xgboost,137.99959866928333
IN_SPENCER,2012,69.8,trend_residual_xgboost,149.27615573622967
IN_ST._JOSEPH,2012,133.9,trend_residual_xgboost,165.59865076325158
IN_STARKE,2012,99.7,trend_residual_xgboost,147.83947488539152
IN_STEUBEN,2012,87.4,trend_residual_xgboost,132.89894737926397
IN_TIPPECANOE,2012,112.0,trend_residual_xgboost,176.39040743654428
IN_TIPTON,2012,157.9,trend_residual_xgboost,182.11977315960513
IN_UNION,2012,91.7,trend_residual_xgboost,169.26677885778025
IN_VANDERBURGH,2012,60.4,trend_residual_xgboost,150.02446854620268
IN_VERMILLION,2012,86.3,trend_residual_xgboost,166.59701770146688
IN_VIGO,2012,65.9,trend_residual_xgboost,144.26653510006986
IN_WABASH,2012,105.4,trend_residual_xgboost,170.88311542641028
IN_WARREN,2012,110.4,trend_residual_xgboost,177.90956211668075
IN_WARRICK,2012,51.1,trend_residual_xgboost,143.33206735957756
IN_WASHINGTON,2012,57.5,trend_residual_xgboost,140.34672194972188
IN_WAYNE,2012,79.8,trend_residual_xgboost,143.60554385618732
IN_WELLS,2012,122.0,trend_residual_xgboost,158.48847323041977
IN_WHITE,2012,115.6,trend_residual_xgboost,181.3468695362409
IN_WHITLEY,2012,96.4,trend_residual_xgboost,146.5008619214549
MI_ALLEGAN,2012,119.1,trend_residual_xgboost,163.3980891776808
MI_ARENAC,2012,146.2,trend_residual_xgboost,155.9411303086715
MI_BARRY,2012,121.0,trend_residual_xgboost,146.76902761025863
MI_BAY,2012,161.2,trend_residual_xgboost,162.95859185421108
MI_BERRIEN,2012,143.3,trend_residual_xgboost,161.90664424173764
MI_BRANCH,2012,112.8,trend_residual_xgboost,142.5221912990917
MI_CALHOUN,2012,87.1,trend_residual_xgboost,139.91234006592728
MI_CASS,2012,138.4,trend_residual_xgboost,173.13524725509416
MI_CLINTON,2012,149.0,trend_residual_xgboost,148.293359265183
MI_EATON,2012,124.2,trend_residual_xgboost,146.5496484409679
MI_GENESEE,2012,134.5,trend_residual_xgboost,137.8381133859808
MI_GRATIOT,2012,171.8,trend_residual_xgboost,148.0879401120273
MI_HILLSDALE,2012,112.5,trend_residual_xgboost,142.85642973726448
MI_HURON,2012,144.6,trend_residual_xgboost,174.2024985053323
MI_INGHAM,2012,120.5,trend_residual_xgboost,150.24928027355307
MI_IONIA,2012,140.5,trend_residual_xgboost,159.7671192270337
MI_JACKSON,2012,78.7,trend_residual_xgboost,132.23672854828118
MI_KALAMAZOO,2012,138.2,trend_residual_xgboost,155.05831973624956
MI_KENT,2012,129.9,trend_residual_xgboost,150.93499096234643
MI_LAPEER,2012,150.3,trend_residual_xgboost,144.77720126527728
MI_LENAWEE,2012,100.3,trend_residual_xgboost,157.78230472766992
MI_LIVINGSTON,2012,126.3,trend_residual_xgboost,139.19378593907214
MI_MACOMB,2012,166.5,trend_residual_xgboost,155.1004586335385
MI_MIDLAND,2012,163.1,trend_residual_xgboost,152.76674482750175
MI_MONROE,2012,101.6,trend_residual_xgboost,153.76368680433796
MI_MONTCALM,2012,141.4,trend_residual_xgboost,139.74449413472962
MI_MUSKEGON,2012,115.2,trend_residual_xgboost,138.28556073522876
MI_NEWAYGO,2012,135.8,trend_residual_xgboost,124.72208543835265
MI_OAKLAND,2012,120.6,trend_residual_xgboost,128.91810015133447
MI_OCEANA,2012,124.9,trend_residual_xgboost,125.01154328514545
MI_OTTAWA,2012,111.2,trend_residual_xgboost,145.51928220228717
MI_SAGINAW,2012,155.8,trend_residual_xgboost,161.96211660811394
MI_SANILAC,2012,158.7,trend_residual_xgboost,158.51019664533217
MI_SHIAWASSEE,2012,139.2,trend_residual_xgboost,146.64019107529614
MI_TUSCOLA,2012,160.3,trend_residual_xgboost,166.03229451612995
MI_VAN_BUREN,2012,133.7,trend_residual_xgboost,168.90609382210363
MI_WASHTENAW,2012,73.3,trend_residual_xgboost,143.54441730903858
MI_WAYNE,2012,83.5,trend_residual_xgboost,135.3322422463553
MN_BLUE_EARTH,2012,170.5,trend_residual_xgboost,177.28165490121552
MN_BROWN,2012,158.4,trend_residual_xgboost,175.13177363655782
MN_CHIPPEWA,2012,179.5,trend_residual_xgboost,161.7701271577315
MN_FILLMORE,2012,171.1,trend_residual_xgboost,180.10651469375148
MN_GOODHUE,2012,186.6,trend_residual_xgboost,184.8118192875024
MN_HOUSTON,2012,171.3,trend_residual_xgboost,176.38469464851147
MN_MARTIN,2012,170.7,trend_residual_xgboost,184.12020699472146
MN_MURRAY,2012,150.7,trend_residual_xgboost,181.69662618637088
MN_NICOLLET,2012,160.1,trend_residual_xgboost,169.62034886678066
MN_NOBLES,2012,155.5,trend_residual_xgboost,184.73784448739252
MN_PIPESTONE,2012,143.6,trend_residual_xgboost,162.5379332484621
MN_REDWOOD,2012,164.1,trend_residual_xgboost,172.80888293295195
MN_RENVILLE,2012,173.6,trend_residual_xgboost,165.4329339981079
MN_ROCK,2012,156.8,trend_residual_xgboost,182.25578524849632
MN_WABASHA,2012,187.4,trend_residual_xgboost,182.23903030337715
MN_WINONA,2012,177.5,trend_residual_xgboost,180.31110206372813
MN_YELLOW_MEDICINE,2012,146.5,trend_residual_xgboost,159.86283064755528
MO_ADAIR,2012,43.6,trend_residual_xgboost,99.7192147630634
MO_ANDREW,2012,71.0,trend_residual_xgboost,133.8085920732671
MO_ATCHISON,2012,106.0,trend_residual_xgboost,174.02304879101845
MO_AUDRAIN,2012,33.4,trend_residual_xgboost,106.4763522177032
MO_BARTON,2012,71.6,trend_residual_xgboost,98.24360134384857
MO_BENTON,2012,43.4,trend_residual_xgboost,102.0926520318696
MO_BOLLINGER,2012,107.0,trend_residual_xgboost,112.63276924942485
MO_BOONE,2012,41.1,trend_residual_xgboost,93.1600945675012
MO_BUCHANAN,2012,112.3,trend_residual_xgboost,141.2839488347372
MO_BUTLER,2012,156.9,trend_residual_xgboost,138.4338650154345
MO_CALDWELL,2012,41.1,trend_residual_xgboost,110.61378826950533
MO_CALLAWAY,2012,41.8,trend_residual_xgboost,114.93239889433892
MO_CAPE_GIRARDEAU,2012,80.1,trend_residual_xgboost,130.36257219603576
MO_CARROLL,2012,84.4,trend_residual_xgboost,119.21520823854391
MO_CASS,2012,48.5,trend_residual_xgboost,94.02352583914092
MO_CHARITON,2012,57.2,trend_residual_xgboost,111.25767699732927
MO_CLARK,2012,68.6,trend_residual_xgboost,105.63451926491481
MO_CLAY,2012,86.7,trend_residual_xgboost,126.36581783872663
MO_CLINTON,2012,57.6,trend_residual_xgboost,140.32280209281225
MO_COLE,2012,73.1,trend_residual_xgboost,124.29911937135637
MO_COOPER,2012,57.2,trend_residual_xgboost,103.66369369969226
MO_DADE,2012,87.9,trend_residual_xgboost,86.16433745947751
MO_DUNKLIN,2012,155.3,trend_residual_xgboost,162.7680301800641
MO_FRANKLIN,2012,48.5,trend_residual_xgboost,126.82403576590801
MO_GASCONADE,2012,64.0,trend_residual_xgboost,112.01046693397296
MO_GRUNDY,2012,60.5,trend_residual_xgboost,117.92832352031365
MO_HARRISON,2012,43.8,trend_residual_xgboost,114.62515855521868
MO_HENRY,2012,34.5,trend_residual_xgboost,70.3443058938691
MO_HOLT,2012,129.2,trend_residual_xgboost,166.91240514408466
MO_HOWARD,2012,81.3,trend_residual_xgboost,115.58283610488434
MO_JACKSON,2012,75.2,trend_residual_xgboost,118.91214129130046
MO_JASPER,2012,61.6,trend_residual_xgboost,85.88609268159577
MO_JEFFERSON,2012,44.7,trend_residual_xgboost,120.17721813375302
MO_JOHNSON,2012,56.6,trend_residual_xgboost,99.50427118937175
MO_KNOX,2012,40.6,trend_residual_xgboost,112.52860517328435
MO_LAFAYETTE,2012,80.1,trend_residual_xgboost,133.40706953568898
MO_LAWRENCE,2012,70.2,trend_residual_xgboost,106.50186582565304
MO_LEWIS,2012,41.0,trend_residual_xgboost,96.83859618215851
MO_LINCOLN,2012,44.8,trend_residual_xgboost,111.27772530642427
MO_LINN,2012,51.3,trend_residual_xgboost,111.59282021956015
MO_LIVINGSTON,2012,50.1,trend_residual_xgboost,116.15006904024068
MO_MACON,2012,45.4,trend_residual_xgboost,117.37220840454091
MO_MARION,2012,66.7,trend_residual_xgboost,114.41980368874289
MO_MISSISSIPPI,2012,131.3,trend_residual_xgboost,162.6642427531155
MO_MONITEAU,2012,43.9,trend_residual_xgboost,96.90787208557121
MO_MONROE,2012,22.3,trend_residual_xgboost,91.67683669003577
MO_MONTGOMERY,2012,31.1,trend_residual_xgboost,90.11465062228116
MO_MORGAN,2012,40.5,trend_residual_xgboost,81.92020880381267
MO_NEW_MADRID,2012,159.1,trend_residual_xgboost,171.5664588951252
MO_NODAWAY,2012,88.1,trend_residual_xgboost,134.81878826500792
MO_PEMISCOT,2012,160.1,trend_residual_xgboost,156.643013305366
MO_PERRY,2012,60.7,trend_residual_xgboost,117.22092121008671
MO_PETTIS,2012,42.1,trend_residual_xgboost,91.9298582944003
MO_PIKE,2012,43.0,trend_residual_xgboost,113.51647202462868
MO_PLATTE,2012,83.7,trend_residual_xgboost,139.79034962047223
MO_PUTNAM,2012,65.6,trend_residual_xgboost,113.47029177925806
MO_RALLS,2012,40.7,trend_residual_xgboost,109.59926704637935
MO_RANDOLPH,2012,39.5,trend_residual_xgboost,105.59503256364295
MO_RAY,2012,87.7,trend_residual_xgboost,125.06935738072258
MO_SALINE,2012,84.3,trend_residual_xgboost,136.4895514517119
MO_SCOTLAND,2012,60.6,trend_residual_xgboost,100.45741812619289
MO_SCOTT,2012,139.2,trend_residual_xgboost,163.39368798805003
MO_SHELBY,2012,35.5,trend_residual_xgboost,92.65432117346563
MO_STODDARD,2012,129.6,trend_residual_xgboost,151.2908545262885
MO_SULLIVAN,2012,45.9,trend_residual_xgboost,99.5833985241977
MO_VERNON,2012,67.7,trend_residual_xgboost,120.55464434190225
MO_WARREN,2012,50.0,trend_residual_xgboost,113.98392392938793
MO_WAYNE,2012,53.8,trend_residual_xgboost,90.27180195832858
MO_WORTH,2012,60.4,trend_residual_xgboost,120.43216894901161
OH_ADAMS,2012,80.5,trend_residual_xgboost,141.36670214913113
OH_ALLEN,2012,111.1,trend_residual_xgboost,151.04144792267772
OH_ASHLAND,2012,118.3,trend_residual_xgboost,159.2500982508515
OH_ASHTABULA,2012,132.6,trend_residual_xgboost,147.5411893324419
OH_AUGLAIZE,2012,104.5,trend_residual_xgboost,154.6482114127188
OH_BELMONT,2012,96.7,trend_residual_xgboost,43.03877440491479
OH_BROWN,2012,123.8,trend_residual_xgboost,156.58372436003253
OH_BUTLER,2012,64.5,trend_residual_xgboost,150.4026228211143
OH_CHAMPAIGN,2012,121.9,trend_residual_xgboost,170.16503618702748
OH_CLARK,2012,138.3,trend_residual_xgboost,177.12232393423716
OH_CLERMONT,2012,115.2,trend_residual_xgboost,166.637182562279
OH_CLINTON,2012,145.1,trend_residual_xgboost,177.6585544065996
OH_COLUMBIANA,2012,129.3,trend_residual_xgboost,154.93841642683202
OH_COSHOCTON,2012,114.3,trend_residual_xgboost,166.4361289356694
OH_CRAWFORD,2012,131.7,trend_residual_xgboost,178.79588100115458
OH_DARKE,2012,100.1,trend_residual_xgboost,150.9277572545138
OH_DEFIANCE,2012,80.2,trend_residual_xgboost,140.7337457963915
OH_DELAWARE,2012,132.8,trend_residual_xgboost,168.8926006504984
OH_ERIE,2012,141.4,trend_residual_xgboost,163.23547271092735
OH_FAIRFIELD,2012,105.7,trend_residual_xgboost,170.69011519749964
OH_FAYETTE,2012,125.8,trend_residual_xgboost,176.5112170704928
OH_FULTON,2012,118.4,trend_residual_xgboost,169.5810405599349
OH_GREENE,2012,142.0,trend_residual_xgboost,189.21846186175495
OH_GUERNSEY,2012,122.1,trend_residual_xgboost,140.17756472824325
OH_HAMILTON,2012,98.2,trend_residual_xgboost,155.08768617167618
OH_HANCOCK,2012,140.4,trend_residual_xgboost,158.14457307295368
OH_HARDIN,2012,134.4,trend_residual_xgboost,162.77821907563649
OH_HARRISON,2012,106.2,trend_residual_xgboost,136.2627183623747
OH_HENRY,2012,98.6,trend_residual_xgboost,161.05258615956166
OH_HIGHLAND,2012,118.4,trend_residual_xgboost,161.48606895099988
OH_HOCKING,2012,110.0,trend_residual_xgboost,148.66834653677807
OH_HOLMES,2012,127.2,trend_residual_xgboost,167.5790620493167
OH_HURON,2012,139.9,trend_residual_xgboost,165.96037891127847
OH_KNOX,2012,140.1,trend_residual_xgboost,158.9327835039659
OH_LICKING,2012,129.5,trend_residual_xgboost,165.47227784937078
OH_LOGAN,2012,140.5,trend_residual_xgboost,165.83043274626587
OH_LORAIN,2012,148.5,trend_residual_xgboost,155.4450987882235
OH_LUCAS,2012,141.6,trend_residual_xgboost,161.96911223440458
OH_MADISON,2012,140.9,trend_residual_xgboost,178.09966860539984
OH_MAHONING,2012,138.5,trend_residual_xgboost,145.29260258205014
OH_MARION,2012,129.8,trend_residual_xgboost,173.596408255895
OH_MEDINA,2012,115.2,trend_residual_xgboost,157.09937374447335
OH_MERCER,2012,107.7,trend_residual_xgboost,152.35815164681645
OH_MIAMI,2012,107.4,trend_residual_xgboost,163.1207171487086
OH_MONTGOMERY,2012,67.4,trend_residual_xgboost,145.68152250810107
OH_MORGAN,2012,103.9,trend_residual_xgboost,139.79358977115518
OH_MORROW,2012,144.7,trend_residual_xgboost,161.57561294093279
OH_MUSKINGUM,2012,129.1,trend_residual_xgboost,166.84613161376035
OH_NOBLE,2012,111.2,trend_residual_xgboost,84.66264892784326
OH_OTTAWA,2012,154.0,trend_residual_xgboost,161.40957941575488
OH_PAULDING,2012,89.4,trend_residual_xgboost,151.86968849644518
OH_PERRY,2012,101.7,trend_residual_xgboost,166.04736738782938
OH_PICKAWAY,2012,93.9,trend_residual_xgboost,165.56472052371862
OH_PORTAGE,2012,138.0,trend_residual_xgboost,136.45514460392442
OH_PREBLE,2012,75.0,trend_residual_xgboost,147.90142401637456
OH_PUTNAM,2012,114.0,trend_residual_xgboost,156.49889832987932
OH_RICHLAND,2012,122.5,trend_residual_xgboost,155.92475881143054
OH_SANDUSKY,2012,143.8,trend_residual_xgboost,160.84072306661895
OH_SENECA,2012,114.4,trend_residual_xgboost,153.9726607553887
OH_SHELBY,2012,132.7,trend_residual_xgboost,156.8686345620589
OH_STARK,2012,118.5,trend_residual_xgboost,160.1003690702446
OH_SUMMIT,2012,102.9,trend_residual_xgboost,133.82459905942278
OH_TRUMBULL,2012,141.4,trend_residual_xgboost,158.17660806034556
OH_TUSCARAWAS,2012,110.2,trend_residual_xgboost,166.28935699535145
OH_UNION,2012,135.5,trend_residual_xgboost,171.37767978075783
OH_VAN_WERT,2012,119.5,trend_residual_xgboost,143.56761983669168
OH_WARREN,2012,127.2,trend_residual_xgboost,167.90678607189292
OH_WAYNE,2012,125.9,trend_residual_xgboost,158.29591362042865
OH_WILLIAMS,2012,96.1,trend_residual_xgboost,154.31659179781428
OH_WOOD,2012,133.1,trend_residual_xgboost,165.96988581455116
OH_WYANDOT,2012,123.2,trend_residual_xgboost,168.4407814249848
WI_ADAMS,2012,104.3,trend_residual_xgboost,157.52002516081836
WI_BUFFALO,2012,146.1,trend_residual_xgboost,152.59612625006474
WI_COLUMBIA,2012,109.7,trend_residual_xgboost,165.06614633220616
WI_CRAWFORD,2012,126.8,trend_residual_xgboost,156.58242425485093
WI_DANE,2012,110.9,trend_residual_xgboost,167.2067952127168
WI_DODGE,2012,140.1,trend_residual_xgboost,159.9924106019916
WI_DUNN,2012,135.8,trend_residual_xgboost,147.60556752753985
WI_EAU_CLAIRE,2012,116.0,trend_residual_xgboost,152.3055552179163
WI_FOND_DU_LAC,2012,120.4,trend_residual_xgboost,162.97659126628534
WI_GRANT,2012,104.7,trend_residual_xgboost,177.8157010974306
WI_GREEN,2012,76.0,trend_residual_xgboost,174.21541762496486
WI_GREEN_LAKE,2012,97.3,trend_residual_xgboost,154.35236032659358
WI_IOWA,2012,87.7,trend_residual_xgboost,184.11999488021388
WI_JACKSON,2012,116.1,trend_residual_xgboost,153.3334990544753
WI_JEFFERSON,2012,114.5,trend_residual_xgboost,156.23283067183064
WI_JUNEAU,2012,105.6,trend_residual_xgboost,152.26282761963932
WI_KENOSHA,2012,127.3,trend_residual_xgboost,159.97643186973804
WI_LAFAYETTE,2012,77.6,trend_residual_xgboost,177.2709056680853
WI_LANGLADE,2012,127.9,trend_residual_xgboost,75.34784393310545
WI_LA_CROSSE,2012,137.1,trend_residual_xgboost,163.71485309022847
WI_MARINETTE,2012,130.6,trend_residual_xgboost,108.07084932038283
WI_MARQUETTE,2012,60.0,trend_residual_xgboost,128.75578333753526
WI_MILWAUKEE,2012,125.0,trend_residual_xgboost,99.13603499276294
WI_MONROE,2012,122.6,trend_residual_xgboost,147.62878328236667
WI_OCONTO,2012,156.7,trend_residual_xgboost,123.58939742464008
WI_OUTAGAMIE,2012,154.3,trend_residual_xgboost,137.93189699288575
WI_OZAUKEE,2012,132.5,trend_residual_xgboost,134.79271730581124
WI_PEPIN,2012,144.9,trend_residual_xgboost,154.2751338872043
WI_PORTAGE,2012,118.4,trend_residual_xgboost,150.46158624779093
WI_RACINE,2012,132.2,trend_residual_xgboost,144.32688596320875
WI_RICHLAND,2012,110.0,trend_residual_xgboost,151.87931802200552
WI_ROCK,2012,101.7,trend_residual_xgboost,166.8022194775669
WI_SAUK,2012,113.0,trend_residual_xgboost,153.5670870401643
WI_SHEBOYGAN,2012,135.9,trend_residual_xgboost,132.00936040589306
WI_TREMPEALEAU,2012,126.8,trend_residual_xgboost,149.91688560428048
WI_VERNON,2012,127.4,trend_residual_xgboost,157.8174024610809
WI_WALWORTH,2012,102.0,trend_residual_xgboost,165.84504470825192
WI_WASHINGTON,2012,93.7,trend_residual_xgboost,142.4358415719235
WI_WAUKESHA,2012,96.7,trend_residual_xgboost,138.89479225043098
WI_WAUSHARA,2012,118.1,trend_residual_xgboost,156.0484033638781
WI_WINNEBAGO,2012,109.8,trend_residual_xgboost,141.3749368552006
IA_ADAIR,2013,137.8,trend_residual_xgboost,142.73236351013173
IA_ADAMS,2013,147.6,trend_residual_xgboost,137.97122199718766
IA_ALLAMAKEE,2013,162.1,trend_residual_xgboost,168.5730067179753
IA_APPANOOSE,2013,109.1,trend_residual_xgboost,86.81720473949716
IA_AUDUBON,2013,157.1,trend_residual_xgboost,163.6463582112238
IA_BENTON,2013,163.7,trend_residual_xgboost,154.46294788947466
IA_BLACK_HAWK,2013,166.1,trend_residual_xgboost,157.25410163585948
IA_BOONE,2013,154.2,trend_residual_xgboost,165.57115730138918
IA_BREMER,2013,175.1,trend_residual_xgboost,161.75212914393492
IA_BUCHANAN,2013,168.8,trend_residual_xgboost,157.86112038538997
IA_BUENA_VISTA,2013,160.5,trend_residual_xgboost,167.99490931584282
IA_BUTLER,2013,179.2,trend_residual_xgboost,162.64695120591378
IA_CALHOUN,2013,132.6,trend_residual_xgboost,162.74387889275175
IA_CARROLL,2013,136.5,trend_residual_xgboost,163.85961062357967
IA_CASS,2013,159.5,trend_residual_xgboost,161.4895251494187
IA_CEDAR,2013,169.7,trend_residual_xgboost,167.39514314211323
IA_CERRO_GORDO,2013,163.1,trend_residual_xgboost,151.70631859119118
IA_CHEROKEE,2013,185.1,trend_residual_xgboost,179.57089173243588
IA_CHICKASAW,2013,171.8,trend_residual_xgboost,159.44508515871487
IA_CLARKE,2013,126.5,trend_residual_xgboost,91.41449155073894
IA_CLAY,2013,167.2,trend_residual_xgboost,175.83849143981928
IA_CLAYTON,2013,181.2,trend_residual_xgboost,170.0671093427217
IA_CLINTON,2013,185.6,trend_residual_xgboost,161.07261735475967
IA_CRAWFORD,2013,157.8,trend_residual_xgboost,174.59635791778558
IA_DALLAS,2013,145.3,trend_residual_xgboost,155.45308694105879
IA_DAVIS,2013,146.7,trend_residual_xgboost,82.13714841695926
IA_DECATUR,2013,131.2,trend_residual_xgboost,95.682186112037
IA_DELAWARE,2013,184.7,trend_residual_xgboost,160.05273868854218
IA_DES_MOINES,2013,165.4,trend_residual_xgboost,146.70817239467902
IA_DICKINSON,2013,162.4,trend_residual_xgboost,167.68021094982439
IA_DUBUQUE,2013,196.0,trend_residual_xgboost,170.20099843832156
IA_EMMET,2013,166.4,trend_residual_xgboost,170.8536586761474
IA_FAYETTE,2013,181.2,trend_residual_xgboost,162.1980064392089
IA_FLOYD,2013,170.0,trend_residual_xgboost,156.19555527613704
IA_FRANKLIN,2013,179.6,trend_residual_xgboost,164.0834974729097
IA_FREMONT,2013,159.9,trend_residual_xgboost,152.10629580571094
IA_GREENE,2013,137.9,trend_residual_xgboost,161.9098500398488
IA_GRUNDY,2013,180.8,trend_residual_xgboost,173.03616205362172
IA_GUTHRIE,2013,130.1,trend_residual_xgboost,147.82816163576564
IA_HAMILTON,2013,135.0,trend_residual_xgboost,159.53447705782372
IA_HANCOCK,2013,169.9,trend_residual_xgboost,163.72827171912553
IA_HARDIN,2013,156.6,trend_residual_xgboost,172.31619783548203
IA_HARRISON,2013,177.1,trend_residual_xgboost,158.95343443063584
IA_HENRY,2013,160.4,trend_residual_xgboost,131.58289409784163
IA_HOWARD,2013,159.1,trend_residual_xgboost,167.56904984987696
IA_HUMBOLDT,2013,155.4,trend_residual_xgboost,163.52915112422053
IA_IDA,2013,177.7,trend_residual_xgboost,183.4439846038818
IA_IOWA,2013,165.9,trend_residual_xgboost,155.22189913529607
IA_JACKSON,2013,173.2,trend_residual_xgboost,148.05304731222296
IA_JASPER,2013,158.8,trend_residual_xgboost,158.4886622062095
IA_JEFFERSON,2013,145.5,trend_residual_xgboost,113.96203269958492
IA_JOHNSON,2013,181.1,trend_residual_xgboost,144.08242771442116
IA_JONES,2013,179.3,trend_residual_xgboost,155.0357223217303
IA_KEOKUK,2013,156.7,trend_residual_xgboost,127.81030629964974
IA_KOSSUTH,2013,167.7,trend_residual_xgboost,175.22390808692344
IA_LEE,2013,144.1,trend_residual_xgboost,122.13449462010307
IA_LINN,2013,178.6,trend_residual_xgboost,154.10715967325058
IA_LOUISA,2013,158.5,trend_residual_xgboost,149.50603498312134
IA_LUCAS,2013,117.9,trend_residual_xgboost,91.43609211261452
IA_LYON,2013,190.5,trend_residual_xgboost,180.68473874605604
IA_MADISON,2013,140.9,trend_residual_xgboost,129.64541851924005
IA_MAHASKA,2013,168.6,trend_residual_xgboost,145.8967996157132
IA_MARION,2013,156.4,trend_residual_xgboost,126.09032695476824
IA_MARSHALL,2013,163.2,trend_residual_xgboost,169.63679866790764
IA_MILLS,2013,171.0,trend_residual_xgboost,156.23478397956254
IA_MITCHELL,2013,164.1,trend_residual_xgboost,163.91904984987696
IA_MONONA,2013,175.2,trend_residual_xgboost,152.2057217524601
IA_MONROE,2013,115.3,trend_residual_xgboost,93.22597687061008
IA_MONTGOMERY,2013,154.0,trend_residual_xgboost,152.79603212796715
IA_MUSCATINE,2013,158.3,trend_residual_xgboost,148.19820026984573
IA_OSCEOLA,2013,182.0,trend_residual_xgboost,182.17008956028855
IA_PAGE,2013,154.5,trend_residual_xgboost,136.8209684958824
IA_PALO_ALTO,2013,168.8,trend_residual_xgboost,170.8916157795832
IA_PLYMOUTH,2013,188.9,trend_residual_xgboost,161.10688301966735
IA_POCAHONTAS,2013,163.8,trend_residual_xgboost,172.34610118865962
IA_POLK,2013,143.6,trend_residual_xgboost,149.09908605722276
IA_POTTAWATTAMIE,2013,179.4,trend_residual_xgboost,166.70016506635218
IA_POWESHIEK,2013,158.5,trend_residual_xgboost,161.02997892819906
IA_RINGGOLD,2013,121.1,trend_residual_xgboost,94.05208590580865
IA_SAC,2013,142.6,trend_residual_xgboost,168.68349430377654
IA_SCOTT,2013,167.8,trend_residual_xgboost,146.4498641967773
IA_SHELBY,2013,182.6,trend_residual_xgboost,174.40216551560616
IA_SIOUX,2013,194.1,trend_residual_xgboost,172.37307858100291
IA_STORY,2013,137.2,trend_residual_xgboost,162.52734499711252
IA_TAMA,2013,158.7,trend_residual_xgboost,167.0290767669677
IA_TAYLOR,2013,136.2,trend_residual_xgboost,117.99968571296104
IA_UNION,2013,137.0,trend_residual_xgboost,115.16473219944875
IA_VAN_BUREN,2013,144.1,trend_residual_xgboost,111.19122260167043
IA_WAPELLO,2013,150.4,trend_residual_xgboost,111.35733019021833
IA_WARREN,2013,146.7,trend_residual_xgboost,113.13622972048239
IA_WASHINGTON,2013,159.0,trend_residual_xgboost,142.91269603142362
IA_WAYNE,2013,125.1,trend_residual_xgboost,85.73897103529706
IA_WEBSTER,2013,137.6,trend_residual_xgboost,164.96663755270143
IA_WINNESHIEK,2013,181.8,trend_residual_xgboost,169.28950749910783
IA_WOODBURY,2013,164.2,trend_residual_xgboost,167.70417277262754
IA_WRIGHT,2013,168.8,trend_residual_xgboost,164.28230992830711
IL_ADAMS,2013,153.3,trend_residual_xgboost,108.48764045421888
IL_BOONE,2013,179.9,trend_residual_xgboost,181.44796688395508
IL_BROWN,2013,176.2,trend_residual_xgboost,105.32341054769655
IL_BUREAU,2013,185.9,trend_residual_xgboost,170.65574056918794
IL_CARROLL,2013,199.6,trend_residual_xgboost,179.77853285716122
IL_CASS,2013,184.1,trend_residual_xgboost,145.91786526900069
IL_CHAMPAIGN,2013,168.1,trend_residual_xgboost,155.43116849752568
IL_CHRISTIAN,2013,199.8,trend_residual_xgboost,152.7366889146657
IL_CLAY,2013,153.5,trend_residual_xgboost,130.3094823105908
IL_CLINTON,2013,162.2,trend_residual_xgboost,112.88022781885584
IL_COLES,2013,182.2,trend_residual_xgboost,136.36498934672423
IL_CRAWFORD,2013,154.1,trend_residual_xgboost,109.03618847773619
IL_CUMBERLAND,2013,171.6,trend_residual_xgboost,114.65853780599731
IL_DOUGLAS,2013,187.1,trend_residual_xgboost,146.72165515606216
IL_EDGAR,2013,186.4,trend_residual_xgboost,142.87901747776908
IL_EDWARDS,2013,154.2,trend_residual_xgboost,110.98806861730715
IL_EFFINGHAM,2013,172.4,trend_residual_xgboost,125.30105807231016
IL_FAYETTE,2013,161.8,trend_residual_xgboost,109.65374986941991
IL_FORD,2013,164.0,trend_residual_xgboost,130.68540262075564
IL_FRANKLIN,2013,164.3,trend_residual_xgboost,93.80399230076712
IL_FULTON,2013,171.4,trend_residual_xgboost,141.38450318849996
IL_GALLATIN,2013,188.7,trend_residual_xgboost,119.2501486851618
IL_GREENE,2013,167.4,trend_residual_xgboost,133.2799393287071
IL_GRUNDY,2013,192.2,trend_residual_xgboost,155.85398940673235
IL_HAMILTON,2013,175.1,trend_residual_xgboost,105.36003604302037
IL_HANCOCK,2013,178.5,trend_residual_xgboost,140.03662881851187
IL_HENDERSON,2013,176.0,trend_residual_xgboost,163.0219810779277
IL_HENRY,2013,184.5,trend_residual_xgboost,163.04263109794027
IL_IROQUOIS,2013,174.4,trend_residual_xgboost,144.0631216122553
IL_JACKSON,2013,172.7,trend_residual_xgboost,94.80693115821248
IL_JASPER,2013,151.0,trend_residual_xgboost,108.54740634331333
IL_JEFFERSON,2013,153.0,trend_residual_xgboost,115.29434614826192
IL_JERSEY,2013,182.9,trend_residual_xgboost,134.0749992737403
IL_JOHNSON,2013,154.4,trend_residual_xgboost,116.78276383548913
IL_JO_DAVIESS,2013,175.5,trend_residual_xgboost,153.10804449228138
IL_KANE,2013,191.7,trend_residual_xgboost,174.3857151251572
IL_KANKAKEE,2013,172.1,trend_residual_xgboost,155.77452300557718
IL_KENDALL,2013,182.2,trend_residual_xgboost,157.88236417770378
IL_KNOX,2013,191.0,trend_residual_xgboost,171.16016020408037
IL_LAKE,2013,153.7,trend_residual_xgboost,144.73019099669028
IL_LEE,2013,171.3,trend_residual_xgboost,166.07690924130947
IL_LIVINGSTON,2013,179.1,trend_residual_xgboost,151.5388669820932
IL_LOGAN,2013,198.1,trend_residual_xgboost,149.6994494658249
IL_MACON,2013,192.7,trend_residual_xgboost,150.2587996556208
IL_MACOUPIN,2013,170.5,trend_residual_xgboost,116.80553161914531
IL_MADISON,2013,164.4,trend_residual_xgboost,111.91311999100895
IL_MARION,2013,159.7,trend_residual_xgboost,103.80405522860006
IL_MARSHALL,2013,191.2,trend_residual_xgboost,165.2602053532233
IL_MASON,2013,163.3,trend_residual_xgboost,135.28168304149915
IL_MASSAC,2013,170.7,trend_residual_xgboost,134.43719384075607
IL_MCDONOUGH,2013,187.8,trend_residual_xgboost,160.88863319983844
IL_MCHENRY,2013,160.6,trend_residual_xgboost,161.81770649323084
IL_MCLEAN,2013,188.6,trend_residual_xgboost,156.92569806759167
IL_MERCER,2013,177.1,trend_residual_xgboost,165.09712967505814
IL_MONROE,2013,147.0,trend_residual_xgboost,113.44546208748447
IL_MONTGOMERY,2013,182.9,trend_residual_xgboost,122.21744330479541
IL_MORGAN,2013,191.2,trend_residual_xgboost,141.40993527632486
IL_MOULTRIE,2013,181.1,trend_residual_xgboost,151.2724839357229
IL_OGLE,2013,189.6,trend_residual_xgboost,172.08708849686838
IL_PEORIA,2013,180.5,trend_residual_xgboost,166.30569940713727
IL_PERRY,2013,136.1,trend_residual_xgboost,87.780836882958
IL_PIATT,2013,187.4,trend_residual_xgboost,156.6446126277629
IL_PIKE,2013,164.3,trend_residual_xgboost,117.88622894287107
IL_PULASKI,2013,169.9,trend_residual_xgboost,114.13261208167435
IL_PUTNAM,2013,187.2,trend_residual_xgboost,182.7368801547098
IL_RICHLAND,2013,147.7,trend_residual_xgboost,96.31401415604803
IL_ROCK_ISLAND,2013,182.3,trend_residual_xgboost,175.27793845063326
IL_SALINE,2013,171.3,trend_residual_xgboost,111.82359645550062
IL_SANGAMON,2013,198.2,trend_residual_xgboost,155.54606279226445
IL_SCHUYLER,2013,169.0,trend_residual_xgboost,119.26279690082248
IL_SCOTT,2013,168.2,trend_residual_xgboost,132.06875834831817
IL_SHELBY,2013,178.2,trend_residual_xgboost,134.41889022680425
IL_STARK,2013,192.4,trend_residual_xgboost,170.5773816842298
IL_STEPHENSON,2013,182.0,trend_residual_xgboost,163.07083514653712
IL_TAZEWELL,2013,177.1,trend_residual_xgboost,161.07921739724958
IL_UNION,2013,162.3,trend_residual_xgboost,98.35396867898788
IL_VERMILION,2013,176.9,trend_residual_xgboost,145.80964604891253
IL_WABASH,2013,161.5,trend_residual_xgboost,113.57393219287573
IL_WARREN,2013,186.9,trend_residual_xgboost,174.47296840961155
IL_WASHINGTON,2013,160.6,trend_residual_xgboost,103.92871592595023
IL_WAYNE,2013,154.0,trend_residual_xgboost,105.19522476929878
IL_WHITE,2013,187.1,trend_residual_xgboost,122.08302575624901
IL_WHITESIDE,2013,179.8,trend_residual_xgboost,161.8017279184781
IL_WILL,2013,149.1,trend_residual_xgboost,158.6241196045508
IL_WILLIAMSON,2013,173.5,trend_residual_xgboost,105.07817250765277
IL_WINNEBAGO,2013,173.2,trend_residual_xgboost,158.3692341290986
IL_WOODFORD,2013,192.3,trend_residual_xgboost,162.8654312720665
IN_ADAMS,2013,176.7,trend_residual_xgboost,144.26327412495237
IN_ALLEN,2013,180.7,trend_residual_xgboost,144.85031050443644
IN_BARTHOLOMEW,2013,176.6,trend_residual_xgboost,118.8707199610196
IN_BENTON,2013,181.1,trend_residual_xgboost,158.62158150306107
IN_BLACKFORD,2013,172.5,trend_residual_xgboost,150.1044042055423
IN_BOONE,2013,189.8,trend_residual_xgboost,146.0678932153261
IN_CARROLL,2013,197.1,trend_residual_xgboost,157.0736397523146
IN_CASS,2013,192.3,trend_residual_xgboost,140.8477569726796
IN_CLARK,2013,161.2,trend_residual_xgboost,110.61813068389887
IN_CLAY,2013,154.7,trend_residual_xgboost,116.94832729192869
IN_CLINTON,2013,191.5,trend_residual_xgboost,171.5761721097505
IN_DAVIESS,2013,182.9,trend_residual_xgboost,134.6808707237243
IN_DEARBORN,2013,145.8,trend_residual_xgboost,116.4662888173873
IN_DECATUR,2013,183.2,trend_residual_xgboost,133.43113527664767
IN_DELAWARE,2013,174.3,trend_residual_xgboost,139.20055805169613
IN_DUBOIS,2013,180.5,trend_residual_xgboost,125.33268106167125
IN_ELKHART,2013,180.4,trend_residual_xgboost,136.20961489293967
IN_FAYETTE,2013,172.2,trend_residual_xgboost,130.50849039371187
IN_FOUNTAIN,2013,183.5,trend_residual_xgboost,151.30972147721505
IN_FRANKLIN,2013,179.2,trend_residual_xgboost,131.44665627662943
IN_FULTON,2013,179.0,trend_residual_xgboost,157.5707809338202
IN_GIBSON,2013,177.0,trend_residual_xgboost,121.96359159157706
IN_GRANT,2013,181.1,trend_residual_xgboost,165.1801601184498
IN_HAMILTON,2013,173.6,trend_residual_xgboost,147.59247850271365
IN_HANCOCK,2013,173.7,trend_residual_xgboost,134.75284044559174
IN_HARRISON,2013,168.0,trend_residual_xgboost,100.39887954271754
IN_HENDRICKS,2013,183.6,trend_residual_xgboost,121.60691954172566
IN_HUNTINGTON,2013,191.7,trend_residual_xgboost,146.5376329495356
IN_JACKSON,2013,148.8,trend_residual_xgboost,112.18630885711076
IN_JASPER,2013,179.9,trend_residual_xgboost,167.00387150324303
IN_JENNINGS,2013,156.4,trend_residual_xgboost,116.47641498308907
IN_JOHNSON,2013,172.9,trend_residual_xgboost,109.66437478065487
IN_KNOX,2013,180.2,trend_residual_xgboost,125.40283099349443
IN_KOSCIUSKO,2013,176.7,trend_residual_xgboost,144.3362075695624
IN_LAGRANGE,2013,154.4,trend_residual_xgboost,123.80213959217065
IN_LAKE,2013,155.0,trend_residual_xgboost,168.02347805866822
IN_MADISON,2013,181.1,trend_residual_xgboost,151.63371806144707
IN_MARSHALL,2013,171.0,trend_residual_xgboost,144.6790393755986
IN_MIAMI,2013,174.7,trend_residual_xgboost,146.32611275452825
IN_MONROE,2013,185.5,trend_residual_xgboost,106.01056941472558
IN_MONTGOMERY,2013,195.9,trend_residual_xgboost,155.14128712874182
IN_MORGAN,2013,179.8,trend_residual_xgboost,105.50247242267308
IN_NEWTON,2013,174.1,trend_residual_xgboost,171.101830456807
IN_NOBLE,2013,164.1,trend_residual_xgboost,134.82211661212716
IN_ORANGE,2013,181.4,trend_residual_xgboost,112.30875492095943
IN_OWEN,2013,148.6,trend_residual_xgboost,101.47102140646709
IN_PARKE,2013,173.1,trend_residual_xgboost,128.02320335828335
IN_PIKE,2013,169.1,trend_residual_xgboost,111.16375574621863
IN_PORTER,2013,177.8,trend_residual_xgboost,170.78608874357653
IN_POSEY,2013,193.0,trend_residual_xgboost,122.49287870847255
IN_PULASKI,2013,163.0,trend_residual_xgboost,152.65789932975403
IN_PUTNAM,2013,182.7,trend_residual_xgboost,125.61229786506067
IN_RANDOLPH,2013,171.3,trend_residual_xgboost,142.55811763176547
IN_RIPLEY,2013,170.2,trend_residual_xgboost,124.64609253223121
IN_RUSH,2013,193.6,trend_residual_xgboost,135.03561824101664
IN_SCOTT,2013,164.5,trend_residual_xgboost,123.04314039670501
IN_SHELBY,2013,178.8,trend_residual_xgboost,113.6326801538467
IN_SPENCER,2013,184.7,trend_residual_xgboost,117.688753406818
IN_ST._JOSEPH,2013,157.9,trend_residual_xgboost,154.47529052954445
IN_STARKE,2013,161.7,trend_residual_xgboost,134.93639083642225
IN_TIPPECANOE,2013,185.1,trend_residual_xgboost,153.77121661259565
IN_TIPTON,2013,191.2,trend_residual_xgboost,174.8170142760642
IN_UNION,2013,211.5,trend_residual_xgboost,148.11188913835923
IN_VANDERBURGH,2013,179.7,trend_residual_xgboost,114.6852065453162
IN_VERMILLION,2013,185.6,trend_residual_xgboost,136.33497927739066
IN_VIGO,2013,159.8,trend_residual_xgboost,117.13885231751658
IN_WABASH,2013,178.8,trend_residual_xgboost,143.27519280406472
IN_WARREN,2013,184.4,trend_residual_xgboost,153.3987898019643
IN_WARRICK,2013,183.6,trend_residual_xgboost,109.78797856844383
IN_WASHINGTON,2013,146.1,trend_residual_xgboost,108.73629336723906
IN_WAYNE,2013,177.3,trend_residual_xgboost,127.89430137872691
IN_WHITE,2013,184.1,trend_residual_xgboost,155.98309582930338
IN_WHITLEY,2013,181.0,trend_residual_xgboost,126.63921083303595
MI_ALLEGAN,2013,156.7,trend_residual_xgboost,155.4812646416517
MI_ARENAC,2013,127.7,trend_residual_xgboost,161.02520355994878
MI_BARRY,2013,165.0,trend_residual_xgboost,144.58323331154298
MI_BAY,2013,145.6,trend_residual_xgboost,171.70381818734674
MI_BERRIEN,2013,151.5,trend_residual_xgboost,157.3581018447875
MI_BRANCH,2013,164.1,trend_residual_xgboost,135.82358197546912
MI_CALHOUN,2013,155.8,trend_residual_xgboost,129.94101686110858
MI_CASS,2013,160.8,trend_residual_xgboost,165.36654556714566
MI_CLINTON,2013,140.2,trend_residual_xgboost,154.89268061656213
MI_EATON,2013,170.8,trend_residual_xgboost,145.88779715574697
MI_GENESEE,2013,141.3,trend_residual_xgboost,145.33127158696823
MI_GRATIOT,2013,146.9,trend_residual_xgboost,160.5939167499541
MI_HILLSDALE,2013,168.7,trend_residual_xgboost,139.90636570637037
MI_HURON,2013,172.4,trend_residual_xgboost,174.30225931314314
MI_INGHAM,2013,161.5,trend_residual_xgboost,147.92418079192814
MI_IONIA,2013,163.0,trend_residual_xgboost,157.57097745033403
MI_JACKSON,2013,156.4,trend_residual_xgboost,122.72971882453324
MI_KALAMAZOO,2013,178.8,trend_residual_xgboost,155.59267495962285
MI_KENT,2013,154.2,trend_residual_xgboost,147.37448963385356
MI_LAPEER,2013,150.7,trend_residual_xgboost,152.00402169869488
MI_LENAWEE,2013,181.5,trend_residual_xgboost,147.57279215592595
MI_LIVINGSTON,2013,153.2,trend_residual_xgboost,143.250784254074
MI_MACOMB,2013,152.5,trend_residual_xgboost,166.3379643174317
MI_MIDLAND,2013,151.0,trend_residual_xgboost,163.76555386689986
MI_MONROE,2013,152.8,trend_residual_xgboost,150.03752209590024
MI_MONTCALM,2013,143.1,trend_residual_xgboost,143.02493410477263
MI_MUSKEGON,2013,128.3,trend_residual_xgboost,141.04634942397104
MI_NEWAYGO,2013,115.7,trend_residual_xgboost,136.18572918268342
MI_OAKLAND,2013,153.3,trend_residual_xgboost,132.8419481613439
MI_OCEANA,2013,130.3,trend_residual_xgboost,133.45187291809148
MI_OTTAWA,2013,145.9,trend_residual_xgboost,142.32934537186063
MI_SAGINAW,2013,147.4,trend_residual_xgboost,162.46731192148638
MI_SANILAC,2013,172.2,trend_residual_xgboost,168.45674810409537
MI_SHIAWASSEE,2013,155.5,trend_residual_xgboost,152.29600666302895
MI_TUSCOLA,2013,157.1,trend_residual_xgboost,172.01788972707885
MI_VAN_BUREN,2013,156.5,trend_residual_xgboost,163.07964444894048
MI_WASHTENAW,2013,155.7,trend_residual_xgboost,129.1798472001002
MI_WAYNE,2013,130.0,trend_residual_xgboost,123.92391817734875
MN_BLUE_EARTH,2013,185.2,trend_residual_xgboost,172.6954412020169
MN_BROWN,2013,170.8,trend_residual_xgboost,171.93560086763816
MN_CHIPPEWA,2013,175.6,trend_residual_xgboost,172.21685498494358
MN_FILLMORE,2013,171.9,trend_residual_xgboost,176.32466080005344
MN_GOODHUE,2013,181.5,trend_residual_xgboost,181.86702222090491
MN_HOUSTON,2013,153.0,trend_residual_xgboost,172.0634120794442
MN_MARTIN,2013,187.8,trend_residual_xgboost,179.42803063025832
MN_MURRAY,2013,176.2,trend_residual_xgboost,174.9838225731482
MN_NICOLLET,2013,174.0,trend_residual_xgboost,163.92905583014849
MN_NOBLES,2013,168.8,trend_residual_xgboost,173.54125470381513
MN_PIPESTONE,2013,165.0,trend_residual_xgboost,158.2870291049663
MN_REDWOOD,2013,166.5,trend_residual_xgboost,171.74962792029734
MN_RENVILLE,2013,173.4,trend_residual_xgboost,170.12591420687153
MN_ROCK,2013,180.1,trend_residual_xgboost,174.71203858302172
MN_WABASHA,2013,174.1,trend_residual_xgboost,181.1994736744806
MN_WINONA,2013,173.6,trend_residual_xgboost,175.4419351284319
MN_YELLOW_MEDICINE,2013,171.7,trend_residual_xgboost,158.9111478292024
MO_ADAIR,2013,126.2,trend_residual_xgboost,83.81082112238954
MO_ANDREW,2013,133.2,trend_residual_xgboost,105.11052703318772
MO_ATCHISON,2013,165.0,trend_residual_xgboost,145.65263060056242
MO_AUDRAIN,2013,124.3,trend_residual_xgboost,89.84871015548698
MO_BENTON,2013,111.0,trend_residual_xgboost,86.22386235457196
MO_BOLLINGER,2013,153.5,trend_residual_xgboost,108.86409225463862
MO_BOONE,2013,131.9,trend_residual_xgboost,87.19186912683335
MO_BUCHANAN,2013,148.9,trend_residual_xgboost,133.46861239946801
MO_CALDWELL,2013,90.0,trend_residual_xgboost,92.41571085269628
MO_CALLAWAY,2013,135.0,trend_residual_xgboost,102.16278324860788
MO_CAPE_GIRARDEAU,2013,154.1,trend_residual_xgboost,109.20942206749545
MO_CARROLL,2013,141.5,trend_residual_xgboost,108.71925647442151
MO_CASS,2013,107.4,trend_residual_xgboost,78.47051432682912
MO_CEDAR,2013,77.2,trend_residual_xgboost,109.17130873482988
MO_CHARITON,2013,114.1,trend_residual_xgboost,97.9007788731501
MO_CLAY,2013,141.1,trend_residual_xgboost,120.98739535258363
MO_CLINTON,2013,133.4,trend_residual_xgboost,118.83147501578695
MO_COLE,2013,136.1,trend_residual_xgboost,119.95995638187112
MO_DADE,2013,88.0,trend_residual_xgboost,75.99260413830095
MO_DUNKLIN,2013,192.4,trend_residual_xgboost,146.11978765449717
MO_FRANKLIN,2013,149.2,trend_residual_xgboost,106.32818446526157
MO_GASCONADE,2013,123.0,trend_residual_xgboost,99.92186723122225
MO_HENRY,2013,84.6,trend_residual_xgboost,55.69395967630237
MO_HOLT,2013,182.3,trend_residual_xgboost,147.7393808144788
MO_JACKSON,2013,142.3,trend_residual_xgboost,110.7770588508019
MO_JEFFERSON,2013,134.1,trend_residual_xgboost,102.13695934735804
MO_JOHNSON,2013,124.6,trend_residual_xgboost,94.106619306711
MO_LAFAYETTE,2013,161.5,trend_residual_xgboost,124.8662601030789
MO_LAWRENCE,2013,88.3,trend_residual_xgboost,90.66141179201746
MO_LEWIS,2013,104.1,trend_residual_xgboost,75.42319840651285
MO_LINN,2013,101.5,trend_residual_xgboost,98.80771961212153
MO_LIVINGSTON,2013,99.8,trend_residual_xgboost,97.19566546953638
MO_MACON,2013,109.7,trend_residual_xgboost,96.27089233962745
MO_MISSISSIPPI,2013,191.9,trend_residual_xgboost,142.72512592902544
MO_MONITEAU,2013,124.5,trend_residual_xgboost,85.06925762626932
MO_MONROE,2013,123.0,trend_residual_xgboost,71.56888433603133
MO_MONTGOMERY,2013,122.6,trend_residual_xgboost,74.11897053351764
MO_MORGAN,2013,126.2,trend_residual_xgboost,71.83025829608621
MO_NEW_MADRID,2013,175.7,trend_residual_xgboost,155.51278272775497
MO_NODAWAY,2013,129.8,trend_residual_xgboost,112.13478669386637
MO_PEMISCOT,2013,173.9,trend_residual_xgboost,145.54847413556055
MO_PERRY,2013,160.6,trend_residual_xgboost,103.54627593113818
MO_PETTIS,2013,126.0,trend_residual_xgboost,84.70392883007337
MO_PIKE,2013,157.1,trend_residual_xgboost,91.25424505380475
MO_RALLS,2013,148.2,trend_residual_xgboost,88.31046946598929
MO_RANDOLPH,2013,118.2,trend_residual_xgboost,84.72958482231363
MO_RAY,2013,141.1,trend_residual_xgboost,117.96037966654845
MO_SALINE,2013,153.4,trend_residual_xgboost,126.55591339698196
MO_SCOTLAND,2013,119.1,trend_residual_xgboost,83.22262735869566
MO_SHELBY,2013,97.0,trend_residual_xgboost,79.26025120661807
MO_STODDARD,2013,185.1,trend_residual_xgboost,132.99504746657144
MO_SULLIVAN,2013,95.5,trend_residual_xgboost,81.17418246636018
MO_VERNON,2013,93.5,trend_residual_xgboost,97.26214694699792
MO_WARREN,2013,149.6,trend_residual_xgboost,97.1836158092205
MO_WAYNE,2013,95.0,trend_residual_xgboost,62.193653826575826
MO_WORTH,2013,118.5,trend_residual_xgboost,87.00144716409532
OH_ADAMS,2013,156.2,trend_residual_xgboost,116.41354413399323
OH_ALLEN,2013,183.5,trend_residual_xgboost,152.29026488524207
OH_ASHLAND,2013,157.5,trend_residual_xgboost,159.0454798625065
OH_ASHTABULA,2013,135.8,trend_residual_xgboost,156.5634729605454
OH_AUGLAIZE,2013,170.8,trend_residual_xgboost,150.49525811855602
OH_BELMONT,2013,130.0,trend_residual_xgboost,93.00539891037121
OH_BROWN,2013,173.1,trend_residual_xgboost,143.12598549769467
OH_BUTLER,2013,167.5,trend_residual_xgboost,123.174305823216
OH_CHAMPAIGN,2013,192.4,trend_residual_xgboost,164.42539914938112
OH_CLARK,2013,187.3,trend_residual_xgboost,166.76200567300498
OH_CLINTON,2013,186.2,trend_residual_xgboost,165.1149492373832
OH_COLUMBIANA,2013,169.7,trend_residual_xgboost,158.86904365099383
OH_COSHOCTON,2013,151.3,trend_residual_xgboost,154.1591765293707
OH_CRAWFORD,2013,180.1,trend_residual_xgboost,176.47323536506056
OH_DARKE,2013,173.5,trend_residual_xgboost,142.06706403218772
OH_DEFIANCE,2013,163.4,trend_residual_xgboost,125.1356742382049
OH_DELAWARE,2013,179.0,trend_residual_xgboost,161.3327901546771
OH_ERIE,2013,173.9,trend_residual_xgboost,172.46392806126516
OH_FAIRFIELD,2013,175.7,trend_residual_xgboost,146.11294543926522
OH_FAYETTE,2013,177.8,trend_residual_xgboost,156.33875920832838
OH_FRANKLIN,2013,175.8,trend_residual_xgboost,167.75364692731335
OH_FULTON,2013,189.3,trend_residual_xgboost,161.2800864219665
OH_GREENE,2013,177.3,trend_residual_xgboost,177.85778307914725
OH_GUERNSEY,2013,140.3,trend_residual_xgboost,134.23285657068524
OH_HANCOCK,2013,177.3,trend_residual_xgboost,168.66622178004332
OH_HARDIN,2013,172.2,trend_residual_xgboost,170.39083887246935
OH_HARRISON,2013,150.6,trend_residual_xgboost,131.82665641395405
OH_HENRY,2013,183.6,trend_residual_xgboost,154.46532588371858
OH_HIGHLAND,2013,184.8,trend_residual_xgboost,143.825800866347
OH_HOCKING,2013,151.8,trend_residual_xgboost,132.50648602518882
OH_HOLMES,2013,148.0,trend_residual_xgboost,165.01719087453984
OH_HURON,2013,180.8,trend_residual_xgboost,171.79005090273338
OH_KNOX,2013,165.9,trend_residual_xgboost,159.74745920621427
OH_LICKING,2013,162.8,trend_residual_xgboost,157.18383390720066
OH_LOGAN,2013,171.4,trend_residual_xgboost,169.92713891542869
OH_LORAIN,2013,141.3,trend_residual_xgboost,164.52818929965667
OH_LUCAS,2013,174.4,trend_residual_xgboost,168.46921286216138
OH_MADISON,2013,189.7,trend_residual_xgboost,167.8181668061476
OH_MAHONING,2013,163.9,trend_residual_xgboost,155.95548843970658
OH_MARION,2013,174.4,trend_residual_xgboost,171.4565298960758
OH_MEDINA,2013,139.9,trend_residual_xgboost,157.1282368513253
OH_MERCER,2013,173.3,trend_residual_xgboost,146.39311452278724
OH_MIAMI,2013,182.3,trend_residual_xgboost,148.25224501261337
OH_MONTGOMERY,2013,184.4,trend_residual_xgboost,118.86703100387862
OH_MORGAN,2013,136.7,trend_residual_xgboost,124.4407204004434
OH_MORROW,2013,165.2,trend_residual_xgboost,165.63433735920825
OH_MUSKINGUM,2013,169.5,trend_residual_xgboost,155.6444897381158
OH_NOBLE,2013,138.4,trend_residual_xgboost,107.36918663463194
OH_OTTAWA,2013,158.4,trend_residual_xgboost,172.36689797181344
OH_PAULDING,2013,171.9,trend_residual_xgboost,134.94293852952808
OH_PERRY,2013,162.0,trend_residual_xgboost,142.6309752097496
OH_PICKAWAY,2013,173.9,trend_residual_xgboost,140.61774617708642
OH_PIKE,2013,170.7,trend_residual_xgboost,160.81082516938883
OH_PORTAGE,2013,138.3,trend_residual_xgboost,149.79745969029514
OH_PREBLE,2013,184.9,trend_residual_xgboost,129.9419612004206
OH_PUTNAM,2013,188.8,trend_residual_xgboost,155.4189447182875
OH_RICHLAND,2013,167.5,trend_residual_xgboost,158.27596319638758
OH_ROSS,2013,171.6,trend_residual_xgboost,157.54381875669495
OH_SANDUSKY,2013,170.4,trend_residual_xgboost,168.83416782525862
OH_SENECA,2013,165.3,trend_residual_xgboost,158.20911204998302
OH_SHELBY,2013,172.7,trend_residual_xgboost,160.38601874571575
OH_STARK,2013,152.9,trend_residual_xgboost,159.35507900531468
OH_TRUMBULL,2013,175.4,trend_residual_xgboost,163.5640818522526
OH_TUSCARAWAS,2013,150.0,trend_residual_xgboost,160.15202554556032
OH_UNION,2013,180.5,trend_residual_xgboost,165.0210208452664
OH_VAN_WERT,2013,185.0,trend_residual_xgboost,144.0693826895493
OH_WARREN,2013,175.8,trend_residual_xgboost,154.50884054830433
OH_WAYNE,2013,162.2,trend_residual_xgboost,157.11262928155742
OH_WILLIAMS,2013,170.5,trend_residual_xgboost,141.38805132279018
OH_WOOD,2013,171.6,trend_residual_xgboost,170.1995097233698
OH_WYANDOT,2013,174.2,trend_residual_xgboost,168.38325864351708
WI_ADAMS,2013,109.4,trend_residual_xgboost,136.99248646956215
WI_BUFFALO,2013,141.0,trend_residual_xgboost,146.30069135519165
WI_COLUMBIA,2013,157.9,trend_residual_xgboost,142.29065972108097
WI_CRAWFORD,2013,144.8,trend_residual_xgboost,142.5370242632352
WI_DANE,2013,177.4,trend_residual_xgboost,148.95129222136273
WI_DODGE,2013,163.0,trend_residual_xgboost,154.4898089702312
WI_DUNN,2013,112.1,trend_residual_xgboost,141.2909218274629
WI_EAU_CLAIRE,2013,130.0,trend_residual_xgboost,133.12049925877488
WI_FOND_DU_LAC,2013,166.8,trend_residual_xgboost,156.419406568087
WI_GRANT,2013,179.3,trend_residual_xgboost,153.6590358587411
WI_GREEN,2013,157.1,trend_residual_xgboost,143.3392921301034
WI_GREEN_LAKE,2013,151.6,trend_residual_xgboost,133.21455824191744
WI_IOWA,2013,158.3,trend_residual_xgboost,155.25989618301384
WI_JACKSON,2013,123.8,trend_residual_xgboost,134.72850443033067
WI_JEFFERSON,2013,164.6,trend_residual_xgboost,149.055031299591
WI_JUNEAU,2013,101.7,trend_residual_xgboost,133.940738751338
WI_KENOSHA,2013,157.7,trend_residual_xgboost,155.58050332436187
WI_LAFAYETTE,2013,169.4,trend_residual_xgboost,143.70729016524086
WI_LA_CROSSE,2013,149.1,trend_residual_xgboost,151.85333118438714
WI_MARINETTE,2013,145.2,trend_residual_xgboost,122.08735995842856
WI_MARQUETTE,2013,110.3,trend_residual_xgboost,103.82999715805047
WI_MONROE,2013,121.4,trend_residual_xgboost,134.6601007461547
WI_OCONTO,2013,154.4,trend_residual_xgboost,138.97480879196746
WI_OUTAGAMIE,2013,153.8,trend_residual_xgboost,143.4298513265756
WI_PEPIN,2013,134.8,trend_residual_xgboost,146.01572437286373
WI_PORTAGE,2013,135.7,trend_residual_xgboost,135.88199132772584
WI_RACINE,2013,162.8,trend_residual_xgboost,151.9134171779338
WI_RICHLAND,2013,141.9,trend_residual_xgboost,133.35163613832904
WI_ROCK,2013,168.4,trend_residual_xgboost,149.73367589070236
WI_SAUK,2013,154.3,trend_residual_xgboost,135.26955909729003
WI_SHEBOYGAN,2013,146.1,trend_residual_xgboost,142.27255021608784
WI_TREMPEALEAU,2013,122.4,trend_residual_xgboost,137.36523861518268
WI_VERNON,2013,138.8,trend_residual_xgboost,145.81209207681502
WI_WALWORTH,2013,161.3,trend_residual_xgboost,149.85430976427514
WI_WASHINGTON,2013,132.9,trend_residual_xgboost,134.80741722400364
WI_WAUKESHA,2013,153.3,trend_residual_xgboost,134.94065485367403
WI_WAUSHARA,2013,143.5,trend_residual_xgboost,139.24337301987862
WI_WINNEBAGO,2013,155.6,trend_residual_xgboost,133.95660111720738
IA_ADAIR,2014,169.3,trend_residual_xgboost,157.66758922115787
IA_ADAMS,2014,169.9,trend_residual_xgboost,159.80501358535273
IA_ALLAMAKEE,2014,175.6,trend_residual_xgboost,182.17246355014842
IA_APPANOOSE,2014,170.9,trend_residual_xgboost,113.06684305798879
IA_AUDUBON,2014,185.5,trend_residual_xgboost,172.80250915799823
IA_BENTON,2014,185.4,trend_residual_xgboost,173.02045462681698
IA_BLACK_HAWK,2014,165.2,trend_residual_xgboost,175.2775930331304
IA_BOONE,2014,180.9,trend_residual_xgboost,176.73740684802718
IA_BREMER,2014,159.0,trend_residual_xgboost,181.514605318845
IA_BUCHANAN,2014,169.3,trend_residual_xgboost,177.8604595896962
IA_BUENA_VISTA,2014,172.1,trend_residual_xgboost,184.13810603802023
IA_BUTLER,2014,167.7,trend_residual_xgboost,180.7262623388689
IA_CALHOUN,2014,189.6,trend_residual_xgboost,170.0742564840632
IA_CARROLL,2014,188.6,trend_residual_xgboost,170.44419140763338
IA_CASS,2014,173.7,trend_residual_xgboost,178.1740977968489
IA_CEDAR,2014,184.1,trend_residual_xgboost,188.56009078392617
IA_CERRO_GORDO,2014,168.3,trend_residual_xgboost,162.20558130963815
IA_CHEROKEE,2014,183.6,trend_residual_xgboost,200.6011944571695
IA_CHICKASAW,2014,157.6,trend_residual_xgboost,173.0324690639318
IA_CLARKE,2014,162.2,trend_residual_xgboost,118.874108517825
IA_CLAY,2014,166.3,trend_residual_xgboost,190.59297694950314
IA_CLAYTON,2014,176.7,trend_residual_xgboost,187.76191469234436
IA_CLINTON,2014,197.0,trend_residual_xgboost,188.07585305643602
IA_CRAWFORD,2014,183.0,trend_residual_xgboost,185.091804264404
IA_DALLAS,2014,195.5,trend_residual_xgboost,169.42528573759313
IA_DAVIS,2014,184.2,trend_residual_xgboost,121.05580166827193
IA_DECATUR,2014,164.0,trend_residual_xgboost,124.65933723449707
IA_DELAWARE,2014,174.9,trend_residual_xgboost,180.08771262535683
IA_DES_MOINES,2014,199.0,trend_residual_xgboost,177.62258081540958
IA_DICKINSON,2014,157.9,trend_residual_xgboost,180.167907679212
IA_DUBUQUE,2014,184.9,trend_residual_xgboost,189.0996238268339
IA_EMMET,2014,165.0,trend_residual_xgboost,183.96230613582736
IA_FAYETTE,2014,170.9,trend_residual_xgboost,179.26747547296375
IA_FLOYD,2014,162.8,trend_residual_xgboost,169.56249879427293
IA_FRANKLIN,2014,165.8,trend_residual_xgboost,182.98439804538265
IA_FREMONT,2014,191.5,trend_residual_xgboost,180.66205581832716
IA_GREENE,2014,181.2,trend_residual_xgboost,169.7537231571072
IA_GRUNDY,2014,182.4,trend_residual_xgboost,193.85107708396498
IA_GUTHRIE,2014,176.1,trend_residual_xgboost,157.11217133553478
IA_HAMILTON,2014,173.1,trend_residual_xgboost,163.28496097522782
IA_HANCOCK,2014,173.9,trend_residual_xgboost,174.98639783479356
IA_HARDIN,2014,166.3,trend_residual_xgboost,183.297916167123
IA_HARRISON,2014,161.1,trend_residual_xgboost,182.58223479344295
IA_HENRY,2014,196.6,trend_residual_xgboost,161.68163596352383
IA_HOWARD,2014,164.4,trend_residual_xgboost,171.56976463925716
IA_HUMBOLDT,2014,176.9,trend_residual_xgboost,174.23249538023396
IA_IDA,2014,189.9,trend_residual_xgboost,201.1853465677618
IA_IOWA,2014,192.1,trend_residual_xgboost,176.43697743258636
IA_JACKSON,2014,188.9,trend_residual_xgboost,170.0762106560089
IA_JASPER,2014,191.5,trend_residual_xgboost,178.49285702548184
IA_JEFFERSON,2014,200.9,trend_residual_xgboost,144.72049976809996
IA_JOHNSON,2014,184.6,trend_residual_xgboost,176.680147774665
IA_JONES,2014,180.1,trend_residual_xgboost,175.10990401047928
IA_KEOKUK,2014,193.2,trend_residual_xgboost,155.49366720639745
IA_KOSSUTH,2014,176.6,trend_residual_xgboost,185.0668844532181
IA_LEE,2014,200.6,trend_residual_xgboost,151.38319001250215
IA_LINN,2014,176.1,trend_residual_xgboost,173.63218421097642
IA_LOUISA,2014,188.2,trend_residual_xgboost,177.75765587104544
IA_LUCAS,2014,153.7,trend_residual_xgboost,116.88384298806663
IA_LYON,2014,172.9,trend_residual_xgboost,200.59600121843945
IA_MADISON,2014,171.4,trend_residual_xgboost,150.48141863267503
IA_MAHASKA,2014,189.9,trend_residual_xgboost,172.5332124374725
IA_MARION,2014,171.6,trend_residual_xgboost,155.88636258932266
IA_MARSHALL,2014,190.5,trend_residual_xgboost,183.10198682743118
IA_MILLS,2014,184.9,trend_residual_xgboost,181.18376391064993
IA_MITCHELL,2014,175.1,trend_residual_xgboost,165.93753269006922
IA_MONONA,2014,156.6,trend_residual_xgboost,176.5161337213202
IA_MONROE,2014,175.7,trend_residual_xgboost,118.47534303979559
IA_MONTGOMERY,2014,163.1,trend_residual_xgboost,176.4075824297392
IA_MUSCATINE,2014,188.1,trend_residual_xgboost,174.62854187933954
IA_OSCEOLA,2014,175.4,trend_residual_xgboost,194.54409567956088
IA_PAGE,2014,182.4,trend_residual_xgboost,166.38881830487932
IA_PALO_ALTO,2014,164.6,trend_residual_xgboost,184.19096249538467
IA_PLYMOUTH,2014,187.3,trend_residual_xgboost,186.10599652384664
IA_POCAHONTAS,2014,174.8,trend_residual_xgboost,184.30266679826678
IA_POLK,2014,181.4,trend_residual_xgboost,165.31008793757516
IA_POTTAWATTAMIE,2014,169.1,trend_residual_xgboost,189.14253828237352
IA_POWESHIEK,2014,188.4,trend_residual_xgboost,179.79249826787594
IA_RINGGOLD,2014,166.4,trend_residual_xgboost,121.00802796122792
IA_SAC,2014,179.8,trend_residual_xgboost,178.51798615717627
IA_SCOTT,2014,194.5,trend_residual_xgboost,173.8303213203347
IA_SHELBY,2014,185.2,trend_residual_xgboost,194.50199119232514
IA_SIOUX,2014,187.4,trend_residual_xgboost,195.8121259815091
IA_STORY,2014,169.9,trend_residual_xgboost,169.10568946167666
IA_TAMA,2014,182.7,trend_residual_xgboost,179.74189816464437
IA_TAYLOR,2014,178.8,trend_residual_xgboost,143.85822068308735
IA_UNION,2014,176.1,trend_residual_xgboost,139.52447644537622
IA_VAN_BUREN,2014,192.2,trend_residual_xgboost,142.02329635620123
IA_WAPELLO,2014,195.2,trend_residual_xgboost,145.3223109402499
IA_WARREN,2014,169.9,trend_residual_xgboost,141.6837506074172
IA_WASHINGTON,2014,191.3,trend_residual_xgboost,169.45268875163998
IA_WAYNE,2014,171.9,trend_residual_xgboost,115.05729116921896
IA_WEBSTER,2014,190.0,trend_residual_xgboost,171.13356399850534
IA_WINNESHIEK,2014,174.0,trend_residual_xgboost,187.54194286786594
IA_WOODBURY,2014,177.5,trend_residual_xgboost,185.53408624837687
IA_WRIGHT,2014,169.4,trend_residual_xgboost,177.0192824861506
IL_ADAMS,2014,202.4,trend_residual_xgboost,147.01328314896472
IL_ALEXANDER,2014,192.8,trend_residual_xgboost,173.77056131073923
IL_BOND,2014,182.1,trend_residual_xgboost,142.44921677977166
IL_BOONE,2014,191.4,trend_residual_xgboost,196.38151826399366
IL_BROWN,2014,196.6,trend_residual_xgboost,152.0746540572617
IL_BUREAU,2014,196.0,trend_residual_xgboost,192.98055909125367
IL_CALHOUN,2014,198.2,trend_residual_xgboost,176.56034617581201
IL_CARROLL,2014,196.1,trend_residual_xgboost,201.34139000609682
IL_CASS,2014,208.3,trend_residual_xgboost,182.4650837447617
IL_CHAMPAIGN,2014,216.5,trend_residual_xgboost,187.54325230357415
IL_CHRISTIAN,2014,217.8,trend_residual_xgboost,195.1333799508902
IL_CLARK,2014,198.1,trend_residual_xgboost,145.39605639531052
IL_CLAY,2014,173.1,trend_residual_xgboost,171.10288891781002
IL_CLINTON,2014,192.7,trend_residual_xgboost,159.07956669566397
IL_COLES,2014,212.6,trend_residual_xgboost,175.98482498336625
IL_CRAWFORD,2014,184.7,trend_residual_xgboost,149.58555644527897
IL_CUMBERLAND,2014,196.1,trend_residual_xgboost,158.9890702886896
IL_DE_WITT,2014,221.0,trend_residual_xgboost,194.2320108141217
IL_DOUGLAS,2014,224.0,trend_residual_xgboost,183.59690771417306
IL_EDGAR,2014,201.5,trend_residual_xgboost,181.62472770607084
IL_EFFINGHAM,2014,196.4,trend_residual_xgboost,166.6494122851026
IL_FAYETTE,2014,180.3,trend_residual_xgboost,153.8717315254631
IL_FORD,2014,201.1,trend_residual_xgboost,161.7027950286865
IL_FRANKLIN,2014,160.3,trend_residual_xgboost,144.99976368160043
IL_FULTON,2014,198.2,trend_residual_xgboost,175.80490749484892
IL_GALLATIN,2014,187.6,trend_residual_xgboost,173.78791614993588
IL_GREENE,2014,198.8,trend_residual_xgboost,175.94690921070816
IL_GRUNDY,2014,205.1,trend_residual_xgboost,177.30605572291782
IL_HANCOCK,2014,218.5,trend_residual_xgboost,175.53874679397754
IL_HENDERSON,2014,207.9,trend_residual_xgboost,194.81285827133686
IL_HENRY,2014,194.2,trend_residual_xgboost,188.69873734987706
IL_IROQUOIS,2014,186.2,trend_residual_xgboost,173.51941071395038
IL_JACKSON,2014,169.2,trend_residual_xgboost,147.6230899852711
IL_JASPER,2014,185.4,trend_residual_xgboost,147.9901996738308
IL_JEFFERSON,2014,165.2,trend_residual_xgboost,162.74626151297906
IL_JERSEY,2014,199.9,trend_residual_xgboost,180.22013177976507
IL_JOHNSON,2014,142.3,trend_residual_xgboost,167.59161452464252
IL_JO_DAVIESS,2014,183.2,trend_residual_xgboost,173.49534588069704
IL_KANE,2014,185.6,trend_residual_xgboost,191.9822919782701
IL_KANKAKEE,2014,174.3,trend_residual_xgboost,172.2730697946234
IL_KNOX,2014,201.4,trend_residual_xgboost,203.15925297579923
IL_LAKE,2014,151.2,trend_residual_xgboost,158.33544036098792
IL_LAWRENCE,2014,177.4,trend_residual_xgboost,182.17971459679947
IL_LEE,2014,181.6,trend_residual_xgboost,183.59401923378746
IL_LIVINGSTON,2014,211.6,trend_residual_xgboost,178.76989070347378
IL_LOGAN,2014,230.8,trend_residual_xgboost,188.37355349614072
IL_MACON,2014,236.0,trend_residual_xgboost,187.97084818410352
IL_MACOUPIN,2014,199.5,trend_residual_xgboost,162.26125487023663
IL_MADISON,2014,191.6,trend_residual_xgboost,158.97290926084418
IL_MARION,2014,183.8,trend_residual_xgboost,150.00736437367863
IL_MARSHALL,2014,207.3,trend_residual_xgboost,190.54573731894024
IL_MASON,2014,195.7,trend_residual_xgboost,171.60756725688557
IL_MASSAC,2014,163.2,trend_residual_xgboost,186.3327224851877
IL_MCDONOUGH,2014,211.6,trend_residual_xgboost,191.93065253876074
IL_MCHENRY,2014,184.3,trend_residual_xgboost,173.2894793772435
IL_MCLEAN,2014,218.3,trend_residual_xgboost,190.84331906077628
IL_MENARD,2014,222.7,trend_residual_xgboost,174.25307133433574
IL_MERCER,2014,193.5,trend_residual_xgboost,193.4862043904734
IL_MONROE,2014,181.4,trend_residual_xgboost,155.02106058728566
IL_MONTGOMERY,2014,205.1,trend_residual_xgboost,169.0086931459197
IL_MORGAN,2014,223.3,trend_residual_xgboost,182.00022880218847
IL_MOULTRIE,2014,223.3,trend_residual_xgboost,185.87426275316182
IL_OGLE,2014,193.4,trend_residual_xgboost,192.9899701401428
IL_PEORIA,2014,208.1,trend_residual_xgboost,197.65285616025818
IL_PERRY,2014,146.1,trend_residual_xgboost,133.80298858894093
IL_PIATT,2014,235.2,trend_residual_xgboost,190.80495013561878
IL_PIKE,2014,199.5,trend_residual_xgboost,160.0869678120037
IL_POPE,2014,160.1,trend_residual_xgboost,107.98482735446316
IL_PULASKI,2014,177.7,trend_residual_xgboost,167.91652131971424
IL_PUTNAM,2014,194.8,trend_residual_xgboost,204.46135866124507
IL_RANDOLPH,2014,181.4,trend_residual_xgboost,135.05750684214158
IL_RICHLAND,2014,181.1,trend_residual_xgboost,143.21307514316436
IL_ROCK_ISLAND,2014,185.8,trend_residual_xgboost,200.48851323703553
IL_SALINE,2014,176.7,trend_residual_xgboost,163.69441781096407
IL_SANGAMON,2014,226.8,trend_residual_xgboost,195.19984020610437
IL_SCHUYLER,2014,204.1,trend_residual_xgboost,156.54290815080915
IL_SCOTT,2014,201.7,trend_residual_xgboost,172.09006707327708
IL_SHELBY,2014,206.4,trend_residual_xgboost,176.08529458936758
IL_STARK,2014,207.1,trend_residual_xgboost,197.29529039571574
IL_STEPHENSON,2014,192.6,trend_residual_xgboost,181.4012161611201
IL_TAZEWELL,2014,224.4,trend_residual_xgboost,194.92540199782826
IL_UNION,2014,185.9,trend_residual_xgboost,149.77873115539552
IL_VERMILION,2014,204.0,trend_residual_xgboost,182.30108959910638
IL_WABASH,2014,180.0,trend_residual_xgboost,164.80882254799644
IL_WARREN,2014,216.1,trend_residual_xgboost,207.2228841718737
IL_WASHINGTON,2014,184.3,trend_residual_xgboost,148.72851713411103
IL_WAYNE,2014,184.8,trend_residual_xgboost,150.64480722029128
IL_WHITE,2014,196.4,trend_residual_xgboost,180.24376043382583
IL_WHITESIDE,2014,184.6,trend_residual_xgboost,186.47763125451058
IL_WILL,2014,178.6,trend_residual_xgboost,172.73048127562134
IL_WILLIAMSON,2014,161.6,trend_residual_xgboost,158.36137877244215
IL_WINNEBAGO,2014,190.4,trend_residual_xgboost,175.84733960916705
IL_WOODFORD,2014,217.5,trend_residual_xgboost,194.94761943607546
IN_ADAMS,2014,183.3,trend_residual_xgboost,165.91618246979772
IN_ALLEN,2014,185.8,trend_residual_xgboost,166.3616094253876
IN_BARTHOLOMEW,2014,200.3,trend_residual_xgboost,157.30319538745255
IN_BENTON,2014,202.4,trend_residual_xgboost,184.85889236534038
IN_BLACKFORD,2014,157.1,trend_residual_xgboost,169.4471284069858
IN_BOONE,2014,200.6,trend_residual_xgboost,175.26016314579897
IN_CARROLL,2014,205.3,trend_residual_xgboost,188.63764251876665
IN_CASS,2014,195.9,trend_residual_xgboost,173.57837039821754
IN_CLARK,2014,173.3,trend_residual_xgboost,155.7955148130983
IN_CLAY,2014,200.3,trend_residual_xgboost,152.64518478728914
IN_CLINTON,2014,214.1,trend_residual_xgboost,195.961881847172
IN_DAVIESS,2014,210.2,trend_residual_xgboost,176.00760633028477
IN_DEARBORN,2014,165.9,trend_residual_xgboost,146.58666428366865
IN_DECATUR,2014,205.8,trend_residual_xgboost,162.7312441773467
IN_DELAWARE,2014,174.0,trend_residual_xgboost,159.12408783252425
IN_DUBOIS,2014,190.4,trend_residual_xgboost,176.98638602455895
IN_ELKHART,2014,182.0,trend_residual_xgboost,160.35621869109326
IN_FAYETTE,2014,187.4,trend_residual_xgboost,153.97584196027822
IN_FLOYD,2014,152.1,trend_residual_xgboost,70.04823483058382
IN_FOUNTAIN,2014,204.8,trend_residual_xgboost,185.21563649439554
IN_FRANKLIN,2014,194.1,trend_residual_xgboost,163.61297619578602
IN_FULTON,2014,177.9,trend_residual_xgboost,179.30055470099816
IN_GIBSON,2014,195.3,trend_residual_xgboost,175.58645780530532
IN_GRANT,2014,185.0,trend_residual_xgboost,188.44840463329203
IN_GREENE,2014,186.0,trend_residual_xgboost,160.3001406262804
IN_HAMILTON,2014,197.3,trend_residual_xgboost,173.83242143484262
IN_HANCOCK,2014,188.6,trend_residual_xgboost,166.17431082253933
IN_HARRISON,2014,178.0,trend_residual_xgboost,150.46505767067714
IN_HENDRICKS,2014,198.5,trend_residual_xgboost,158.41664125211952
IN_HENRY,2014,192.9,trend_residual_xgboost,155.4078078720595
IN_HOWARD,2014,200.6,trend_residual_xgboost,189.25926184601832
IN_HUNTINGTON,2014,185.4,trend_residual_xgboost,173.34997739896673
IN_JACKSON,2014,171.5,trend_residual_xgboost,146.89143403021842
IN_JASPER,2014,174.2,trend_residual_xgboost,183.318995991382
IN_JAY,2014,169.1,trend_residual_xgboost,150.78310488396943
IN_JEFFERSON,2014,188.0,trend_residual_xgboost,132.53092106981182
IN_JENNINGS,2014,186.6,trend_residual_xgboost,150.7301889733954
IN_JOHNSON,2014,186.9,trend_residual_xgboost,147.15564707242527
IN_KNOX,2014,194.2,trend_residual_xgboost,173.73169778639814
IN_KOSCIUSKO,2014,173.5,trend_residual_xgboost,165.16567649422115
IN_LAGRANGE,2014,151.2,trend_residual_xgboost,142.4982641618331
IN_LAKE,2014,167.4,trend_residual_xgboost,176.18089485378056
IN_LAWRENCE,2014,190.4,trend_residual_xgboost,142.9276785546606
IN_MADISON,2014,196.4,trend_residual_xgboost,175.83020146967291
IN_MARION,2014,178.5,trend_residual_xgboost,168.17934029319073
IN_MARSHALL,2014,183.3,trend_residual_xgboost,164.75255157764147
IN_MARTIN,2014,188.5,trend_residual_xgboost,148.753678873083
IN_MIAMI,2014,176.5,trend_residual_xgboost,171.6451879689982
IN_MONROE,2014,180.6,trend_residual_xgboost,149.5907155131246
IN_MONTGOMERY,2014,205.3,trend_residual_xgboost,186.98386609423298
IN_MORGAN,2014,197.0,trend_residual_xgboost,146.57991829756853
IN_NEWTON,2014,185.1,trend_residual_xgboost,184.0532693569477
IN_NOBLE,2014,168.8,trend_residual_xgboost,151.20089342305948
IN_ORANGE,2014,196.9,trend_residual_xgboost,159.41907319288987
IN_PERRY,2014,172.5,trend_residual_xgboost,183.21950766201059
IN_PIKE,2014,170.7,trend_residual_xgboost,167.4449503468503
IN_PORTER,2014,177.1,trend_residual_xgboost,184.31692760383692
IN_POSEY,2014,197.3,trend_residual_xgboost,180.29611238332896
IN_PULASKI,2014,155.7,trend_residual_xgboost,169.0011250820789
IN_PUTNAM,2014,198.6,trend_residual_xgboost,163.28584211160847
IN_RANDOLPH,2014,179.6,trend_residual_xgboost,156.23181733561086
IN_RIPLEY,2014,178.3,trend_residual_xgboost,157.19150842100711
IN_RUSH,2014,197.3,trend_residual_xgboost,165.25812945523106
IN_SCOTT,2014,190.7,trend_residual_xgboost,159.3177879417336
IN_SHELBY,2014,187.9,trend_residual_xgboost,149.97793162419245
IN_SPENCER,2014,174.0,trend_residual_xgboost,174.68083203493896
IN_ST._JOSEPH,2014,160.8,trend_residual_xgboost,165.32532945989252
IN_STARKE,2014,156.3,trend_residual_xgboost,151.89408429114374
IN_STEUBEN,2014,160.5,trend_residual_xgboost,125.83504200191283
IN_SULLIVAN,2014,196.0,trend_residual_xgboost,190.6475089066512
IN_TIPPECANOE,2014,206.6,trend_residual_xgboost,184.31187655689953
IN_TIPTON,2014,214.9,trend_residual_xgboost,195.79232487940527
IN_UNION,2014,200.0,trend_residual_xgboost,182.33689384041256
IN_VANDERBURGH,2014,188.0,trend_residual_xgboost,170.39939718141662
IN_VERMILLION,2014,213.6,trend_residual_xgboost,176.0110584510552
IN_WABASH,2014,181.0,trend_residual_xgboost,173.42599785689893
IN_WARREN,2014,209.5,trend_residual_xgboost,187.07687953068663
IN_WARRICK,2014,175.4,trend_residual_xgboost,168.65905495947533
IN_WASHINGTON,2014,180.0,trend_residual_xgboost,146.7264209495796
IN_WAYNE,2014,185.2,trend_residual_xgboost,153.62536720024363
IN_WELLS,2014,189.9,trend_residual_xgboost,164.86426311325235
IN_WHITE,2014,194.2,trend_residual_xgboost,181.88455093090354
IN_WHITLEY,2014,183.1,trend_residual_xgboost,153.90382983867943
MI_ARENAC,2014,155.4,trend_residual_xgboost,163.8487818455958
MI_BARRY,2014,151.6,trend_residual_xgboost,159.94713702359047
MI_BAY,2014,164.4,trend_residual_xgboost,175.97339237129304
MI_BERRIEN,2014,176.4,trend_residual_xgboost,166.35989167768878
MI_BRANCH,2014,167.2,trend_residual_xgboost,151.24837154136912
MI_CALHOUN,2014,158.6,trend_residual_xgboost,144.65781640168072
MI_CASS,2014,172.0,trend_residual_xgboost,175.312624832824
MI_CLINTON,2014,163.4,trend_residual_xgboost,161.99196094261424
MI_EATON,2014,176.5,trend_residual_xgboost,161.99789424309364
MI_GENESEE,2014,142.5,trend_residual_xgboost,154.63950209670014
MI_GRATIOT,2014,153.5,trend_residual_xgboost,171.0099432934772
MI_HILLSDALE,2014,155.0,trend_residual_xgboost,155.06140834787394
MI_HURON,2014,172.3,trend_residual_xgboost,187.56111494001453
MI_INGHAM,2014,175.9,trend_residual_xgboost,161.74634740012038
MI_IONIA,2014,161.4,trend_residual_xgboost,170.66018964327296
MI_JACKSON,2014,155.6,trend_residual_xgboost,139.6931765629695
MI_KALAMAZOO,2014,188.7,trend_residual_xgboost,173.48724792187036
MI_KENT,2014,146.8,trend_residual_xgboost,159.31076320815868
MI_LAPEER,2014,149.1,trend_residual_xgboost,157.89160838860732
MI_LENAWEE,2014,174.7,trend_residual_xgboost,161.0764024577298
MI_LIVINGSTON,2014,171.4,trend_residual_xgboost,154.67423269774892
MI_MACOMB,2014,160.2,trend_residual_xgboost,172.33597476560993
MI_MIDLAND,2014,168.9,trend_residual_xgboost,174.2054128059974
MI_MONROE,2014,175.4,trend_residual_xgboost,157.90206445547253
MI_MONTCALM,2014,149.3,trend_residual_xgboost,155.732708129254
MI_MUSKEGON,2014,132.7,trend_residual_xgboost,145.6993674434999
MI_NEWAYGO,2014,119.4,trend_residual_xgboost,135.43718056678776
MI_OAKLAND,2014,139.3,trend_residual_xgboost,151.38747071980237
MI_OCEANA,2014,123.3,trend_residual_xgboost,139.33492336367001
MI_OTTAWA,2014,152.3,trend_residual_xgboost,150.64192691740098
MI_SAGINAW,2014,171.6,trend_residual_xgboost,168.96514260218692
MI_SANILAC,2014,171.3,trend_residual_xgboost,180.87652493151992
MI_SHIAWASSEE,2014,156.4,trend_residual_xgboost,163.50918613685363
MI_TUSCOLA,2014,178.5,trend_residual_xgboost,175.93067528127318
MI_WASHTENAW,2014,172.2,trend_residual_xgboost,140.6616684798356
MI_WAYNE,2014,150.0,trend_residual_xgboost,131.6410717005706
MN_BLUE_EARTH,2014,158.2,trend_residual_xgboost,180.81132634026667
MN_BROWN,2014,168.2,trend_residual_xgboost,177.68250052902727
MN_CHIPPEWA,2014,164.4,trend_residual_xgboost,175.7702898829848
MN_FILLMORE,2014,176.1,trend_residual_xgboost,186.38415410731523
MN_GOODHUE,2014,182.0,trend_residual_xgboost,187.44765597018565
MN_HOUSTON,2014,169.4,trend_residual_xgboost,184.71373824758845
MN_MARTIN,2014,168.4,trend_residual_xgboost,189.2592865074074
MN_MURRAY,2014,158.7,trend_residual_xgboost,180.43472640226182
MN_NICOLLET,2014,154.3,trend_residual_xgboost,172.34927111091193
MN_NOBLES,2014,157.2,trend_residual_xgboost,183.6864362654778
MN_PIPESTONE,2014,145.8,trend_residual_xgboost,167.071520394005
MN_REDWOOD,2014,165.8,trend_residual_xgboost,176.0258481090213
MN_RENVILLE,2014,150.9,trend_residual_xgboost,174.6976182665144
MN_ROCK,2014,155.0,trend_residual_xgboost,191.08786503194452
MN_WABASHA,2014,178.3,trend_residual_xgboost,185.4523931267498
MN_WINONA,2014,175.6,trend_residual_xgboost,188.86716465897615
MN_YELLOW_MEDICINE,2014,153.6,trend_residual_xgboost,168.74828151294162
MO_ADAIR,2014,179.5,trend_residual_xgboost,118.21018124255505
MO_ANDREW,2014,171.9,trend_residual_xgboost,138.19925202346138
MO_ATCHISON,2014,192.2,trend_residual_xgboost,182.87232971610604
MO_AUDRAIN,2014,185.5,trend_residual_xgboost,123.72239789019577
MO_BARTON,2014,178.9,trend_residual_xgboost,108.36422770573535
MO_BOONE,2014,187.8,trend_residual_xgboost,124.07147178649902
MO_BUTLER,2014,174.2,trend_residual_xgboost,172.10030028374632
MO_CALDWELL,2014,184.7,trend_residual_xgboost,118.48089364020377
MO_CALLAWAY,2014,183.9,trend_residual_xgboost,138.26092893998702
MO_CAPE_GIRARDEAU,2014,157.6,trend_residual_xgboost,156.60842100290154
MO_CASS,2014,179.1,trend_residual_xgboost,121.42094892564714
MO_CHARITON,2014,187.8,trend_residual_xgboost,134.34418045295465
MO_CLAY,2014,182.8,trend_residual_xgboost,158.23414906512255
MO_CLINTON,2014,183.6,trend_residual_xgboost,150.64856390900667
MO_COLE,2014,178.3,trend_residual_xgboost,155.51071670448388
MO_DADE,2014,167.3,trend_residual_xgboost,102.99673945248782
MO_DAVIESS,2014,176.9,trend_residual_xgboost,153.75999873679274
MO_FRANKLIN,2014,173.0,trend_residual_xgboost,148.9846888322097
MO_GASCONADE,2014,159.7,trend_residual_xgboost,132.70679845285943
MO_HENRY,2014,162.1,trend_residual_xgboost,98.54722373459366
MO_HOLT,2014,201.0,trend_residual_xgboost,187.0873712728312
MO_JEFFERSON,2014,126.8,trend_residual_xgboost,147.36187899243703
MO_JOHNSON,2014,185.9,trend_residual_xgboost,137.81824396154383
MO_KNOX,2014,194.5,trend_residual_xgboost,115.33862593324042
MO_LAFAYETTE,2014,209.7,trend_residual_xgboost,170.97330176804095
MO_LAWRENCE,2014,144.6,trend_residual_xgboost,110.65152340234877
MO_LEWIS,2014,183.0,trend_residual_xgboost,114.76750399830577
MO_MARION,2014,181.4,trend_residual_xgboost,127.4508702162857
MO_MISSISSIPPI,2014,196.4,trend_residual_xgboost,191.78586598909823
MO_MONROE,2014,187.2,trend_residual_xgboost,114.47845286275003
MO_MORGAN,2014,147.3,trend_residual_xgboost,117.19226596119641
MO_NEW_MADRID,2014,197.6,trend_residual_xgboost,194.6015212761177
MO_NODAWAY,2014,194.3,trend_residual_xgboost,143.49071075523295
MO_PEMISCOT,2014,179.2,trend_residual_xgboost,186.42394098211946
MO_PERRY,2014,169.8,trend_residual_xgboost,149.3831735799601
MO_PETTIS,2014,187.5,trend_residual_xgboost,127.61909772851968
MO_PIKE,2014,192.9,trend_residual_xgboost,138.94493552826268
MO_RANDOLPH,2014,171.9,trend_residual_xgboost,125.36096970979716
MO_RAY,2014,191.3,trend_residual_xgboost,155.30143627124835
MO_SALINE,2014,207.2,trend_residual_xgboost,169.47392956660346
MO_SCOTLAND,2014,179.6,trend_residual_xgboost,117.59663899406704
MO_SHELBY,2014,184.0,trend_residual_xgboost,113.79430396530653
MO_STODDARD,2014,190.2,trend_residual_xgboost,183.05983655321734
MO_SULLIVAN,2014,162.7,trend_residual_xgboost,109.68769508194138
MO_WARREN,2014,187.6,trend_residual_xgboost,139.453838629251
MO_WORTH,2014,190.4,trend_residual_xgboost,120.22656403845484
OH_ADAMS,2014,143.3,trend_residual_xgboost,148.70949335622265
OH_ALLEN,2014,179.1,trend_residual_xgboost,165.95159832461852
OH_ASHLAND,2014,149.7,trend_residual_xgboost,165.39494308639362
OH_ASHTABULA,2014,150.0,trend_residual_xgboost,154.33927949444276
OH_AUGLAIZE,2014,178.2,trend_residual_xgboost,163.19967383709582
OH_BELMONT,2014,130.0,trend_residual_xgboost,124.34780458851424
OH_BROWN,2014,171.7,trend_residual_xgboost,173.11136734931026
OH_BUTLER,2014,175.4,trend_residual_xgboost,152.1003804175409
OH_CHAMPAIGN,2014,180.9,trend_residual_xgboost,178.39877538576232
OH_CLARK,2014,195.0,trend_residual_xgboost,185.17673026493623
OH_CLERMONT,2014,180.0,trend_residual_xgboost,171.42331146827104
OH_CLINTON,2014,199.4,trend_residual_xgboost,187.76861066294242
OH_COLUMBIANA,2014,163.0,trend_residual_xgboost,173.10621588989932
OH_COSHOCTON,2014,165.8,trend_residual_xgboost,163.8221642693321
OH_CRAWFORD,2014,183.5,trend_residual_xgboost,180.27043155209049
OH_DARKE,2014,183.8,trend_residual_xgboost,156.95776222773964
OH_DEFIANCE,2014,184.5,trend_residual_xgboost,142.9192892766261
OH_DELAWARE,2014,154.4,trend_residual_xgboost,178.84324485233853
OH_ERIE,2014,159.3,trend_residual_xgboost,181.1438961008093
OH_FAIRFIELD,2014,177.9,trend_residual_xgboost,173.08553977169836
OH_FAYETTE,2014,185.5,trend_residual_xgboost,179.33541387174222
OH_FRANKLIN,2014,173.2,trend_residual_xgboost,192.68002656929093
OH_FULTON,2014,183.2,trend_residual_xgboost,174.09337059062923
OH_GREENE,2014,191.5,trend_residual_xgboost,194.0844573471573
OH_GUERNSEY,2014,166.3,trend_residual_xgboost,150.904511588625
OH_HAMILTON,2014,197.9,trend_residual_xgboost,156.2153741815587
OH_HANCOCK,2014,193.2,trend_residual_xgboost,176.57580548380759
OH_HARDIN,2014,167.8,trend_residual_xgboost,176.06662036769998
OH_HARRISON,2014,151.9,trend_residual_xgboost,149.5908358454913
OH_HENRY,2014,190.9,trend_residual_xgboost,165.8664373083429
OH_HIGHLAND,2014,178.5,trend_residual_xgboost,174.54493789253658
OH_HOCKING,2014,170.0,trend_residual_xgboost,160.25111535766814
OH_HOLMES,2014,158.0,trend_residual_xgboost,170.40502436292041
OH_HURON,2014,154.9,trend_residual_xgboost,178.5919507655469
OH_KNOX,2014,156.3,trend_residual_xgboost,169.56581986815067
OH_LICKING,2014,153.5,trend_residual_xgboost,170.4733616105803
OH_LOGAN,2014,165.2,trend_residual_xgboost,176.34238910255857
OH_LORAIN,2014,159.9,trend_residual_xgboost,164.57013794616034
OH_LUCAS,2014,179.7,trend_residual_xgboost,174.40929952663382
OH_MADISON,2014,170.6,trend_residual_xgboost,188.5499371392386
OH_MAHONING,2014,149.7,trend_residual_xgboost,168.6509008638151
OH_MARION,2014,171.7,trend_residual_xgboost,177.5827174155267
OH_MEDINA,2014,157.0,trend_residual_xgboost,162.84227812840388
OH_MERCER,2014,193.8,trend_residual_xgboost,162.08532755715515
OH_MIAMI,2014,179.4,trend_residual_xgboost,171.39190292987197
OH_MONTGOMERY,2014,187.1,trend_residual_xgboost,151.42266104771542
OH_MORGAN,2014,156.1,trend_residual_xgboost,150.55322410248144
OH_MORROW,2014,153.9,trend_residual_xgboost,170.41843727656777
OH_MUSKINGUM,2014,155.2,trend_residual_xgboost,175.82599803589207
OH_NOBLE,2014,156.3,trend_residual_xgboost,142.68604476092617
OH_OTTAWA,2014,160.3,trend_residual_xgboost,176.0294332284194
OH_PAULDING,2014,191.7,trend_residual_xgboost,153.05336558583022
OH_PERRY,2014,154.9,trend_residual_xgboost,169.67048042213526
OH_PICKAWAY,2014,179.5,trend_residual_xgboost,168.74829499800126
OH_PIKE,2014,166.2,trend_residual_xgboost,188.78684490758334
OH_PORTAGE,2014,152.3,trend_residual_xgboost,154.79717222007724
OH_PREBLE,2014,186.1,trend_residual_xgboost,154.22634219704096
OH_PUTNAM,2014,196.2,trend_residual_xgboost,170.1899590523689
OH_RICHLAND,2014,167.9,trend_residual_xgboost,164.36653218321752
OH_ROSS,2014,173.6,trend_residual_xgboost,183.80988816650432
OH_SANDUSKY,2014,183.9,trend_residual_xgboost,175.91299343947543
OH_SENECA,2014,168.4,trend_residual_xgboost,166.74768028468878
OH_SHELBY,2014,173.8,trend_residual_xgboost,171.73185376387377
OH_TRUMBULL,2014,159.0,trend_residual_xgboost,173.9159524875683
OH_TUSCARAWAS,2014,154.4,trend_residual_xgboost,168.61864529284807
OH_UNION,2014,163.8,trend_residual_xgboost,179.00292528173432
OH_VAN_WERT,2014,192.2,trend_residual_xgboost,163.01179716718067
OH_WARREN,2014,184.4,trend_residual_xgboost,177.4085984324361
OH_WAYNE,2014,164.1,trend_residual_xgboost,167.71107299092057
OH_WILLIAMS,2014,171.9,trend_residual_xgboost,156.1939686471289
OH_WOOD,2014,182.2,trend_residual_xgboost,177.11905501648624
OH_WYANDOT,2014,170.9,trend_residual_xgboost,176.0223752514347
WI_ADAMS,2014,130.3,trend_residual_xgboost,137.85514324549794
WI_BUFFALO,2014,148.3,trend_residual_xgboost,154.2924635596328
WI_COLUMBIA,2014,166.2,trend_residual_xgboost,157.38424960230734
WI_CRAWFORD,2014,154.0,trend_residual_xgboost,156.8538582990458
WI_DANE,2014,180.7,trend_residual_xgboost,167.74557997210997
WI_DODGE,2014,166.0,trend_residual_xgboost,161.62535046430742
WI_DUNN,2014,140.8,trend_residual_xgboost,137.31244816518094
WI_EAU_CLAIRE,2014,149.2,trend_residual_xgboost,140.0983114082735
WI_FOND_DU_LAC,2014,164.8,trend_residual_xgboost,157.48318569162393
WI_GRANT,2014,176.3,trend_residual_xgboost,171.55659173504336
WI_GREEN,2014,177.4,trend_residual_xgboost,160.56484178605973
WI_GREEN_LAKE,2014,169.7,trend_residual_xgboost,137.8827800635453
WI_IOWA,2014,186.7,trend_residual_xgboost,168.38309514496356
WI_JACKSON,2014,149.5,trend_residual_xgboost,141.17457700050792
WI_JEFFERSON,2014,163.4,trend_residual_xgboost,162.4909208360609
WI_JUNEAU,2014,147.9,trend_residual_xgboost,129.98468723663916
WI_KENOSHA,2014,174.9,trend_residual_xgboost,166.8288802005433
WI_LAFAYETTE,2014,182.4,trend_residual_xgboost,161.5454909796244
WI_LA_CROSSE,2014,167.1,trend_residual_xgboost,164.64290139229743
WI_MARINETTE,2014,112.4,trend_residual_xgboost,129.97344175092465
WI_MARQUETTE,2014,143.2,trend_residual_xgboost,108.32565343144176
WI_MILWAUKEE,2014,126.4,trend_residual_xgboost,128.58942575207945
WI_MONROE,2014,147.2,trend_residual_xgboost,138.59981190752202
WI_OCONTO,2014,116.2,trend_residual_xgboost,146.3628500595198
WI_OUTAGAMIE,2014,133.7,trend_residual_xgboost,146.7884898395329
WI_OZAUKEE,2014,143.3,trend_residual_xgboost,155.63257298497268
WI_PEPIN,2014,147.7,trend_residual_xgboost,150.95769787804107
WI_PORTAGE,2014,153.7,trend_residual_xgboost,138.9756962529906
WI_RACINE,2014,172.7,trend_residual_xgboost,161.01982217151877
WI_RICHLAND,2014,155.1,trend_residual_xgboost,148.81791000471011
WI_ROCK,2014,184.1,trend_residual_xgboost,168.24538622426468
WI_SAUK,2014,154.5,trend_residual_xgboost,150.6904889683147
WI_SHEBOYGAN,2014,142.6,trend_residual_xgboost,145.20028405870713
WI_TREMPEALEAU,2014,158.3,trend_residual_xgboost,142.17920302047833
WI_VERNON,2014,159.2,trend_residual_xgboost,155.87898329116487
WI_WALWORTH,2014,187.4,trend_residual_xgboost,165.97822668054604
WI_WASHINGTON,2014,150.6,trend_residual_xgboost,139.5561854577327
WI_WAUKESHA,2014,169.9,trend_residual_xgboost,147.02396614682544
WI_WAUSHARA,2014,182.8,trend_residual_xgboost,143.44315613966728
WI_WINNEBAGO,2014,145.8,trend_residual_xgboost,138.28193366291762
IA_ADAIR,2015,176.5,trend_residual_xgboost,157.0039499696095
IA_ADAMS,2015,169.6,trend_residual_xgboost,161.70618652525403
IA_ALLAMAKEE,2015,175.4,trend_residual_xgboost,180.83862983885263
IA_APPANOOSE,2015,154.3,trend_residual_xgboost,121.41735625675744
IA_AUDUBON,2015,189.8,trend_residual_xgboost,178.70752679734
IA_BENTON,2015,187.5,trend_residual_xgboost,174.26849612463081
IA_BLACK_HAWK,2015,192.9,trend_residual_xgboost,171.74531187693276
IA_BOONE,2015,192.3,trend_residual_xgboost,175.97054177511302
IA_BREMER,2015,203.1,trend_residual_xgboost,177.3171469425019
IA_BUCHANAN,2015,191.6,trend_residual_xgboost,175.0081778626215
IA_BUENA_VISTA,2015,202.7,trend_residual_xgboost,184.03678925922938
IA_BUTLER,2015,193.3,trend_residual_xgboost,178.48984820138847
IA_CALHOUN,2015,194.7,trend_residual_xgboost,175.77767878577825
IA_CARROLL,2015,195.4,trend_residual_xgboost,176.12785709653576
IA_CASS,2015,193.7,trend_residual_xgboost,178.73053564616612
IA_CEDAR,2015,188.8,trend_residual_xgboost,186.41028484253658
IA_CERRO_GORDO,2015,196.9,trend_residual_xgboost,168.939706367311
IA_CHEROKEE,2015,209.6,trend_residual_xgboost,202.0712719799223
IA_CHICKASAW,2015,202.8,trend_residual_xgboost,174.32891735803514
IA_CLARKE,2015,152.4,trend_residual_xgboost,124.24907358986991
IA_CLAY,2015,202.8,trend_residual_xgboost,188.27787211645213
IA_CLAYTON,2015,193.2,trend_residual_xgboost,185.1638091023763
IA_CLINTON,2015,188.2,trend_residual_xgboost,191.34536605653307
IA_CRAWFORD,2015,199.1,trend_residual_xgboost,188.02137357893446
IA_DALLAS,2015,182.4,trend_residual_xgboost,176.29203259785962
IA_DAVIS,2015,142.4,trend_residual_xgboost,137.39085925874252
IA_DECATUR,2015,162.7,trend_residual_xgboost,126.45939457484654
IA_DELAWARE,2015,195.8,trend_residual_xgboost,179.4526823897588
IA_DES_MOINES,2015,176.0,trend_residual_xgboost,189.0667685735793
IA_DICKINSON,2015,194.5,trend_residual_xgboost,177.2398115108127
IA_DUBUQUE,2015,197.0,trend_residual_xgboost,189.34636820293605
IA_EMMET,2015,203.3,trend_residual_xgboost,184.12320325760615
IA_FAYETTE,2015,191.8,trend_residual_xgboost,180.94973261878602
IA_FLOYD,2015,196.5,trend_residual_xgboost,172.79714844022476
IA_FRANKLIN,2015,200.2,trend_residual_xgboost,179.31314022336682
IA_FREMONT,2015,179.9,trend_residual_xgboost,176.40869740894865
IA_GREENE,2015,189.0,trend_residual_xgboost,172.51895442508516
IA_GRUNDY,2015,199.9,trend_residual_xgboost,189.41655333201086
IA_GUTHRIE,2015,179.2,trend_residual_xgboost,160.63662315959016
IA_HAMILTON,2015,198.1,trend_residual_xgboost,163.6663358306884
IA_HANCOCK,2015,201.2,trend_residual_xgboost,178.92149826731
IA_HARDIN,2015,199.3,trend_residual_xgboost,177.12226761772516
IA_HARRISON,2015,189.5,trend_residual_xgboost,179.89119032905214
IA_HENRY,2015,178.4,trend_residual_xgboost,178.51261086236863
IA_HOWARD,2015,202.1,trend_residual_xgboost,177.7985718554542
IA_HUMBOLDT,2015,194.8,trend_residual_xgboost,176.52785903839833
IA_IDA,2015,203.1,trend_residual_xgboost,202.47028691155572
IA_IOWA,2015,199.3,trend_residual_xgboost,178.4716824885777
IA_JACKSON,2015,190.6,trend_residual_xgboost,174.50651588439933
IA_JASPER,2015,198.9,trend_residual_xgboost,178.88495548520763
IA_JEFFERSON,2015,168.2,trend_residual_xgboost,164.9793005371094
IA_JOHNSON,2015,187.1,trend_residual_xgboost,176.77529000691004
IA_JONES,2015,186.6,trend_residual_xgboost,177.94203274681448
IA_KEOKUK,2015,181.0,trend_residual_xgboost,164.86945332118444
IA_KOSSUTH,2015,199.0,trend_residual_xgboost,188.0847662807646
IA_LEE,2015,145.1,trend_residual_xgboost,169.05683131989977
IA_LINN,2015,189.2,trend_residual_xgboost,175.8309760466076
IA_LOUISA,2015,181.7,trend_residual_xgboost,190.47423682076587
IA_LUCAS,2015,154.8,trend_residual_xgboost,119.68285031636555
IA_LYON,2015,196.0,trend_residual_xgboost,192.89202279908312
IA_MADISON,2015,169.6,trend_residual_xgboost,152.80210539499913
IA_MAHASKA,2015,190.3,trend_residual_xgboost,174.59968573706487
IA_MARION,2015,178.1,trend_residual_xgboost,154.57967258816672
IA_MARSHALL,2015,194.9,trend_residual_xgboost,184.1387643105643
IA_MITCHELL,2015,202.1,trend_residual_xgboost,179.82662390481855
IA_MONONA,2015,169.0,trend_residual_xgboost,175.00760728381925
IA_MONTGOMERY,2015,185.2,trend_residual_xgboost,169.97147302536737
IA_MUSCATINE,2015,177.7,trend_residual_xgboost,187.14799779982792
IA_OSCEOLA,2015,204.7,trend_residual_xgboost,193.14325814996448
IA_PAGE,2015,165.8,trend_residual_xgboost,165.4670527712504
IA_PALO_ALTO,2015,197.5,trend_residual_xgboost,182.87825249626522
IA_PLYMOUTH,2015,203.6,trend_residual_xgboost,189.48214562098184
IA_POCAHONTAS,2015,205.5,trend_residual_xgboost,185.98667614073975
IA_POLK,2015,187.0,trend_residual_xgboost,166.5611512829008
IA_POTTAWATTAMIE,2015,204.0,trend_residual_xgboost,185.17114433742697
IA_POWESHIEK,2015,197.8,trend_residual_xgboost,178.94334220522924
IA_RINGGOLD,2015,147.8,trend_residual_xgboost,126.39834265845164
IA_SAC,2015,204.8,trend_residual_xgboost,180.79537722723816
IA_SCOTT,2015,195.9,trend_residual_xgboost,184.8670117296491
IA_SHELBY,2015,195.3,trend_residual_xgboost,195.74203480584274
IA_SIOUX,2015,201.9,trend_residual_xgboost,194.1458923866635
IA_STORY,2015,188.0,trend_residual_xgboost,165.6548232950483
IA_TAMA,2015,189.5,trend_residual_xgboost,179.3473357391357
IA_VAN_BUREN,2015,158.3,trend_residual_xgboost,160.84397967020664
IA_WAPELLO,2015,159.3,trend_residual_xgboost,160.4797021738688
IA_WARREN,2015,170.3,trend_residual_xgboost,143.2258121563139
IA_WASHINGTON,2015,195.0,trend_residual_xgboost,183.75515571230932
IA_WAYNE,2015,158.0,trend_residual_xgboost,121.76270401000973
IA_WEBSTER,2015,201.0,trend_residual_xgboost,175.54221323739912
IA_WINNESHIEK,2015,185.6,trend_residual_xgboost,187.74350398109075
IA_WOODBURY,2015,202.3,trend_residual_xgboost,184.233026380993
IA_WRIGHT,2015,198.4,trend_residual_xgboost,176.46257248742234
IL_ADAMS,2015,158.1,trend_residual_xgboost,154.12066025325228
IL_BOND,2015,159.9,trend_residual_xgboost,145.24174739025048
IL_BOONE,2015,201.1,trend_residual_xgboost,198.65785788957095
IL_BROWN,2015,157.2,trend_residual_xgboost,165.0294225674583
IL_BUREAU,2015,196.8,trend_residual_xgboost,200.22720263163245
IL_CALHOUN,2015,154.9,trend_residual_xgboost,182.21510825749684
IL_CARROLL,2015,204.2,trend_residual_xgboost,201.21603928157256
IL_CASS,2015,182.2,trend_residual_xgboost,198.0893128494989
IL_CHAMPAIGN,2015,189.4,trend_residual_xgboost,209.07946822030195
IL_CHRISTIAN,2015,189.7,trend_residual_xgboost,213.07072308858235
IL_CLARK,2015,164.7,trend_residual_xgboost,177.43773668639042
IL_CLAY,2015,131.2,trend_residual_xgboost,166.14025470475386
IL_CLINTON,2015,162.2,trend_residual_xgboost,154.60832934969946
IL_COLES,2015,188.5,trend_residual_xgboost,199.72496288117904
IL_CRAWFORD,2015,144.1,trend_residual_xgboost,160.13632796877909
IL_CUMBERLAND,2015,163.7,trend_residual_xgboost,181.56485689435684
IL_DE_WITT,2015,207.8,trend_residual_xgboost,218.58184498126687
IL_DOUGLAS,2015,209.1,trend_residual_xgboost,210.51502500261577
IL_EDGAR,2015,180.1,trend_residual_xgboost,203.14380532400943
IL_EFFINGHAM,2015,147.4,trend_residual_xgboost,177.67292319888165
IL_FAYETTE,2015,154.4,trend_residual_xgboost,160.73512084960933
IL_FORD,2015,160.8,trend_residual_xgboost,179.83070625305174
IL_FRANKLIN,2015,149.4,trend_residual_xgboost,138.45597606568109
IL_FULTON,2015,170.5,trend_residual_xgboost,192.35314112345375
IL_GALLATIN,2015,167.5,trend_residual_xgboost,162.27889301845002
IL_GREENE,2015,150.5,trend_residual_xgboost,179.87688507443383
IL_GRUNDY,2015,164.1,trend_residual_xgboost,196.2367882101876
IL_HANCOCK,2015,180.3,trend_residual_xgboost,192.80087110973545
IL_HENDERSON,2015,191.9,trend_residual_xgboost,205.9705571601504
IL_HENRY,2015,193.2,trend_residual_xgboost,197.0655700683594
IL_IROQUOIS,2015,123.3,trend_residual_xgboost,185.3595121801467
IL_JASPER,2015,155.1,trend_residual_xgboost,159.42477450416197
IL_JEFFERSON,2015,125.4,trend_residual_xgboost,156.38635615958148
IL_JERSEY,2015,159.0,trend_residual_xgboost,179.57337764739987
IL_JO_DAVIESS,2015,183.2,trend_residual_xgboost,174.62863840284805
IL_KANE,2015,184.0,trend_residual_xgboost,194.8470009413219
IL_KANKAKEE,2015,92.5,trend_residual_xgboost,184.5567685408819
IL_KNOX,2015,205.9,trend_residual_xgboost,209.31762491135368
IL_LAKE,2015,155.6,trend_residual_xgboost,161.70389475049595
IL_LAWRENCE,2015,160.1,trend_residual_xgboost,177.97863074377537
IL_LEE,2015,188.4,trend_residual_xgboost,181.70681909470326
IL_LIVINGSTON,2015,185.9,trend_residual_xgboost,198.24271248590378
IL_LOGAN,2015,172.8,trend_residual_xgboost,214.50580278305782
IL_MACON,2015,207.5,trend_residual_xgboost,214.70843744187124
IL_MACOUPIN,2015,152.5,trend_residual_xgboost,170.79780726841514
IL_MADISON,2015,169.8,trend_residual_xgboost,153.0954039037796
IL_MARION,2015,147.5,trend_residual_xgboost,147.72901618594216
IL_MARSHALL,2015,198.4,trend_residual_xgboost,206.47622742062524
IL_MASON,2015,161.5,trend_residual_xgboost,190.61705936976838
IL_MASSAC,2015,171.4,trend_residual_xgboost,167.87024326905546
IL_MCDONOUGH,2015,175.8,trend_residual_xgboost,205.42472840445382
IL_MCHENRY,2015,186.8,trend_residual_xgboost,181.79216664995457
IL_MCLEAN,2015,199.2,trend_residual_xgboost,210.27471056256968
IL_MENARD,2015,188.2,trend_residual_xgboost,203.17012742894636
IL_MERCER,2015,205.7,trend_residual_xgboost,202.05176672435942
IL_MONROE,2015,169.7,trend_residual_xgboost,143.8377127611069
IL_MONTGOMERY,2015,169.8,trend_residual_xgboost,178.4695993187314
IL_MORGAN,2015,180.0,trend_residual_xgboost,203.3610701969691
IL_MOULTRIE,2015,206.2,trend_residual_xgboost,211.41275851295103
IL_OGLE,2015,186.6,trend_residual_xgboost,193.30743002573647
IL_PEORIA,2015,185.9,trend_residual_xgboost,210.2914062754313
IL_PERRY,2015,144.7,trend_residual_xgboost,125.27523699624196
IL_PIATT,2015,220.5,trend_residual_xgboost,217.08525017874575
IL_PIKE,2015,133.9,trend_residual_xgboost,167.7585664821806
IL_POPE,2015,164.1,trend_residual_xgboost,131.1659732551331
IL_PULASKI,2015,152.2,trend_residual_xgboost,154.71897775332133
IL_PUTNAM,2015,186.3,trend_residual_xgboost,209.50183988584624
IL_RANDOLPH,2015,141.0,trend_residual_xgboost,135.4711237255074
IL_RICHLAND,2015,143.3,trend_residual_xgboost,144.65068327404202
IL_ROCK_ISLAND,2015,193.7,trend_residual_xgboost,206.00250241030764
IL_SALINE,2015,172.1,trend_residual_xgboost,156.6363061369033
IL_SANGAMON,2015,183.5,trend_residual_xgboost,214.7919989522298
IL_SCHUYLER,2015,159.5,trend_residual_xgboost,177.29329410008015
IL_SCOTT,2015,149.2,trend_residual_xgboost,179.45567667643226
IL_SHELBY,2015,175.6,trend_residual_xgboost,194.68191535223096
IL_STARK,2015,210.9,trend_residual_xgboost,207.97019790286106
IL_STEPHENSON,2015,192.5,trend_residual_xgboost,184.27161817187348
IL_TAZEWELL,2015,182.5,trend_residual_xgboost,213.9263512493315
IL_VERMILION,2015,168.0,trend_residual_xgboost,203.15659982953753
IL_WABASH,2015,159.8,trend_residual_xgboost,152.4591370600746
IL_WARREN,2015,202.0,trend_residual_xgboost,216.60445145743225
IL_WASHINGTON,2015,151.9,trend_residual_xgboost,147.87327893756688
IL_WHITE,2015,171.3,trend_residual_xgboost,169.74040268398466
IL_WHITESIDE,2015,184.0,trend_residual_xgboost,186.58002494812007
IL_WILL,2015,159.9,trend_residual_xgboost,177.8395138204665
IL_WILLIAMSON,2015,164.9,trend_residual_xgboost,149.09228138514922
IL_WINNEBAGO,2015,184.8,trend_residual_xgboost,180.99361034756612
IL_WOODFORD,2015,201.0,trend_residual_xgboost,208.68235722496394
IN_ADAMS,2015,103.5,trend_residual_xgboost,180.24236159188408
IN_ALLEN,2015,120.7,trend_residual_xgboost,179.91996301560172
IN_BARTHOLOMEW,2015,161.0,trend_residual_xgboost,179.01237253461562
IN_BENTON,2015,169.3,trend_residual_xgboost,198.075941456386
IN_BLACKFORD,2015,117.5,trend_residual_xgboost,177.60098872593468
IN_BOONE,2015,136.5,trend_residual_xgboost,194.415495387486
IN_CARROLL,2015,157.2,trend_residual_xgboost,203.31069573538636
IN_CASS,2015,129.4,trend_residual_xgboost,189.95208309355232
IN_CLARK,2015,162.1,trend_residual_xgboost,158.61630600338887
IN_CLAY,2015,165.5,trend_residual_xgboost,176.86690826416014
IN_CLINTON,2015,146.6,trend_residual_xgboost,212.21772102719254
IN_DAVIESS,2015,174.4,trend_residual_xgboost,181.95202741713751
IN_DEARBORN,2015,151.9,trend_residual_xgboost,165.34774582635788
IN_DECATUR,2015,177.9,trend_residual_xgboost,190.12834839230487
IN_DELAWARE,2015,130.1,trend_residual_xgboost,176.01152649652383
IN_DUBOIS,2015,165.8,trend_residual_xgboost,169.91479351770312
IN_ELKHART,2015,154.7,trend_residual_xgboost,163.32071076476063
IN_FAYETTE,2015,181.5,trend_residual_xgboost,177.0478897022065
IN_FLOYD,2015,158.1,trend_residual_xgboost,126.72352916717531
IN_FOUNTAIN,2015,169.4,trend_residual_xgboost,202.03889275323777
IN_FRANKLIN,2015,182.4,trend_residual_xgboost,188.17881541297544
IN_FULTON,2015,142.1,trend_residual_xgboost,187.96743405841642
IN_GIBSON,2015,177.1,trend_residual_xgboost,165.66278471075975
IN_GRANT,2015,135.1,trend_residual_xgboost,199.74264774612453
IN_HAMILTON,2015,145.4,trend_residual_xgboost,193.18527111598422
IN_HANCOCK,2015,149.9,trend_residual_xgboost,184.55779065450028
IN_HARRISON,2015,173.1,trend_residual_xgboost,153.02025562104723
IN_HENDRICKS,2015,149.7,trend_residual_xgboost,182.97504318600608
IN_HENRY,2015,158.0,trend_residual_xgboost,184.96013822521675
IN_HOWARD,2015,160.4,trend_residual_xgboost,204.93696887992533
IN_HUNTINGTON,2015,123.1,trend_residual_xgboost,187.24923616318475
IN_JACKSON,2015,151.6,trend_residual_xgboost,160.766585261027
IN_JASPER,2015,98.3,trend_residual_xgboost,189.02875748225617
IN_JAY,2015,108.3,trend_residual_xgboost,168.82167687004136
IN_JEFFERSON,2015,151.8,trend_residual_xgboost,168.42195223122152
IN_JENNINGS,2015,160.3,trend_residual_xgboost,168.93470358349026
IN_JOHNSON,2015,152.0,trend_residual_xgboost,172.25113601321263
IN_KNOX,2015,164.5,trend_residual_xgboost,171.22127918740983
IN_KOSCIUSKO,2015,170.9,trend_residual_xgboost,175.56774288722443
IN_LAGRANGE,2015,150.0,trend_residual_xgboost,146.0602403404599
IN_LAKE,2015,142.0,trend_residual_xgboost,176.08792106174286
IN_LAWRENCE,2015,178.4,trend_residual_xgboost,165.36027085072894
IN_MADISON,2015,136.3,trend_residual_xgboost,192.85990777515227
IN_MARION,2015,167.8,trend_residual_xgboost,194.41412712728635
IN_MARSHALL,2015,143.7,trend_residual_xgboost,173.60356824965706
IN_MARTIN,2015,149.4,trend_residual_xgboost,162.26335778185592
IN_MIAMI,2015,138.6,trend_residual_xgboost,182.78103667486278
IN_MONROE,2015,158.8,trend_residual_xgboost,169.89673800877156
IN_MONTGOMERY,2015,176.5,trend_residual_xgboost,205.38219136555983
IN_MORGAN,2015,155.4,trend_residual_xgboost,172.11930954342793
IN_NEWTON,2015,110.9,trend_residual_xgboost,194.4400525919596
IN_NOBLE,2015,163.1,trend_residual_xgboost,162.9937153189523
IN_ORANGE,2015,190.5,trend_residual_xgboost,171.08236537388396
IN_OWEN,2015,164.1,trend_residual_xgboost,141.01055806841168
IN_PARKE,2015,160.8,trend_residual_xgboost,174.16225380530727
IN_PORTER,2015,151.5,trend_residual_xgboost,184.9444840785435
IN_POSEY,2015,190.3,trend_residual_xgboost,164.40371416455224
IN_PULASKI,2015,109.7,trend_residual_xgboost,174.72437959943497
IN_PUTNAM,2015,149.6,trend_residual_xgboost,185.51081198556076
IN_RANDOLPH,2015,144.8,trend_residual_xgboost,178.6079992893764
IN_RIPLEY,2015,158.7,trend_residual_xgboost,176.17719411214193
IN_RUSH,2015,169.7,trend_residual_xgboost,187.691826168242
IN_SCOTT,2015,167.8,trend_residual_xgboost,171.5279739924839
IN_SHELBY,2015,157.2,trend_residual_xgboost,174.9934875996907
IN_SPENCER,2015,163.7,trend_residual_xgboost,159.99017664863942
IN_ST._JOSEPH,2015,151.5,trend_residual_xgboost,164.76572285152616
IN_STARKE,2015,97.6,trend_residual_xgboost,158.73862043834865
IN_SULLIVAN,2015,163.0,trend_residual_xgboost,209.16956577762807
IN_TIPPECANOE,2015,147.9,trend_residual_xgboost,200.5092945207868
IN_TIPTON,2015,173.4,trend_residual_xgboost,213.96993102300735
IN_UNION,2015,174.0,trend_residual_xgboost,201.33380570547916
IN_VANDERBURGH,2015,166.4,trend_residual_xgboost,154.09290327526267
IN_VERMILLION,2015,156.3,trend_residual_xgboost,199.70827527364088
IN_VIGO,2015,164.0,trend_residual_xgboost,163.4292523880843
IN_WABASH,2015,135.3,trend_residual_xgboost,185.07256384808093
IN_WARREN,2015,178.7,trend_residual_xgboost,204.8293054889497
IN_WARRICK,2015,151.9,trend_residual_xgboost,155.05795713969638
IN_WASHINGTON,2015,156.0,trend_residual_xgboost,162.76928972516737
IN_WAYNE,2015,161.2,trend_residual_xgboost,177.43059721083867
IN_WELLS,2015,112.5,trend_residual_xgboost,183.91026193426902
IN_WHITE,2015,128.0,trend_residual_xgboost,196.10621296110605
IN_WHITLEY,2015,138.8,trend_residual_xgboost,169.77350295293894
MI_ALLEGAN,2015,156.3,trend_residual_xgboost,164.50385147786406
MI_BARRY,2015,157.4,trend_residual_xgboost,157.4112926296961
MI_BRANCH,2015,172.2,trend_residual_xgboost,155.07807010196498
MI_CALHOUN,2015,144.4,trend_residual_xgboost,147.52300518626257
MI_CASS,2015,159.3,trend_residual_xgboost,175.2674089781443
MI_CLINTON,2015,171.7,trend_residual_xgboost,164.48529758544194
MI_EATON,2015,163.2,trend_residual_xgboost,165.54137402579897
MI_GENESEE,2015,165.5,trend_residual_xgboost,154.30059606915427
MI_GRATIOT,2015,170.8,trend_residual_xgboost,166.9771902860914
MI_HILLSDALE,2015,155.9,trend_residual_xgboost,157.0806026622227
MI_HURON,2015,198.8,trend_residual_xgboost,182.90534617355885
MI_INGHAM,2015,171.9,trend_residual_xgboost,166.171844795772
MI_IONIA,2015,183.3,trend_residual_xgboost,168.7904276738848
MI_JACKSON,2015,141.1,trend_residual_xgboost,145.02689354397003
MI_KALAMAZOO,2015,143.8,trend_residual_xgboost,176.81202432382676
MI_KENT,2015,170.6,trend_residual_xgboost,159.63130159832178
MI_LAPEER,2015,174.3,trend_residual_xgboost,157.98361644676746
MI_LENAWEE,2015,161.1,trend_residual_xgboost,164.8820559551602
MI_LIVINGSTON,2015,161.1,trend_residual_xgboost,161.93024812880017
MI_MACOMB,2015,154.4,trend_residual_xgboost,170.58295130661554
MI_MIDLAND,2015,159.5,trend_residual_xgboost,171.42081758658094
MI_MONROE,2015,150.3,trend_residual_xgboost,157.84368318875627
MI_MONTCALM,2015,159.3,trend_residual_xgboost,155.57730363437105
MI_MUSKEGON,2015,144.4,trend_residual_xgboost,151.74120292756382
MI_NEWAYGO,2015,139.3,trend_residual_xgboost,135.52135830515903
MI_OAKLAND,2015,145.0,trend_residual_xgboost,149.4030050508438
MI_OCEANA,2015,123.0,trend_residual_xgboost,138.4219419707714
MI_OTTAWA,2015,155.6,trend_residual_xgboost,153.59713955924622
MI_SAGINAW,2015,169.3,trend_residual_xgboost,171.3230378137316
MI_SANILAC,2015,183.7,trend_residual_xgboost,177.9896618433793
MI_SHIAWASSEE,2015,176.3,trend_residual_xgboost,164.50137830734252
MI_TUSCOLA,2015,192.0,trend_residual_xgboost,178.7891557700293
MI_WASHTENAW,2015,147.6,trend_residual_xgboost,151.22413249878653
MI_WAYNE,2015,130.0,trend_residual_xgboost,135.71980835964175
MN_BLUE_EARTH,2015,201.4,trend_residual_xgboost,188.75894316355385
MN_BROWN,2015,189.0,trend_residual_xgboost,179.8480910669054
MN_CHIPPEWA,2015,193.5,trend_residual_xgboost,172.9718554317383
MN_FILLMORE,2015,192.0,trend_residual_xgboost,191.02510192507782
MN_GOODHUE,2015,202.4,trend_residual_xgboost,199.36533991768243
MN_HOUSTON,2015,185.3,trend_residual_xgboost,181.7690048690069
MN_MARTIN,2015,203.4,trend_residual_xgboost,193.94809207008
MN_MURRAY,2015,199.5,trend_residual_xgboost,179.1417480510757
MN_NICOLLET,2015,206.8,trend_residual_xgboost,175.48622814269294
MN_NOBLES,2015,193.5,trend_residual_xgboost,180.06583792229492
MN_PIPESTONE,2015,191.9,trend_residual_xgboost,168.1493298921131
MN_REDWOOD,2015,197.6,trend_residual_xgboost,175.95631169478094
MN_RENVILLE,2015,190.8,trend_residual_xgboost,173.20863135247004
MN_ROCK,2015,198.8,trend_residual_xgboost,183.2191256336938
MN_WABASHA,2015,188.5,trend_residual_xgboost,194.82193909508845
MN_WINONA,2015,186.5,trend_residual_xgboost,190.2818904531569
MN_YELLOW_MEDICINE,2015,187.3,trend_residual_xgboost,165.41913002868492
MO_ADAIR,2015,128.5,trend_residual_xgboost,132.88405987330844
MO_AUDRAIN,2015,109.4,trend_residual_xgboost,131.6362553914388
MO_BARTON,2015,148.7,trend_residual_xgboost,106.66703788813754
MO_BOLLINGER,2015,146.2,trend_residual_xgboost,131.97201958774207
MO_BOONE,2015,125.0,trend_residual_xgboost,130.55074881235754
MO_BUCHANAN,2015,141.2,trend_residual_xgboost,144.42778916023593
MO_CALDWELL,2015,132.8,trend_residual_xgboost,115.28063943613145
MO_CAPE_GIRARDEAU,2015,158.7,trend_residual_xgboost,137.02157439992538
MO_CARROLL,2015,132.7,trend_residual_xgboost,125.2709115583818
MO_CASS,2015,140.7,trend_residual_xgboost,117.39892628351845
MO_CEDAR,2015,98.2,trend_residual_xgboost,100.87069456261862
MO_CHARITON,2015,139.5,trend_residual_xgboost,132.8018714341663
MO_CLAY,2015,122.5,trend_residual_xgboost,147.08593414579119
MO_CLINTON,2015,127.1,trend_residual_xgboost,140.88800453844522
MO_COLE,2015,123.1,trend_residual_xgboost,155.26709435417538
MO_DADE,2015,118.5,trend_residual_xgboost,109.59710507529124
MO_DUNKLIN,2015,179.0,trend_residual_xgboost,167.303103023121
MO_FRANKLIN,2015,138.6,trend_residual_xgboost,143.4067215419951
MO_GASCONADE,2015,87.7,trend_residual_xgboost,127.56879592441375
MO_JASPER,2015,130.8,trend_residual_xgboost,63.30537877397221
MO_JEFFERSON,2015,135.0,trend_residual_xgboost,124.08558640252976
MO_JOHNSON,2015,138.2,trend_residual_xgboost,132.80947941462193
MO_LAFAYETTE,2015,156.4,trend_residual_xgboost,165.59329652877082
MO_LAWRENCE,2015,142.9,trend_residual_xgboost,109.14750779027526
MO_LEWIS,2015,118.5,trend_residual_xgboost,123.64673108055477
MO_LIVINGSTON,2015,140.3,trend_residual_xgboost,103.97113589381122
MO_MISSISSIPPI,2015,194.8,trend_residual_xgboost,165.09621294294087
MO_MONROE,2015,140.5,trend_residual_xgboost,121.29358968280609
MO_MORGAN,2015,136.9,trend_residual_xgboost,116.5621975308373
MO_NODAWAY,2015,137.5,trend_residual_xgboost,147.67776115871615
MO_PERRY,2015,160.9,trend_residual_xgboost,142.89135955810542
MO_PETTIS,2015,107.5,trend_residual_xgboost,128.27328726178123
MO_PIKE,2015,96.3,trend_residual_xgboost,151.97718264261877
MO_PLATTE,2015,135.7,trend_residual_xgboost,129.3435650855768
MO_PUTNAM,2015,141.4,trend_residual_xgboost,111.05025108253562
MO_RALLS,2015,111.4,trend_residual_xgboost,123.24446389711821
MO_RANDOLPH,2015,148.5,trend_residual_xgboost,126.66253525443705
MO_SALINE,2015,163.5,trend_residual_xgboost,160.56596236274353
MO_SCOTT,2015,177.3,trend_residual_xgboost,154.379040820782
MO_SULLIVAN,2015,120.9,trend_residual_xgboost,123.30325057620094
MO_VERNON,2015,122.5,trend_residual_xgboost,98.28123436557237
MO_WAYNE,2015,120.0,trend_residual_xgboost,74.71150482737505
MO_WORTH,2015,126.2,trend_residual_xgboost,129.61118928182697
OH_ADAMS,2015,146.2,trend_residual_xgboost,152.52506230672202
OH_ALLEN,2015,116.7,trend_residual_xgboost,179.26688050769624
OH_ASHTABULA,2015,114.6,trend_residual_xgboost,154.0892292749314
OH_AUGLAIZE,2015,126.8,trend_residual_xgboost,177.86764664059586
OH_BELMONT,2015,100.0,trend_residual_xgboost,142.2729158523235
OH_BROWN,2015,182.9,trend_residual_xgboost,181.80491601126533
OH_BUTLER,2015,157.7,trend_residual_xgboost,170.96057362147738
OH_CHAMPAIGN,2015,179.9,trend_residual_xgboost,193.4745553189232
OH_CLARK,2015,177.5,trend_residual_xgboost,204.34493202209475
OH_CLERMONT,2015,175.0,trend_residual_xgboost,185.8975837224474
OH_CLINTON,2015,184.4,trend_residual_xgboost,204.57003096444265
OH_COLUMBIANA,2015,136.0,trend_residual_xgboost,181.35220619201655
OH_COSHOCTON,2015,138.3,trend_residual_xgboost,182.81209630330406
OH_CRAWFORD,2015,174.0,trend_residual_xgboost,194.98783309573219
OH_DARKE,2015,172.5,trend_residual_xgboost,177.56679983593168
OH_DEFIANCE,2015,131.6,trend_residual_xgboost,160.21997295197983
OH_DELAWARE,2015,140.2,trend_residual_xgboost,189.22148950122644
OH_FAIRFIELD,2015,170.3,trend_residual_xgboost,188.68730868021646
OH_FAYETTE,2015,178.0,trend_residual_xgboost,197.71602895322064
OH_FRANKLIN,2015,159.4,trend_residual_xgboost,201.45420695933296
OH_FULTON,2015,161.3,trend_residual_xgboost,178.92432740529378
OH_GREENE,2015,187.0,trend_residual_xgboost,211.12722036089215
OH_GUERNSEY,2015,157.1,trend_residual_xgboost,172.2979915943047
OH_HAMILTON,2015,174.3,trend_residual_xgboost,180.68894157499955
OH_HANCOCK,2015,141.2,trend_residual_xgboost,190.725546068464
OH_HARDIN,2015,121.4,trend_residual_xgboost,186.3150155566987
OH_HARRISON,2015,121.9,trend_residual_xgboost,168.31099634047894
OH_HENRY,2015,161.5,trend_residual_xgboost,180.13475774674185
OH_HIGHLAND,2015,178.6,trend_residual_xgboost,189.76052725292382
OH_HOCKING,2015,170.4,trend_residual_xgboost,172.91793740544298
OH_HOLMES,2015,138.7,trend_residual_xgboost,181.60289022536506
OH_HURON,2015,160.2,trend_residual_xgboost,185.86047572907952
OH_KNOX,2015,147.9,trend_residual_xgboost,180.6837379346575
OH_LICKING,2015,156.4,trend_residual_xgboost,181.9031941986084
OH_LOGAN,2015,142.1,trend_residual_xgboost,186.3426762172154
OH_LORAIN,2015,146.5,trend_residual_xgboost,173.3685608727591
OH_LUCAS,2015,159.1,trend_residual_xgboost,176.38089272635318
OH_MADISON,2015,164.5,trend_residual_xgboost,200.18019857497438
OH_MAHONING,2015,125.0,trend_residual_xgboost,173.06671444120863
OH_MARION,2015,164.2,trend_residual_xgboost,189.42656717209587
OH_MEDINA,2015,131.2,trend_residual_xgboost,172.57554261707125
OH_MERCER,2015,117.0,trend_residual_xgboost,179.39874518621536
OH_MIAMI,2015,176.8,trend_residual_xgboost,187.35581992013113
OH_MONTGOMERY,2015,157.5,trend_residual_xgboost,173.06806528363907
OH_MORGAN,2015,132.7,trend_residual_xgboost,162.43094962710427
OH_MORROW,2015,130.9,trend_residual_xgboost,182.41774138677684
OH_MUSKINGUM,2015,158.8,trend_residual_xgboost,185.67066895984465
OH_NOBLE,2015,140.0,trend_residual_xgboost,166.32726817687862
OH_OTTAWA,2015,125.8,trend_residual_xgboost,176.63046106247674
OH_PAULDING,2015,123.2,trend_residual_xgboost,171.39816185724166
OH_PICKAWAY,2015,174.4,trend_residual_xgboost,185.00778341384157
OH_PIKE,2015,172.2,trend_residual_xgboost,191.37986056414837
OH_PORTAGE,2015,110.5,trend_residual_xgboost,162.39562057831128
OH_PREBLE,2015,155.3,trend_residual_xgboost,175.7641171627953
OH_PUTNAM,2015,126.4,trend_residual_xgboost,186.74254927135644
OH_RICHLAND,2015,155.5,trend_residual_xgboost,178.36278226943242
OH_ROSS,2015,186.5,trend_residual_xgboost,194.59266265610887
OH_SANDUSKY,2015,167.2,trend_residual_xgboost,186.1324525996617
OH_SENECA,2015,167.6,trend_residual_xgboost,175.87092240469798
OH_SHELBY,2015,148.6,trend_residual_xgboost,185.97313169570194
OH_STARK,2015,127.4,trend_residual_xgboost,178.19652847876918
OH_TRUMBULL,2015,118.8,trend_residual_xgboost,175.36191304524743
OH_TUSCARAWAS,2015,138.3,trend_residual_xgboost,182.51921890985398
OH_UNION,2015,158.7,trend_residual_xgboost,193.66521037147152
OH_VAN_WERT,2015,102.8,trend_residual_xgboost,180.26756869724818
OH_WARREN,2015,185.4,trend_residual_xgboost,197.06144066220241
OH_WAYNE,2015,129.8,trend_residual_xgboost,180.28204482305614
OH_WILLIAMS,2015,165.9,trend_residual_xgboost,161.92979671841573
OH_WOOD,2015,143.2,trend_residual_xgboost,188.15952582041422
OH_WYANDOT,2015,147.9,trend_residual_xgboost,187.68159115019296
WI_ADAMS,2015,130.3,trend_residual_xgboost,145.63266355332877
WI_BUFFALO,2015,159.9,trend_residual_xgboost,161.295947425479
WI_COLUMBIA,2015,179.8,trend_residual_xgboost,163.0754169291542
WI_CRAWFORD,2015,146.5,trend_residual_xgboost,155.6992441250029
WI_DANE,2015,183.7,trend_residual_xgboost,173.28663126173475
WI_DODGE,2015,181.3,trend_residual_xgboost,172.69997423535293
WI_DUNN,2015,160.2,trend_residual_xgboost,148.1013329651242
WI_EAU_CLAIRE,2015,158.1,trend_residual_xgboost,150.65750494094124
WI_FOND_DU_LAC,2015,178.5,trend_residual_xgboost,171.61354925609766
WI_GRANT,2015,178.9,trend_residual_xgboost,173.42439897809703
WI_GREEN,2015,170.8,trend_residual_xgboost,164.5662829744248
WI_GREEN_LAKE,2015,179.7,trend_residual_xgboost,158.9528515961057
WI_IOWA,2015,160.3,trend_residual_xgboost,176.23568585713704
WI_JACKSON,2015,146.2,trend_residual_xgboost,148.20411477225161
WI_JEFFERSON,2015,170.1,trend_residual_xgboost,167.24163649695262
WI_JUNEAU,2015,158.3,trend_residual_xgboost,143.00888247081215
WI_KENOSHA,2015,179.5,trend_residual_xgboost,176.67664365586776
WI_LAFAYETTE,2015,194.2,trend_residual_xgboost,165.42974457422883
WI_LANGLADE,2015,132.5,trend_residual_xgboost,104.56329582807967
WI_LA_CROSSE,2015,160.4,trend_residual_xgboost,168.09386399042035
WI_MARINETTE,2015,130.6,trend_residual_xgboost,128.9633279179391
WI_MARQUETTE,2015,128.4,trend_residual_xgboost,127.85313516798472
WI_MONROE,2015,157.9,trend_residual_xgboost,146.89676835196357
WI_OCONTO,2015,133.1,trend_residual_xgboost,141.57520230906349
WI_OUTAGAMIE,2015,157.7,trend_residual_xgboost,153.73921361469087
WI_PEPIN,2015,163.3,trend_residual_xgboost,158.66716131936934
WI_PORTAGE,2015,149.4,trend_residual_xgboost,152.70416317621866
WI_RACINE,2015,180.9,trend_residual_xgboost,171.55197896594092
WI_RICHLAND,2015,143.1,trend_residual_xgboost,151.21610093797955
WI_ROCK,2015,177.1,trend_residual_xgboost,174.10096336637218
WI_SAUK,2015,165.3,trend_residual_xgboost,155.52187741143362
WI_SHEBOYGAN,2015,158.3,trend_residual_xgboost,151.74523049536202
WI_TREMPEALEAU,2015,157.7,trend_residual_xgboost,152.5275239780971
WI_VERNON,2015,152.6,trend_residual_xgboost,158.3103582672845
WI_WALWORTH,2015,180.8,trend_residual_xgboost,176.90176645369758
WI_WASHINGTON,2015,169.4,trend_residual_xgboost,148.7704352542332
WI_WAUKESHA,2015,165.8,trend_residual_xgboost,157.17211759567257
WI_WAUSHARA,2015,162.4,trend_residual_xgboost,167.08448874973112
